ISO-10303-21;
HEADER;
FILE_DESCRIPTION(('KiCad electronic assembly'),'2;1');
FILE_NAME('Mini pocket thing pcb.step','2026-05-16T21:03:03',('Pcbnew'),
  ('Kicad'),'Open CASCADE STEP processor 7.9','KiCad to STEP converter',
  'Unknown');
FILE_SCHEMA(('AUTOMOTIVE_DESIGN { 1 0 10303 214 1 1 1 1 }'));
ENDSEC;
DATA;
#1 = APPLICATION_PROTOCOL_DEFINITION('international standard',
  'automotive_design',2000,#2);
#2 = APPLICATION_CONTEXT(
  'core data for automotive mechanical design processes');
#3 = SHAPE_DEFINITION_REPRESENTATION(#4,#10);
#4 = PRODUCT_DEFINITION_SHAPE('','',#5);
#5 = PRODUCT_DEFINITION('design','',#6,#9);
#6 = PRODUCT_DEFINITION_FORMATION('','',#7);
#7 = PRODUCT('Mini pocket thing pcb 1','Mini pocket thing pcb 1','',(#8)
  );
#8 = PRODUCT_CONTEXT('',#2,'mechanical');
#9 = PRODUCT_DEFINITION_CONTEXT('part definition',#2,'design');
#10 = SHAPE_REPRESENTATION('',(#11,#15,#19,#23),#27);
#11 = AXIS2_PLACEMENT_3D('',#12,#13,#14);
#12 = CARTESIAN_POINT('',(0.,0.,0.));
#13 = DIRECTION('',(0.,0.,1.));
#14 = DIRECTION('',(1.,0.,-0.));
#15 = AXIS2_PLACEMENT_3D('',#16,#17,#18);
#16 = CARTESIAN_POINT('',(159.11,-80.87,1.595));
#17 = DIRECTION('',(0.,0.,1.));
#18 = DIRECTION('',(1.,0.,0.));
#19 = AXIS2_PLACEMENT_3D('',#20,#21,#22);
#20 = CARTESIAN_POINT('',(181.19,-59.77,1.595));
#21 = DIRECTION('',(0.,-0.,1.));
#22 = DIRECTION('',(1.110223024625E-16,1.,0.));
#23 = AXIS2_PLACEMENT_3D('',#24,#25,#26);
#24 = CARTESIAN_POINT('',(0.,0.,0.));
#25 = DIRECTION('',(0.,0.,1.));
#26 = DIRECTION('',(1.,0.,-0.));
#27 = ( GEOMETRIC_REPRESENTATION_CONTEXT(3) 
GLOBAL_UNCERTAINTY_ASSIGNED_CONTEXT((#31)) GLOBAL_UNIT_ASSIGNED_CONTEXT(
(#28,#29,#30)) REPRESENTATION_CONTEXT('Context #1',
  '3D Context with UNIT and UNCERTAINTY') );
#28 = ( LENGTH_UNIT() NAMED_UNIT(*) SI_UNIT(.MILLI.,.METRE.) );
#29 = ( NAMED_UNIT(*) PLANE_ANGLE_UNIT() SI_UNIT($,.RADIAN.) );
#30 = ( NAMED_UNIT(*) SI_UNIT($,.STERADIAN.) SOLID_ANGLE_UNIT() );
#31 = UNCERTAINTY_MEASURE_WITH_UNIT(LENGTH_MEASURE(1.E-07),#28,
  'distance_accuracy_value','confusion accuracy');
#32 = PRODUCT_RELATED_PRODUCT_CATEGORY('part',$,(#7));
#33 = SHAPE_DEFINITION_REPRESENTATION(#34,#40);
#34 = PRODUCT_DEFINITION_SHAPE('','',#35);
#35 = PRODUCT_DEFINITION('design','',#36,#39);
#36 = PRODUCT_DEFINITION_FORMATION('','',#37);
#37 = PRODUCT('R_Axial_DIN0207_L6.3mm_D2.5mm_P7.62mm_Horizontal',
  'R_Axial_DIN0207_L6.3mm_D2.5mm_P7.62mm_Horizontal','',(#38));
#38 = PRODUCT_CONTEXT('',#2,'mechanical');
#39 = PRODUCT_DEFINITION_CONTEXT('part definition',#2,'design');
#40 = ADVANCED_BREP_SHAPE_REPRESENTATION('',(#11,#41),#704);
#41 = MANIFOLD_SOLID_BREP('',#42);
#42 = CLOSED_SHELL('',(#43,#76,#102,#122,#305,#330,#356,#376,#401,#426,
    #435,#461,#644,#670,#695));
#43 = ADVANCED_FACE('',(#44),#71,.T.);
#44 = FACE_BOUND('',#45,.T.);
#45 = EDGE_LOOP('',(#46,#55,#63,#70));
#46 = ORIENTED_EDGE('',*,*,#47,.T.);
#47 = EDGE_CURVE('',#48,#48,#50,.T.);
#48 = VERTEX_POINT('',#49);
#49 = CARTESIAN_POINT('',(1.285,1.25,1.25));
#50 = CIRCLE('',#51,1.25);
#51 = AXIS2_PLACEMENT_3D('',#52,#53,#54);
#52 = CARTESIAN_POINT('',(1.285,0.,1.25));
#53 = DIRECTION('',(1.,0.,0.));
#54 = DIRECTION('',(-0.,1.,0.));
#55 = ORIENTED_EDGE('',*,*,#56,.T.);
#56 = EDGE_CURVE('',#48,#57,#59,.T.);
#57 = VERTEX_POINT('',#58);
#58 = CARTESIAN_POINT('',(2.235,1.25,1.25));
#59 = LINE('',#60,#61);
#60 = CARTESIAN_POINT('',(0.66,1.25,1.25));
#61 = VECTOR('',#62,1.);
#62 = DIRECTION('',(1.,0.,0.));
#63 = ORIENTED_EDGE('',*,*,#64,.F.);
#64 = EDGE_CURVE('',#57,#57,#65,.T.);
#65 = CIRCLE('',#66,1.25);
#66 = AXIS2_PLACEMENT_3D('',#67,#68,#69);
#67 = CARTESIAN_POINT('',(2.235,0.,1.25));
#68 = DIRECTION('',(1.,0.,0.));
#69 = DIRECTION('',(-0.,1.,0.));
#70 = ORIENTED_EDGE('',*,*,#56,.F.);
#71 = CYLINDRICAL_SURFACE('',#72,1.25);
#72 = AXIS2_PLACEMENT_3D('',#73,#74,#75);
#73 = CARTESIAN_POINT('',(0.66,0.,1.25));
#74 = DIRECTION('',(-1.,-0.,-0.));
#75 = DIRECTION('',(0.,1.,0.));
#76 = ADVANCED_FACE('',(#77),#97,.T.);
#77 = FACE_BOUND('',#78,.T.);
#78 = EDGE_LOOP('',(#79,#88,#95,#96));
#79 = ORIENTED_EDGE('',*,*,#80,.T.);
#80 = EDGE_CURVE('',#81,#81,#83,.T.);
#81 = VERTEX_POINT('',#82);
#82 = CARTESIAN_POINT('',(0.66,0.625,1.25));
#83 = CIRCLE('',#84,0.625);
#84 = AXIS2_PLACEMENT_3D('',#85,#86,#87);
#85 = CARTESIAN_POINT('',(0.66,0.,1.25));
#86 = DIRECTION('',(1.,0.,0.));
#87 = DIRECTION('',(-0.,1.,0.));
#88 = ORIENTED_EDGE('',*,*,#89,.F.);
#89 = EDGE_CURVE('',#48,#81,#90,.T.);
#90 = CIRCLE('',#91,0.625);
#91 = AXIS2_PLACEMENT_3D('',#92,#93,#94);
#92 = CARTESIAN_POINT('',(1.285,0.625,1.25));
#93 = DIRECTION('',(0.,-0.,1.));
#94 = DIRECTION('',(0.,1.,0.));
#95 = ORIENTED_EDGE('',*,*,#47,.F.);
#96 = ORIENTED_EDGE('',*,*,#89,.T.);
#97 = TOROIDAL_SURFACE('',#98,0.625,0.625);
#98 = AXIS2_PLACEMENT_3D('',#99,#100,#101);
#99 = CARTESIAN_POINT('',(1.285,0.,1.25));
#100 = DIRECTION('',(-1.,0.,0.));
#101 = DIRECTION('',(0.,1.,0.));
#102 = ADVANCED_FACE('',(#103,#106),#117,.F.);
#103 = FACE_BOUND('',#104,.F.);
#104 = EDGE_LOOP('',(#105));
#105 = ORIENTED_EDGE('',*,*,#64,.F.);
#106 = FACE_BOUND('',#107,.F.);
#107 = EDGE_LOOP('',(#108));
#108 = ORIENTED_EDGE('',*,*,#109,.F.);
#109 = EDGE_CURVE('',#110,#110,#112,.T.);
#110 = VERTEX_POINT('',#111);
#111 = CARTESIAN_POINT('',(2.235,1.125,1.25));
#112 = CIRCLE('',#113,1.125);
#113 = AXIS2_PLACEMENT_3D('',#114,#115,#116);
#114 = CARTESIAN_POINT('',(2.235,0.,1.25));
#115 = DIRECTION('',(-1.,0.,0.));
#116 = DIRECTION('',(0.,1.,0.));
#117 = PLANE('',#118);
#118 = AXIS2_PLACEMENT_3D('',#119,#120,#121);
#119 = CARTESIAN_POINT('',(2.235,1.25,1.25));
#120 = DIRECTION('',(-1.,0.,0.));
#121 = DIRECTION('',(0.,0.,-1.));
#122 = ADVANCED_FACE('',(#123,#126),#300,.T.);
#123 = FACE_BOUND('',#124,.T.);
#124 = EDGE_LOOP('',(#125));
#125 = ORIENTED_EDGE('',*,*,#80,.F.);
#126 = FACE_BOUND('',#127,.T.);
#127 = EDGE_LOOP('',(#128));
#128 = ORIENTED_EDGE('',*,*,#129,.F.);
#129 = EDGE_CURVE('',#130,#130,#132,.T.);
#130 = VERTEX_POINT('',#131);
#131 = CARTESIAN_POINT('',(0.66,1.102182119233E-16,0.899909083395));
#132 = B_SPLINE_CURVE_WITH_KNOTS('',6,(#133,#134,#135,#136,#137,#138,
    #139,#140,#141,#142,#143,#144,#145,#146,#147,#148,#149,#150,#151,
    #152,#153,#154,#155,#156,#157,#158,#159,#160,#161,#162,#163,#164,
    #165,#166,#167,#168,#169,#170,#171,#172,#173,#174,#175,#176,#177,
    #178,#179,#180,#181,#182,#183,#184,#185,#186,#187,#188,#189,#190,
    #191,#192,#193,#194,#195,#196,#197,#198,#199,#200,#201,#202,#203,
    #204,#205,#206,#207,#208,#209,#210,#211,#212,#213,#214,#215,#216,
    #217,#218,#219,#220,#221,#222,#223,#224,#225,#226,#227,#228,#229,
    #230,#231,#232,#233,#234,#235,#236,#237,#238,#239,#240,#241,#242,
    #243,#244,#245,#246,#247,#248,#249,#250,#251,#252,#253,#254,#255,
    #256,#257,#258,#259,#260,#261,#262,#263,#264,#265,#266,#267,#268,
    #269,#270,#271,#272,#273,#274,#275,#276,#277,#278,#279,#280,#281,
    #282,#283,#284,#285,#286,#287,#288,#289,#290,#291,#292,#293,#294,
    #295,#296,#297,#298,#299),.UNSPECIFIED.,.T.,.F.,(1,6,5,5,5,5,5,5,5,5
    ,5,5,5,5,5,5,5,5,5,5,5,5,5,5,5,5,5,5,5,5,5,5,5,5,6,1),(
    -3.7441643477E-02,0.,2.521870323933E-02,5.431496394384E-02,
    8.648919549843E-02,0.120700162351,0.155854554579,0.191019956077,
    0.22552099352,0.258944151729,0.291091798271,0.321919308947,
    0.351475044446,0.379851974729,0.407153625953,0.43347490921,
    0.458900868731,0.483545347382,0.505902822615,0.530283950565,
    0.555351989471,0.581274789002,0.608140584187,0.636038742308,
    0.665070462617,0.695336577837,0.72690990423,0.759792997252,
    0.79386262098,0.828806470397,0.864066503475,0.898816439436,
    0.932013287381,0.962558356523,1.,1.025218703239),.UNSPECIFIED.);
#133 = CARTESIAN_POINT('',(0.66,0.,0.899909083395));
#134 = CARTESIAN_POINT('',(0.66,-9.861963323296E-03,0.899909084471));
#135 = CARTESIAN_POINT('',(0.66,-1.960383099012E-02,0.900333558971));
#136 = CARTESIAN_POINT('',(0.66,-2.90667633729E-02,0.901163095205));
#137 = CARTESIAN_POINT('',(0.66,-3.818473840012E-02,0.902336888075));
#138 = CARTESIAN_POINT('',(0.66,-4.697555886318E-02,0.903805406252));
#139 = CARTESIAN_POINT('',(0.66,-6.541217845247E-02,0.907588617289));
#140 = CARTESIAN_POINT('',(0.66,-7.491989955217E-02,0.909985996381));
#141 = CARTESIAN_POINT('',(0.66,-8.408858685729E-02,0.912709602459));
#142 = CARTESIAN_POINT('',(0.66,-9.29431150905E-02,0.915726339128));
#143 = CARTESIAN_POINT('',(0.66,-0.101504886237,0.919011492948));
#144 = CARTESIAN_POINT('',(0.66,-0.118958160976,0.926453793498));
#145 = CARTESIAN_POINT('',(0.66,-0.127787740677,0.930666021227));
#146 = CARTESIAN_POINT('',(0.66,-0.136306213845,0.935155972835));
#147 = CARTESIAN_POINT('',(0.66,-0.144532125259,0.939904061777));
#148 = CARTESIAN_POINT('',(0.66,-0.152479834979,0.944895594586));
#149 = CARTESIAN_POINT('',(0.66,-0.168328675181,0.955672717204));
#150 = CARTESIAN_POINT('',(0.66,-0.176194628708,0.961488338811));
#151 = CARTESIAN_POINT('',(0.66,-0.183772627725,0.967551590964));
#152 = CARTESIAN_POINT('',(0.66,-0.191071921446,0.973851630909));
#153 = CARTESIAN_POINT('',(0.66,-0.19809849539,0.980379998969));
#154 = CARTESIAN_POINT('',(0.66,-0.211800252103,0.99406561399));
#155 = CARTESIAN_POINT('',(0.66,-0.218460183619,1.001235038361));
#156 = CARTESIAN_POINT('',(0.66,-0.224839916669,1.008630424477));
#157 = CARTESIAN_POINT('',(0.66,-0.230940302033,1.016245317007));
#158 = CARTESIAN_POINT('',(0.66,-0.236759778797,1.024074009311));
#159 = CARTESIAN_POINT('',(0.66,-0.247832030244,1.040150827903));
#160 = CARTESIAN_POINT('',(0.66,-0.253084597548,1.048398894868));
#161 = CARTESIAN_POINT('',(0.66,-0.258049056373,1.056850063306));
#162 = CARTESIAN_POINT('',(0.66,-0.262719990238,1.065498702059));
#163 = CARTESIAN_POINT('',(0.66,-0.267090249501,1.07433884651));
#164 = CARTESIAN_POINT('',(0.66,-0.275134936213,1.092219038761));
#165 = CARTESIAN_POINT('',(0.66,-0.278821023102,1.101251941956));
#166 = CARTESIAN_POINT('',(0.66,-0.282200792082,1.110456832947));
#167 = CARTESIAN_POINT('',(0.66,-0.285264705632,1.119826546568));
#168 = CARTESIAN_POINT('',(0.66,-0.288002108658,1.129352827713));
#169 = CARTESIAN_POINT('',(0.66,-0.29272539517,1.148397615962));
#170 = CARTESIAN_POINT('',(0.66,-0.29473218058,1.157906910826));
#171 = CARTESIAN_POINT('',(0.66,-0.296410836061,1.167545600214));
#172 = CARTESIAN_POINT('',(0.66,-0.297750151594,1.177303530334));
#173 = CARTESIAN_POINT('',(0.66,-0.298738455802,1.187169009313));
#174 = CARTESIAN_POINT('',(0.66,-0.299964918417,1.206708514181));
#175 = CARTESIAN_POINT('',(0.66,-0.300230384291,1.216375379318));
#176 = CARTESIAN_POINT('',(0.66,-0.300149186912,1.226117491764));
#177 = CARTESIAN_POINT('',(0.66,-0.299710710819,1.235921272022));
#178 = CARTESIAN_POINT('',(0.66,-0.298904551758,1.245771471938));
#179 = CARTESIAN_POINT('',(0.66,-0.296585103724,1.265125169703));
#180 = CARTESIAN_POINT('',(0.66,-0.295102339165,1.274626258325));
#181 = CARTESIAN_POINT('',(0.66,-0.293263240337,1.284139377081));
#182 = CARTESIAN_POINT('',(0.66,-0.291059628806,1.293647957516));
#183 = CARTESIAN_POINT('',(0.66,-0.288484130363,1.303133926208));
#184 = CARTESIAN_POINT('',(0.66,-0.282698083788,1.321631884472));
#185 = CARTESIAN_POINT('',(0.66,-0.279518227914,1.330647303479));
#186 = CARTESIAN_POINT('',(0.66,-0.275984860345,1.33960658093));
#187 = CARTESIAN_POINT('',(0.66,-0.272093455342,1.348491200819));
#188 = CARTESIAN_POINT('',(0.66,-0.267840708483,1.357281511993));
#189 = CARTESIAN_POINT('',(0.66,-0.258792476906,1.374285940745));
#190 = CARTESIAN_POINT('',(0.66,-0.254025481533,1.382509111114));
#191 = CARTESIAN_POINT('',(0.66,-0.248921768643,1.390607755283));
#192 = CARTESIAN_POINT('',(0.66,-0.243480982245,1.398562700734));
#193 = CARTESIAN_POINT('',(0.66,-0.237704192262,1.406354086406));
#194 = CARTESIAN_POINT('',(0.66,-0.22571513259,1.421280378602));
#195 = CARTESIAN_POINT('',(0.66,-0.219527706492,1.428429037341));
#196 = CARTESIAN_POINT('',(0.66,-0.213033892817,1.435388992124));
#197 = CARTESIAN_POINT('',(0.66,-0.206237433156,1.442141613477));
#198 = CARTESIAN_POINT('',(0.66,-0.199143534101,1.448667989237));
#199 = CARTESIAN_POINT('',(0.66,-0.184639374507,1.46100431938));
#200 = CARTESIAN_POINT('',(0.66,-0.177249666015,1.466831638372));
#201 = CARTESIAN_POINT('',(0.66,-0.169595736209,1.472413656662));
#202 = CARTESIAN_POINT('',(0.66,-0.161685054894,1.477733175901));
#203 = CARTESIAN_POINT('',(0.66,-0.153526567249,1.482773024258));
#204 = CARTESIAN_POINT('',(0.66,-0.137020407721,1.492097753386));
#205 = CARTESIAN_POINT('',(0.66,-0.128688747003,1.496402530856));
#206 = CARTESIAN_POINT('',(0.66,-0.12014499879,1.500414878928));
#207 = CARTESIAN_POINT('',(0.66,-0.111400259626,1.504119593216));
#208 = CARTESIAN_POINT('',(0.66,-0.102467435485,1.507501774849));
#209 = CARTESIAN_POINT('',(0.66,-8.453493192811E-02,1.513498294635));
#210 = CARTESIAN_POINT('',(0.66,-7.554639694304E-02,1.516132890753));
#211 = CARTESIAN_POINT('',(0.66,-6.64085144705E-02,1.518437847791));
#212 = CARTESIAN_POINT('',(0.66,-5.713783351899E-02,1.520400106432));
#213 = CARTESIAN_POINT('',(0.66,-4.775488525608E-02,1.522007764907));
#214 = CARTESIAN_POINT('',(0.66,-2.969295309097E-02,1.524379864025));
#215 = CARTESIAN_POINT('',(0.66,-2.102888075484E-02,1.525208782901));
#216 = CARTESIAN_POINT('',(0.66,-1.231401679426E-02,1.525730893697));
#217 = CARTESIAN_POINT('',(0.66,-3.572675622322E-03,1.525941364018));
#218 = CARTESIAN_POINT('',(0.66,5.168222805428E-03,1.525838983228));
#219 = CARTESIAN_POINT('',(0.66,2.337847467049E-02,1.524978205181));
#220 = CARTESIAN_POINT('',(0.66,3.284375814827E-02,1.524161190409));
#221 = CARTESIAN_POINT('',(0.66,4.224166817951E-02,1.522980309203));
#222 = CARTESIAN_POINT('',(0.66,5.154498116248E-02,1.52144453626));
#223 = CARTESIAN_POINT('',(0.66,6.073223707979E-02,1.519565307122));
#224 = CARTESIAN_POINT('',(0.66,7.909772773064E-02,1.515080653378));
#225 = CARTESIAN_POINT('',(0.66,8.826753248322E-02,1.512456350085));
#226 = CARTESIAN_POINT('',(0.66,9.727917108862E-02,1.509494369221));
#227 = CARTESIAN_POINT('',(0.66,0.106117308319,1.506208374239));
#228 = CARTESIAN_POINT('',(0.66,0.114768939441,1.502612541932));
#229 = CARTESIAN_POINT('',(0.66,0.131966117695,1.494697909774));
#230 = CARTESIAN_POINT('',(0.66,0.140497702999,1.490358571609));
#231 = CARTESIAN_POINT('',(0.66,0.148806061897,1.485719660214));
#232 = CARTESIAN_POINT('',(0.66,0.156880650792,1.480797427009));
#233 = CARTESIAN_POINT('',(0.66,0.164712466725,1.47560826256));
#234 = CARTESIAN_POINT('',(0.66,0.180151423764,1.464531255078));
#235 = CARTESIAN_POINT('',(0.66,0.187739958872,1.458624810593));
#236 = CARTESIAN_POINT('',(0.66,0.195051326582,1.452467732556));
#237 = CARTESIAN_POINT('',(0.66,0.202078661493,1.446078253645));
#238 = CARTESIAN_POINT('',(0.66,0.208816558921,1.439474469779));
#239 = CARTESIAN_POINT('',(0.66,0.221953232148,1.425612904145));
#240 = CARTESIAN_POINT('',(0.66,0.228328983313,1.41833967682));
#241 = CARTESIAN_POINT('',(0.66,0.234383958936,1.410874731309));
#242 = CARTESIAN_POINT('',(0.66,0.240115246881,1.403237638329));
#243 = CARTESIAN_POINT('',(0.66,0.245521392347,1.395447466144));
#244 = CARTESIAN_POINT('',(0.66,0.255889855564,1.379276097975));
#245 = CARTESIAN_POINT('',(0.66,0.260825146013,1.370883681886));
#246 = CARTESIAN_POINT('',(0.66,0.265408341569,1.362366377835));
#247 = CARTESIAN_POINT('',(0.66,0.269640849736,1.353744088225));
#248 = CARTESIAN_POINT('',(0.66,0.273525413156,1.345035772328));
#249 = CARTESIAN_POINT('',(0.66,0.280757352367,1.327109961101));
#250 = CARTESIAN_POINT('',(0.66,0.284074759274,1.317886517643));
#251 = CARTESIAN_POINT('',(0.66,0.287023012024,1.308609403309));
#252 = CARTESIAN_POINT('',(0.66,0.289607802772,1.299297542852));
#253 = CARTESIAN_POINT('',(0.66,0.291835834134,1.289968498384));
#254 = CARTESIAN_POINT('',(0.66,0.295674958709,1.270905470981));
#255 = CARTESIAN_POINT('',(0.66,0.297255116553,1.261171411794));
#256 = CARTESIAN_POINT('',(0.66,0.298464074992,1.251454521799));
#257 = CARTESIAN_POINT('',(0.66,0.299311100714,1.241771401083));
#258 = CARTESIAN_POINT('',(0.66,0.299805944827,1.232137019844));
#259 = CARTESIAN_POINT('',(0.66,0.30011808361,1.212595326012));
#260 = CARTESIAN_POINT('',(0.66,0.299906283631,1.202693348802));
#261 = CARTESIAN_POINT('',(0.66,0.299334987113,1.192873693594));
#262 = CARTESIAN_POINT('',(0.66,0.298415571185,1.183149633751));
#263 = CARTESIAN_POINT('',(0.66,0.297159245916,1.173532809156));
#264 = CARTESIAN_POINT('',(0.66,0.293937772017,1.154190866917));
#265 = CARTESIAN_POINT('',(0.66,0.291948568133,1.144474505513));
#266 = CARTESIAN_POINT('',(0.66,0.289621677512,1.134895129825));
#267 = CARTESIAN_POINT('',(0.66,0.286968496105,1.125462405282));
#268 = CARTESIAN_POINT('',(0.66,0.283999580964,1.116184674916));
#269 = CARTESIAN_POINT('',(0.66,0.277365684897,1.097719334783));
#270 = CARTESIAN_POINT('',(0.66,0.273684712853,1.08854034335));
#271 = CARTESIAN_POINT('',(0.66,0.269692176119,1.079539433524));
#272 = CARTESIAN_POINT('',(0.66,0.265397048483,1.07072335418));
#273 = CARTESIAN_POINT('',(0.66,0.260806835513,1.062098154612));
#274 = CARTESIAN_POINT('',(0.66,0.251004164416,1.045163946312));
#275 = CARTESIAN_POINT('',(0.66,0.245786379559,1.036858764173));
#276 = CARTESIAN_POINT('',(0.66,0.240280407048,1.028758964174));
#277 = CARTESIAN_POINT('',(0.66,0.234490342534,1.020870115558));
#278 = CARTESIAN_POINT('',(0.66,0.228418190257,1.013198030747));
#279 = CARTESIAN_POINT('',(0.66,0.215801462132,0.998407266407));
#280 = CARTESIAN_POINT('',(0.66,0.209265037039,0.991282398269));
#281 = CARTESIAN_POINT('',(0.66,0.202454011648,0.98438004474));
#282 = CARTESIAN_POINT('',(0.66,0.195365844133,0.977707070031));
#283 = CARTESIAN_POINT('',(0.66,0.187995125017,0.971271927442));
#284 = CARTESIAN_POINT('',(0.66,0.173012685338,0.959175110633));
#285 = CARTESIAN_POINT('',(0.66,0.165426730288,0.953491920673));
#286 = CARTESIAN_POINT('',(0.66,0.157566473117,0.948044968651));
#287 = CARTESIAN_POINT('',(0.66,0.149421191466,0.9428457983));
#288 = CARTESIAN_POINT('',(0.66,0.140976348171,0.937909629891));
#289 = CARTESIAN_POINT('',(0.66,0.124148062588,0.928975570166));
#290 = CARTESIAN_POINT('',(0.66,0.115814079383,0.924934455913));
#291 = CARTESIAN_POINT('',(0.66,0.107194119667,0.921149233675));
#292 = CARTESIAN_POINT('',(0.66,9.826941158436E-02,0.91763978502));
#293 = CARTESIAN_POINT('',(0.66,8.901687105598E-02,0.914432779149));
#294 = CARTESIAN_POINT('',(0.66,6.762842160337E-02,0.908048369916));
#295 = CARTESIAN_POINT('',(0.66,5.540310162877E-02,0.905067930004));
#296 = CARTESIAN_POINT('',(0.66,4.253150709481E-02,0.902628405907));
#297 = CARTESIAN_POINT('',(0.66,2.893757304003E-02,0.900850137762));
#298 = CARTESIAN_POINT('',(0.66,1.468319780375E-02,0.899909084997));
#299 = CARTESIAN_POINT('',(0.66,0.,0.899909083395));
#300 = PLANE('',#301);
#301 = AXIS2_PLACEMENT_3D('',#302,#303,#304);
#302 = CARTESIAN_POINT('',(0.66,1.25,1.25));
#303 = DIRECTION('',(-1.,0.,0.));
#304 = DIRECTION('',(0.,0.,-1.));
#305 = ADVANCED_FACE('',(#306),#325,.T.);
#306 = FACE_BOUND('',#307,.T.);
#307 = EDGE_LOOP('',(#308,#317,#323,#324));
#308 = ORIENTED_EDGE('',*,*,#309,.T.);
#309 = EDGE_CURVE('',#310,#310,#312,.T.);
#310 = VERTEX_POINT('',#311);
#311 = CARTESIAN_POINT('',(5.385,1.125,1.25));
#312 = CIRCLE('',#313,1.125);
#313 = AXIS2_PLACEMENT_3D('',#314,#315,#316);
#314 = CARTESIAN_POINT('',(5.385,0.,1.25));
#315 = DIRECTION('',(-1.,0.,0.));
#316 = DIRECTION('',(0.,1.,0.));
#317 = ORIENTED_EDGE('',*,*,#318,.F.);
#318 = EDGE_CURVE('',#110,#310,#319,.T.);
#319 = LINE('',#320,#321);
#320 = CARTESIAN_POINT('',(0.66,1.125,1.25));
#321 = VECTOR('',#322,1.);
#322 = DIRECTION('',(1.,0.,0.));
#323 = ORIENTED_EDGE('',*,*,#109,.F.);
#324 = ORIENTED_EDGE('',*,*,#318,.T.);
#325 = CYLINDRICAL_SURFACE('',#326,1.125);
#326 = AXIS2_PLACEMENT_3D('',#327,#328,#329);
#327 = CARTESIAN_POINT('',(0.66,0.,1.25));
#328 = DIRECTION('',(-1.,-0.,-0.));
#329 = DIRECTION('',(0.,1.,0.));
#330 = ADVANCED_FACE('',(#331),#351,.T.);
#331 = FACE_BOUND('',#332,.T.);
#332 = EDGE_LOOP('',(#333,#342,#349,#350));
#333 = ORIENTED_EDGE('',*,*,#334,.T.);
#334 = EDGE_CURVE('',#335,#335,#337,.T.);
#335 = VERTEX_POINT('',#336);
#336 = CARTESIAN_POINT('',(0.3,0.,0.35));
#337 = CIRCLE('',#338,0.3);
#338 = AXIS2_PLACEMENT_3D('',#339,#340,#341);
#339 = CARTESIAN_POINT('',(0.,0.,0.35));
#340 = DIRECTION('',(0.,0.,1.));
#341 = DIRECTION('',(1.,0.,-0.));
#342 = ORIENTED_EDGE('',*,*,#343,.T.);
#343 = EDGE_CURVE('',#335,#130,#344,.T.);
#344 = CIRCLE('',#345,0.6);
#345 = AXIS2_PLACEMENT_3D('',#346,#347,#348);
#346 = CARTESIAN_POINT('',(0.9,1.102182119233E-16,0.35));
#347 = DIRECTION('',(0.,1.,-0.));
#348 = DIRECTION('',(-1.,0.,4.93432455389E-16));
#349 = ORIENTED_EDGE('',*,*,#129,.T.);
#350 = ORIENTED_EDGE('',*,*,#343,.F.);
#351 = TOROIDAL_SURFACE('',#352,0.9,0.3);
#352 = AXIS2_PLACEMENT_3D('',#353,#354,#355);
#353 = CARTESIAN_POINT('',(0.9,0.,0.35));
#354 = DIRECTION('',(0.,1.,0.));
#355 = DIRECTION('',(-1.,0.,4.93432455389E-16));
#356 = ADVANCED_FACE('',(#357,#368),#371,.T.);
#357 = FACE_BOUND('',#358,.T.);
#358 = EDGE_LOOP('',(#359));
#359 = ORIENTED_EDGE('',*,*,#360,.F.);
#360 = EDGE_CURVE('',#361,#361,#363,.T.);
#361 = VERTEX_POINT('',#362);
#362 = CARTESIAN_POINT('',(5.385,1.25,1.25));
#363 = CIRCLE('',#364,1.25);
#364 = AXIS2_PLACEMENT_3D('',#365,#366,#367);
#365 = CARTESIAN_POINT('',(5.385,0.,1.25));
#366 = DIRECTION('',(1.,0.,0.));
#367 = DIRECTION('',(-0.,1.,0.));
#368 = FACE_BOUND('',#369,.T.);
#369 = EDGE_LOOP('',(#370));
#370 = ORIENTED_EDGE('',*,*,#309,.F.);
#371 = PLANE('',#372);
#372 = AXIS2_PLACEMENT_3D('',#373,#374,#375);
#373 = CARTESIAN_POINT('',(5.385,1.25,1.25));
#374 = DIRECTION('',(-1.,0.,0.));
#375 = DIRECTION('',(0.,0.,-1.));
#376 = ADVANCED_FACE('',(#377),#396,.T.);
#377 = FACE_BOUND('',#378,.T.);
#378 = EDGE_LOOP('',(#379,#387,#388,#389));
#379 = ORIENTED_EDGE('',*,*,#380,.T.);
#380 = EDGE_CURVE('',#381,#335,#383,.T.);
#381 = VERTEX_POINT('',#382);
#382 = CARTESIAN_POINT('',(0.3,-7.347880794884E-17,-3.));
#383 = LINE('',#384,#385);
#384 = CARTESIAN_POINT('',(0.3,0.,-3.));
#385 = VECTOR('',#386,1.);
#386 = DIRECTION('',(0.,0.,1.));
#387 = ORIENTED_EDGE('',*,*,#334,.F.);
#388 = ORIENTED_EDGE('',*,*,#380,.F.);
#389 = ORIENTED_EDGE('',*,*,#390,.T.);
#390 = EDGE_CURVE('',#381,#381,#391,.T.);
#391 = CIRCLE('',#392,0.3);
#392 = AXIS2_PLACEMENT_3D('',#393,#394,#395);
#393 = CARTESIAN_POINT('',(0.,0.,-3.));
#394 = DIRECTION('',(0.,0.,1.));
#395 = DIRECTION('',(1.,0.,-0.));
#396 = CYLINDRICAL_SURFACE('',#397,0.3);
#397 = AXIS2_PLACEMENT_3D('',#398,#399,#400);
#398 = CARTESIAN_POINT('',(0.,0.,-3.));
#399 = DIRECTION('',(0.,0.,1.));
#400 = DIRECTION('',(1.,0.,-0.));
#401 = ADVANCED_FACE('',(#402),#421,.T.);
#402 = FACE_BOUND('',#403,.T.);
#403 = EDGE_LOOP('',(#404,#405,#413,#420));
#404 = ORIENTED_EDGE('',*,*,#360,.T.);
#405 = ORIENTED_EDGE('',*,*,#406,.T.);
#406 = EDGE_CURVE('',#361,#407,#409,.T.);
#407 = VERTEX_POINT('',#408);
#408 = CARTESIAN_POINT('',(6.335,1.25,1.25));
#409 = LINE('',#410,#411);
#410 = CARTESIAN_POINT('',(5.385,1.25,1.25));
#411 = VECTOR('',#412,1.);
#412 = DIRECTION('',(1.,0.,0.));
#413 = ORIENTED_EDGE('',*,*,#414,.F.);
#414 = EDGE_CURVE('',#407,#407,#415,.T.);
#415 = CIRCLE('',#416,1.25);
#416 = AXIS2_PLACEMENT_3D('',#417,#418,#419);
#417 = CARTESIAN_POINT('',(6.335,0.,1.25));
#418 = DIRECTION('',(1.,0.,0.));
#419 = DIRECTION('',(-0.,1.,0.));
#420 = ORIENTED_EDGE('',*,*,#406,.F.);
#421 = CYLINDRICAL_SURFACE('',#422,1.25);
#422 = AXIS2_PLACEMENT_3D('',#423,#424,#425);
#423 = CARTESIAN_POINT('',(5.385,0.,1.25));
#424 = DIRECTION('',(-1.,-0.,-0.));
#425 = DIRECTION('',(0.,1.,0.));
#426 = ADVANCED_FACE('',(#427),#430,.T.);
#427 = FACE_BOUND('',#428,.F.);
#428 = EDGE_LOOP('',(#429));
#429 = ORIENTED_EDGE('',*,*,#390,.T.);
#430 = PLANE('',#431);
#431 = AXIS2_PLACEMENT_3D('',#432,#433,#434);
#432 = CARTESIAN_POINT('',(0.3,0.,-3.));
#433 = DIRECTION('',(0.,0.,-1.));
#434 = DIRECTION('',(-1.,0.,0.));
#435 = ADVANCED_FACE('',(#436),#456,.T.);
#436 = FACE_BOUND('',#437,.T.);
#437 = EDGE_LOOP('',(#438,#447,#448,#449));
#438 = ORIENTED_EDGE('',*,*,#439,.F.);
#439 = EDGE_CURVE('',#407,#440,#442,.T.);
#440 = VERTEX_POINT('',#441);
#441 = CARTESIAN_POINT('',(6.96,0.625,1.25));
#442 = CIRCLE('',#443,0.625);
#443 = AXIS2_PLACEMENT_3D('',#444,#445,#446);
#444 = CARTESIAN_POINT('',(6.335,0.625,1.25));
#445 = DIRECTION('',(0.,0.,-1.));
#446 = DIRECTION('',(0.,1.,0.));
#447 = ORIENTED_EDGE('',*,*,#414,.T.);
#448 = ORIENTED_EDGE('',*,*,#439,.T.);
#449 = ORIENTED_EDGE('',*,*,#450,.F.);
#450 = EDGE_CURVE('',#440,#440,#451,.T.);
#451 = CIRCLE('',#452,0.625);
#452 = AXIS2_PLACEMENT_3D('',#453,#454,#455);
#453 = CARTESIAN_POINT('',(6.96,0.,1.25));
#454 = DIRECTION('',(1.,0.,0.));
#455 = DIRECTION('',(-0.,1.,0.));
#456 = TOROIDAL_SURFACE('',#457,0.625,0.625);
#457 = AXIS2_PLACEMENT_3D('',#458,#459,#460);
#458 = CARTESIAN_POINT('',(6.335,0.,1.25));
#459 = DIRECTION('',(1.,0.,0.));
#460 = DIRECTION('',(-0.,1.,0.));
#461 = ADVANCED_FACE('',(#462,#465),#639,.F.);
#462 = FACE_BOUND('',#463,.F.);
#463 = EDGE_LOOP('',(#464));
#464 = ORIENTED_EDGE('',*,*,#450,.F.);
#465 = FACE_BOUND('',#466,.F.);
#466 = EDGE_LOOP('',(#467));
#467 = ORIENTED_EDGE('',*,*,#468,.F.);
#468 = EDGE_CURVE('',#469,#469,#471,.T.);
#469 = VERTEX_POINT('',#470);
#470 = CARTESIAN_POINT('',(6.96,1.102182119233E-16,0.899909083395));
#471 = B_SPLINE_CURVE_WITH_KNOTS('',6,(#472,#473,#474,#475,#476,#477,
    #478,#479,#480,#481,#482,#483,#484,#485,#486,#487,#488,#489,#490,
    #491,#492,#493,#494,#495,#496,#497,#498,#499,#500,#501,#502,#503,
    #504,#505,#506,#507,#508,#509,#510,#511,#512,#513,#514,#515,#516,
    #517,#518,#519,#520,#521,#522,#523,#524,#525,#526,#527,#528,#529,
    #530,#531,#532,#533,#534,#535,#536,#537,#538,#539,#540,#541,#542,
    #543,#544,#545,#546,#547,#548,#549,#550,#551,#552,#553,#554,#555,
    #556,#557,#558,#559,#560,#561,#562,#563,#564,#565,#566,#567,#568,
    #569,#570,#571,#572,#573,#574,#575,#576,#577,#578,#579,#580,#581,
    #582,#583,#584,#585,#586,#587,#588,#589,#590,#591,#592,#593,#594,
    #595,#596,#597,#598,#599,#600,#601,#602,#603,#604,#605,#606,#607,
    #608,#609,#610,#611,#612,#613,#614,#615,#616,#617,#618,#619,#620,
    #621,#622,#623,#624,#625,#626,#627,#628,#629,#630,#631,#632,#633,
    #634,#635,#636,#637,#638),.UNSPECIFIED.,.T.,.F.,(1,6,5,5,5,5,5,5,5,5
    ,5,5,5,5,5,5,5,5,5,5,5,5,5,5,5,5,5,5,5,5,5,5,5,5,6,1),(
    -3.7454922963E-02,0.,2.522151735631E-02,5.431626764274E-02,
    8.648932873413E-02,0.120698905604,0.15585219498,0.191016701755,
    0.225517033144,0.258939642143,0.291086884381,0.32191412294,
    0.351469698498,0.379846555914,0.407148198058,0.433469525493,
    0.458895614127,0.483540398702,0.505898369155,0.530279933853,
    0.555348100008,0.581270886766,0.608136607836,0.636034631737,
    0.665066137875,0.695331933304,0.726904811218,0.759787311372,
    0.793856187529,0.828799116201,0.864057997078,0.898806507422,
    0.932001552493,0.962545077037,1.,1.025221517356),.UNSPECIFIED.);
#472 = CARTESIAN_POINT('',(6.96,0.,0.899909083395));
#473 = CARTESIAN_POINT('',(6.96,-9.860167462582E-03,0.89990896861));
#474 = CARTESIAN_POINT('',(6.96,-1.96044152314E-02,0.900333777569));
#475 = CARTESIAN_POINT('',(6.96,-2.906856746895E-02,0.901162791225));
#476 = CARTESIAN_POINT('',(6.96,-3.818494668051E-02,0.902337445313));
#477 = CARTESIAN_POINT('',(6.96,-4.697397432956E-02,0.903804960014));
#478 = CARTESIAN_POINT('',(6.96,-6.54122858756E-02,0.907588661461));
#479 = CARTESIAN_POINT('',(6.96,-7.491985816654E-02,0.909985989386));
#480 = CARTESIAN_POINT('',(6.96,-8.408849098391E-02,0.912709553602));
#481 = CARTESIAN_POINT('',(6.96,-9.294310465939E-02,0.915726321464));
#482 = CARTESIAN_POINT('',(6.96,-0.10150496885,0.919011549987));
#483 = CARTESIAN_POINT('',(6.96,-0.118958221281,0.926453836747));
#484 = CARTESIAN_POINT('',(6.96,-0.127787715696,0.930666010737));
#485 = CARTESIAN_POINT('',(6.96,-0.136306161655,0.935155928941));
#486 = CARTESIAN_POINT('',(6.96,-0.144532121634,0.939904049757));
#487 = CARTESIAN_POINT('',(6.96,-0.152479877126,0.944895641374));
#488 = CARTESIAN_POINT('',(6.96,-0.168328600516,0.955672815412));
#489 = CARTESIAN_POINT('',(6.96,-0.176194773963,0.961488214941));
#490 = CARTESIAN_POINT('',(6.96,-0.183772608747,0.967551566344));
#491 = CARTESIAN_POINT('',(6.96,-0.191071765541,0.973851742068));
#492 = CARTESIAN_POINT('',(6.96,-0.198098606692,0.980379951052));
#493 = CARTESIAN_POINT('',(6.96,-0.211800202804,0.994065659178));
#494 = CARTESIAN_POINT('',(6.96,-0.218460270558,1.001234983766));
#495 = CARTESIAN_POINT('',(6.96,-0.224839910615,1.00863041136));
#496 = CARTESIAN_POINT('',(6.96,-0.230940211566,1.016245364777));
#497 = CARTESIAN_POINT('',(6.96,-0.236759839456,1.024073990789));
#498 = CARTESIAN_POINT('',(6.96,-0.247832003876,1.040150861324));
#499 = CARTESIAN_POINT('',(6.96,-0.253084568675,1.048398903269));
#500 = CARTESIAN_POINT('',(6.96,-0.258049049185,1.05685004652));
#501 = CARTESIAN_POINT('',(6.96,-0.2627200155,1.065498685566));
#502 = CARTESIAN_POINT('',(6.96,-0.267090290802,1.074338848812));
#503 = CARTESIAN_POINT('',(6.96,-0.275134913375,1.092219064394));
#504 = CARTESIAN_POINT('',(6.96,-0.278821000575,1.10125194666));
#505 = CARTESIAN_POINT('',(6.96,-0.282200788118,1.110456818481));
#506 = CARTESIAN_POINT('',(6.96,-0.285264726102,1.119826534893));
#507 = CARTESIAN_POINT('',(6.96,-0.288002139566,1.129352832871));
#508 = CARTESIAN_POINT('',(6.96,-0.292725370416,1.148397637921));
#509 = CARTESIAN_POINT('',(6.96,-0.29473215882,1.157906911838));
#510 = CARTESIAN_POINT('',(6.96,-0.296410834199,1.16754558505));
#511 = CARTESIAN_POINT('',(6.96,-0.297750172302,1.177303521997));
#512 = CARTESIAN_POINT('',(6.96,-0.298738484134,1.187169019587));
#513 = CARTESIAN_POINT('',(6.96,-0.29996489055,1.20670853133));
#514 = CARTESIAN_POINT('',(6.96,-0.300230362775,1.216375375657));
#515 = CARTESIAN_POINT('',(6.96,-0.300149187552,1.22611747583));
#516 = CARTESIAN_POINT('',(6.96,-0.299710732489,1.235921267953));
#517 = CARTESIAN_POINT('',(6.96,-0.298904577874,1.245771488577));
#518 = CARTESIAN_POINT('',(6.96,-0.296585075031,1.265125180201));
#519 = CARTESIAN_POINT('',(6.96,-0.295102319855,1.27462625024));
#520 = CARTESIAN_POINT('',(6.96,-0.293263243612,1.284139361954));
#521 = CARTESIAN_POINT('',(6.96,-0.29105964956,1.293647958229));
#522 = CARTESIAN_POINT('',(6.96,-0.288484151749,1.303133947704));
#523 = CARTESIAN_POINT('',(6.96,-0.282698057797,1.321631888118));
#524 = CARTESIAN_POINT('',(6.96,-0.279518212828,1.330647292743));
#525 = CARTESIAN_POINT('',(6.96,-0.275984865526,1.339606568389));
#526 = CARTESIAN_POINT('',(6.96,-0.27209347283,1.348491205415));
#527 = CARTESIAN_POINT('',(6.96,-0.26784072321,1.357281534804));
#528 = CARTESIAN_POINT('',(6.96,-0.258792456003,1.374285939199));
#529 = CARTESIAN_POINT('',(6.96,-0.254025471274,1.382509099941));
#530 = CARTESIAN_POINT('',(6.96,-0.248921774536,1.390607746147));
#531 = CARTESIAN_POINT('',(6.96,-0.24348099529,1.398562707415));
#532 = CARTESIAN_POINT('',(6.96,-0.237704200488,1.406354107177));
#533 = CARTESIAN_POINT('',(6.96,-0.225715116467,1.421280374005));
#534 = CARTESIAN_POINT('',(6.96,-0.219527700064,1.428429026844));
#535 = CARTESIAN_POINT('',(6.96,-0.213033898729,1.435388985848));
#536 = CARTESIAN_POINT('',(6.96,-0.206237442407,1.442141620875));
#537 = CARTESIAN_POINT('',(6.96,-0.199143537578,1.448668007007));
#538 = CARTESIAN_POINT('',(6.96,-0.184639358866,1.461004311837));
#539 = CARTESIAN_POINT('',(6.96,-0.177249661366,1.46683162664));
#540 = CARTESIAN_POINT('',(6.96,-0.169595743404,1.472413651413));
#541 = CARTESIAN_POINT('',(6.96,-0.161685063001,1.477733185029));
#542 = CARTESIAN_POINT('',(6.96,-0.153526567552,1.482773042789));
#543 = CARTESIAN_POINT('',(6.96,-0.137020377957,1.492097733275));
#544 = CARTESIAN_POINT('',(6.96,-0.128688741655,1.496402506097));
#545 = CARTESIAN_POINT('',(6.96,-0.120145015698,1.500414870926));
#546 = CARTESIAN_POINT('',(6.96,-0.111400273136,1.504119613979));
#547 = CARTESIAN_POINT('',(6.96,-0.102467429294,1.507501811642));
#548 = CARTESIAN_POINT('',(6.96,-8.453487359643E-02,1.513498183633));
#549 = CARTESIAN_POINT('',(6.96,-7.554644720911E-02,1.51613308184));
#550 = CARTESIAN_POINT('',(6.96,-6.640854708582E-02,1.518437839156));
#551 = CARTESIAN_POINT('',(6.96,-5.713780068804E-02,1.520399910874));
#552 = CARTESIAN_POINT('',(6.96,-4.775487845774E-02,1.522007893513));
#553 = CARTESIAN_POINT('',(6.96,-2.969292548283E-02,1.52437977876));
#554 = CARTESIAN_POINT('',(6.96,-2.102889094976E-02,1.525208924822));
#555 = CARTESIAN_POINT('',(6.96,-1.231404153143E-02,1.525730890851));
#556 = CARTESIAN_POINT('',(6.96,-3.572679276074E-03,1.525941220805));
#557 = CARTESIAN_POINT('',(6.96,5.168243033088E-03,1.52583907475));
#558 = CARTESIAN_POINT('',(6.96,2.337844678287E-02,1.524978413229));
#559 = CARTESIAN_POINT('',(6.96,3.284373024997E-02,1.524160868463));
#560 = CARTESIAN_POINT('',(6.96,4.224172239025E-02,1.522980299422));
#561 = CARTESIAN_POINT('',(6.96,5.154503802108E-02,1.521444853212));
#562 = CARTESIAN_POINT('',(6.96,6.073215666605E-02,1.519565119195));
#563 = CARTESIAN_POINT('',(6.96,7.909771199475E-02,1.515080715405));
#564 = CARTESIAN_POINT('',(6.96,8.82675531125E-02,1.512456387335));
#565 = CARTESIAN_POINT('',(6.96,9.727920151967E-02,1.509494357792));
#566 = CARTESIAN_POINT('',(6.96,0.106117302403,1.506208331254));
#567 = CARTESIAN_POINT('',(6.96,0.114768890523,1.502612503667));
#568 = CARTESIAN_POINT('',(6.96,0.1319661163,1.494697932395));
#569 = CARTESIAN_POINT('',(6.96,0.140497712216,1.490358583428));
#570 = CARTESIAN_POINT('',(6.96,0.148806071355,1.485719654426));
#571 = CARTESIAN_POINT('',(6.96,0.156880646133,1.480797412311));
#572 = CARTESIAN_POINT('',(6.96,0.164712447986,1.475608252032));
#573 = CARTESIAN_POINT('',(6.96,0.180151425777,1.46453127229));
#574 = CARTESIAN_POINT('',(6.96,0.187739967164,1.45862481836));
#575 = CARTESIAN_POINT('',(6.96,0.195051332691,1.452467727028));
#576 = CARTESIAN_POINT('',(6.96,0.20207865613,1.446078243141));
#577 = CARTESIAN_POINT('',(6.96,0.208816543867,1.439474464151));
#578 = CARTESIAN_POINT('',(6.96,0.221953238059,1.425612923524));
#579 = CARTESIAN_POINT('',(6.96,0.228328994524,1.418339683896));
#580 = CARTESIAN_POINT('',(6.96,0.234383964852,1.410874723556));
#581 = CARTESIAN_POINT('',(6.96,0.240115238483,1.403237627432));
#582 = CARTESIAN_POINT('',(6.96,0.245521373748,1.395447463058));
#583 = CARTESIAN_POINT('',(6.96,0.25588986733,1.379276120213));
#584 = CARTESIAN_POINT('',(6.96,0.260825161615,1.370883687614));
#585 = CARTESIAN_POINT('',(6.96,0.265408347201,1.362366366749));
#586 = CARTESIAN_POINT('',(6.96,0.269640836772,1.353744077057));
#587 = CARTESIAN_POINT('',(6.96,0.273525389215,1.345035773446));
#588 = CARTESIAN_POINT('',(6.96,0.280757370989,1.327109983642));
#589 = CARTESIAN_POINT('',(6.96,0.284074778857,1.317886520225));
#590 = CARTESIAN_POINT('',(6.96,0.28702301626,1.308609389122));
#591 = CARTESIAN_POINT('',(6.96,0.289607785113,1.29929753334));
#592 = CARTESIAN_POINT('',(6.96,0.291835806202,1.289968505808));
#593 = CARTESIAN_POINT('',(6.96,0.295674983107,1.270905490066));
#594 = CARTESIAN_POINT('',(6.96,0.297255138129,1.261171409814));
#595 = CARTESIAN_POINT('',(6.96,0.298464076807,1.251454505978));
#596 = CARTESIAN_POINT('',(6.96,0.299311079865,1.241771395371));
#597 = CARTESIAN_POINT('',(6.96,0.299805916194,1.232137034265));
#598 = CARTESIAN_POINT('',(6.96,0.300118111197,1.212595339038));
#599 = CARTESIAN_POINT('',(6.96,0.299906304864,1.202693342182));
#600 = CARTESIAN_POINT('',(6.96,0.299334986276,1.192873677979));
#601 = CARTESIAN_POINT('',(6.96,0.298415549391,1.183149632812));
#602 = CARTESIAN_POINT('',(6.96,0.29715921972,1.173532829284));
#603 = CARTESIAN_POINT('',(6.96,0.293937801394,1.154190874));
#604 = CARTESIAN_POINT('',(6.96,0.291948588365,1.144474495238));
#605 = CARTESIAN_POINT('',(6.96,0.28962167445,1.134895115228));
#606 = CARTESIAN_POINT('',(6.96,0.286968474246,1.125462408515));
#607 = CARTESIAN_POINT('',(6.96,0.283999557728,1.116184698885));
#608 = CARTESIAN_POINT('',(6.96,0.277365720041,1.097719338125));
#609 = CARTESIAN_POINT('',(6.96,0.273684735103,1.088540329457));
#610 = CARTESIAN_POINT('',(6.96,0.269692170683,1.079539418357));
#611 = CARTESIAN_POINT('',(6.96,0.265397023465,1.070723360764));
#612 = CARTESIAN_POINT('',(6.96,0.260806811571,1.062098183552));
#613 = CARTESIAN_POINT('',(6.96,0.251004219697,1.045163947022));
#614 = CARTESIAN_POINT('',(6.96,0.245786411547,1.036858741787));
#615 = CARTESIAN_POINT('',(6.96,0.240280395782,1.028758943151));
#616 = CARTESIAN_POINT('',(6.96,0.234490304979,1.02087012779));
#617 = CARTESIAN_POINT('',(6.96,0.22841815861,1.013198074729));
#618 = CARTESIAN_POINT('',(6.96,0.215801547815,0.998407234883));
#619 = CARTESIAN_POINT('',(6.96,0.209264913083,0.99128247471));
#620 = CARTESIAN_POINT('',(6.96,0.202454000094,0.984380026053));
#621 = CARTESIAN_POINT('',(6.96,0.195365961507,0.977706983911));
#622 = CARTESIAN_POINT('',(6.96,0.187995061392,0.971271997058));
#623 = CARTESIAN_POINT('',(6.96,0.173012837564,0.959175029375));
#624 = CARTESIAN_POINT('',(6.96,0.165426529007,0.953492099376));
#625 = CARTESIAN_POINT('',(6.96,0.157566437944,0.948044934321));
#626 = CARTESIAN_POINT('',(6.96,0.149421373308,0.942845601948));
#627 = CARTESIAN_POINT('',(6.96,0.140976264593,0.937909781461));
#628 = CARTESIAN_POINT('',(6.96,0.124148131162,0.928975627958));
#629 = CARTESIAN_POINT('',(6.96,0.115814071992,0.924934439518));
#630 = CARTESIAN_POINT('',(6.96,0.107194037794,0.921149181784));
#631 = CARTESIAN_POINT('',(6.96,9.826937450524E-02,0.917639774974));
#632 = CARTESIAN_POINT('',(6.96,8.901696421491E-02,0.914432828225));
#633 = CARTESIAN_POINT('',(6.96,6.762356037127E-02,0.908046964389));
#634 = CARTESIAN_POINT('',(6.96,5.540377745077E-02,0.905068595899));
#635 = CARTESIAN_POINT('',(6.96,4.253681255711E-02,0.902629529668));
#636 = CARTESIAN_POINT('',(6.96,2.893994360873E-02,0.900849442899));
#637 = CARTESIAN_POINT('',(6.96,1.46772221458E-02,0.899909046356));
#638 = CARTESIAN_POINT('',(6.96,0.,0.899909083395));
#639 = PLANE('',#640);
#640 = AXIS2_PLACEMENT_3D('',#641,#642,#643);
#641 = CARTESIAN_POINT('',(6.96,1.25,1.25));
#642 = DIRECTION('',(-1.,0.,0.));
#643 = DIRECTION('',(0.,0.,-1.));
#644 = ADVANCED_FACE('',(#645),#665,.T.);
#645 = FACE_BOUND('',#646,.T.);
#646 = EDGE_LOOP('',(#647,#648,#657,#664));
#647 = ORIENTED_EDGE('',*,*,#468,.F.);
#648 = ORIENTED_EDGE('',*,*,#649,.T.);
#649 = EDGE_CURVE('',#469,#650,#652,.T.);
#650 = VERTEX_POINT('',#651);
#651 = CARTESIAN_POINT('',(7.32,0.,0.35));
#652 = CIRCLE('',#653,0.6);
#653 = AXIS2_PLACEMENT_3D('',#654,#655,#656);
#654 = CARTESIAN_POINT('',(6.72,1.102182119233E-16,0.35));
#655 = DIRECTION('',(0.,1.,0.));
#656 = DIRECTION('',(0.,-0.,1.));
#657 = ORIENTED_EDGE('',*,*,#658,.T.);
#658 = EDGE_CURVE('',#650,#650,#659,.T.);
#659 = CIRCLE('',#660,0.3);
#660 = AXIS2_PLACEMENT_3D('',#661,#662,#663);
#661 = CARTESIAN_POINT('',(7.62,0.,0.35));
#662 = DIRECTION('',(3.828568698927E-16,-0.,1.));
#663 = DIRECTION('',(1.,0.,-3.828568698927E-16));
#664 = ORIENTED_EDGE('',*,*,#649,.F.);
#665 = TOROIDAL_SURFACE('',#666,0.9,0.3);
#666 = AXIS2_PLACEMENT_3D('',#667,#668,#669);
#667 = CARTESIAN_POINT('',(6.72,0.,0.35));
#668 = DIRECTION('',(0.,1.,0.));
#669 = DIRECTION('',(0.,-0.,1.));
#670 = ADVANCED_FACE('',(#671),#690,.T.);
#671 = FACE_BOUND('',#672,.T.);
#672 = EDGE_LOOP('',(#673,#681,#688,#689));
#673 = ORIENTED_EDGE('',*,*,#674,.T.);
#674 = EDGE_CURVE('',#650,#675,#677,.T.);
#675 = VERTEX_POINT('',#676);
#676 = CARTESIAN_POINT('',(7.32,-7.347880794884E-17,-3.));
#677 = LINE('',#678,#679);
#678 = CARTESIAN_POINT('',(7.32,0.,0.35));
#679 = VECTOR('',#680,1.);
#680 = DIRECTION('',(0.,0.,-1.));
#681 = ORIENTED_EDGE('',*,*,#682,.F.);
#682 = EDGE_CURVE('',#675,#675,#683,.T.);
#683 = CIRCLE('',#684,0.3);
#684 = AXIS2_PLACEMENT_3D('',#685,#686,#687);
#685 = CARTESIAN_POINT('',(7.62,0.,-3.));
#686 = DIRECTION('',(0.,0.,-1.));
#687 = DIRECTION('',(-1.,0.,0.));
#688 = ORIENTED_EDGE('',*,*,#674,.F.);
#689 = ORIENTED_EDGE('',*,*,#658,.F.);
#690 = CYLINDRICAL_SURFACE('',#691,0.3);
#691 = AXIS2_PLACEMENT_3D('',#692,#693,#694);
#692 = CARTESIAN_POINT('',(7.62,0.,0.35));
#693 = DIRECTION('',(0.,0.,-1.));
#694 = DIRECTION('',(-1.,0.,0.));
#695 = ADVANCED_FACE('',(#696),#699,.F.);
#696 = FACE_BOUND('',#697,.T.);
#697 = EDGE_LOOP('',(#698));
#698 = ORIENTED_EDGE('',*,*,#682,.T.);
#699 = PLANE('',#700);
#700 = AXIS2_PLACEMENT_3D('',#701,#702,#703);
#701 = CARTESIAN_POINT('',(7.32,0.,-3.));
#702 = DIRECTION('',(0.,0.,1.));
#703 = DIRECTION('',(1.,0.,-0.));
#704 = ( GEOMETRIC_REPRESENTATION_CONTEXT(3) 
GLOBAL_UNCERTAINTY_ASSIGNED_CONTEXT((#708)) GLOBAL_UNIT_ASSIGNED_CONTEXT
((#705,#706,#707)) REPRESENTATION_CONTEXT('Context #1',
  '3D Context with UNIT and UNCERTAINTY') );
#705 = ( LENGTH_UNIT() NAMED_UNIT(*) SI_UNIT(.MILLI.,.METRE.) );
#706 = ( NAMED_UNIT(*) PLANE_ANGLE_UNIT() SI_UNIT($,.RADIAN.) );
#707 = ( NAMED_UNIT(*) SI_UNIT($,.STERADIAN.) SOLID_ANGLE_UNIT() );
#708 = UNCERTAINTY_MEASURE_WITH_UNIT(LENGTH_MEASURE(1.E-07),#705,
  'distance_accuracy_value','confusion accuracy');
#709 = CONTEXT_DEPENDENT_SHAPE_REPRESENTATION(#710,#712);
#710 = ( REPRESENTATION_RELATIONSHIP('','',#40,#10) 
REPRESENTATION_RELATIONSHIP_WITH_TRANSFORMATION(#711) 
SHAPE_REPRESENTATION_RELATIONSHIP() );
#711 = ITEM_DEFINED_TRANSFORMATION('','',#11,#15);
#712 = PRODUCT_DEFINITION_SHAPE('Placement','Placement of an item',#713
  );
#713 = NEXT_ASSEMBLY_USAGE_OCCURRENCE('1','R1','',#5,#35,$);
#714 = PRODUCT_RELATED_PRODUCT_CATEGORY('part',$,(#37));
#715 = SHAPE_DEFINITION_REPRESENTATION(#716,#722);
#716 = PRODUCT_DEFINITION_SHAPE('','',#717);
#717 = PRODUCT_DEFINITION('design','',#718,#721);
#718 = PRODUCT_DEFINITION_FORMATION('','',#719);
#719 = PRODUCT('PinHeader_1x04_P2.54mm_Vertical',
  'PinHeader_1x04_P2.54mm_Vertical','',(#720));
#720 = PRODUCT_CONTEXT('',#2,'mechanical');
#721 = PRODUCT_DEFINITION_CONTEXT('part definition',#2,'design');
#722 = ADVANCED_BREP_SHAPE_REPRESENTATION('',(#11,#723),#3503);
#723 = MANIFOLD_SOLID_BREP('',#724);
#724 = CLOSED_SHELL('',(#725,#765,#796,#827,#1156,#1485,#1502,#1519,
    #1536,#1553,#1570,#1587,#1604,#1621,#1638,#1655,#1672,#1689,#1706,
    #1723,#1740,#1757,#1774,#1791,#1808,#1825,#1842,#1859,#1871,#1902,
    #1926,#1950,#1967,#1998,#2022,#2046,#2063,#2094,#2118,#2142,#2159,
    #2190,#2214,#2238,#2255,#2286,#2310,#2334,#2351,#2382,#2406,#2430,
    #2447,#2478,#2502,#2526,#2543,#2574,#2598,#2622,#2639,#2670,#2694,
    #2718,#2735,#2766,#2790,#2814,#2831,#2862,#2886,#2910,#2927,#2958,
    #2982,#3006,#3023,#3054,#3078,#3102,#3119,#3150,#3174,#3198,#3215,
    #3246,#3270,#3294,#3311,#3342,#3366,#3390,#3407,#3419,#3431,#3443,
    #3455,#3467,#3479,#3491));
#725 = ADVANCED_FACE('',(#726),#760,.F.);
#726 = FACE_BOUND('',#727,.F.);
#727 = EDGE_LOOP('',(#728,#738,#746,#754));
#728 = ORIENTED_EDGE('',*,*,#729,.T.);
#729 = EDGE_CURVE('',#730,#732,#734,.T.);
#730 = VERTEX_POINT('',#731);
#731 = CARTESIAN_POINT('',(-1.016,1.27,0.));
#732 = VERTEX_POINT('',#733);
#733 = CARTESIAN_POINT('',(-1.016,1.27,2.54));
#734 = LINE('',#735,#736);
#735 = CARTESIAN_POINT('',(-1.016,1.27,0.));
#736 = VECTOR('',#737,1.);
#737 = DIRECTION('',(0.,0.,1.));
#738 = ORIENTED_EDGE('',*,*,#739,.T.);
#739 = EDGE_CURVE('',#732,#740,#742,.T.);
#740 = VERTEX_POINT('',#741);
#741 = CARTESIAN_POINT('',(-1.27,1.016,2.54));
#742 = LINE('',#743,#744);
#743 = CARTESIAN_POINT('',(-1.016,1.27,2.54));
#744 = VECTOR('',#745,1.);
#745 = DIRECTION('',(-0.707106781187,-0.707106781187,0.));
#746 = ORIENTED_EDGE('',*,*,#747,.F.);
#747 = EDGE_CURVE('',#748,#740,#750,.T.);
#748 = VERTEX_POINT('',#749);
#749 = CARTESIAN_POINT('',(-1.27,1.016,0.));
#750 = LINE('',#751,#752);
#751 = CARTESIAN_POINT('',(-1.27,1.016,0.));
#752 = VECTOR('',#753,1.);
#753 = DIRECTION('',(0.,0.,1.));
#754 = ORIENTED_EDGE('',*,*,#755,.F.);
#755 = EDGE_CURVE('',#730,#748,#756,.T.);
#756 = LINE('',#757,#758);
#757 = CARTESIAN_POINT('',(-1.016,1.27,0.));
#758 = VECTOR('',#759,1.);
#759 = DIRECTION('',(-0.707106781187,-0.707106781187,0.));
#760 = PLANE('',#761);
#761 = AXIS2_PLACEMENT_3D('',#762,#763,#764);
#762 = CARTESIAN_POINT('',(-1.016,1.27,0.));
#763 = DIRECTION('',(0.707106781187,-0.707106781187,0.));
#764 = DIRECTION('',(-0.707106781187,-0.707106781187,0.));
#765 = ADVANCED_FACE('',(#766),#791,.F.);
#766 = FACE_BOUND('',#767,.F.);
#767 = EDGE_LOOP('',(#768,#778,#784,#785));
#768 = ORIENTED_EDGE('',*,*,#769,.T.);
#769 = EDGE_CURVE('',#770,#772,#774,.T.);
#770 = VERTEX_POINT('',#771);
#771 = CARTESIAN_POINT('',(1.016,1.27,0.));
#772 = VERTEX_POINT('',#773);
#773 = CARTESIAN_POINT('',(1.016,1.27,2.54));
#774 = LINE('',#775,#776);
#775 = CARTESIAN_POINT('',(1.016,1.27,0.));
#776 = VECTOR('',#777,1.);
#777 = DIRECTION('',(0.,0.,1.));
#778 = ORIENTED_EDGE('',*,*,#779,.T.);
#779 = EDGE_CURVE('',#772,#732,#780,.T.);
#780 = LINE('',#781,#782);
#781 = CARTESIAN_POINT('',(1.016,1.27,2.54));
#782 = VECTOR('',#783,1.);
#783 = DIRECTION('',(-1.,0.,0.));
#784 = ORIENTED_EDGE('',*,*,#729,.F.);
#785 = ORIENTED_EDGE('',*,*,#786,.F.);
#786 = EDGE_CURVE('',#770,#730,#787,.T.);
#787 = LINE('',#788,#789);
#788 = CARTESIAN_POINT('',(1.016,1.27,0.));
#789 = VECTOR('',#790,1.);
#790 = DIRECTION('',(-1.,0.,0.));
#791 = PLANE('',#792);
#792 = AXIS2_PLACEMENT_3D('',#793,#794,#795);
#793 = CARTESIAN_POINT('',(1.016,1.27,0.));
#794 = DIRECTION('',(0.,-1.,0.));
#795 = DIRECTION('',(-1.,0.,0.));
#796 = ADVANCED_FACE('',(#797),#822,.F.);
#797 = FACE_BOUND('',#798,.F.);
#798 = EDGE_LOOP('',(#799,#800,#808,#816));
#799 = ORIENTED_EDGE('',*,*,#747,.T.);
#800 = ORIENTED_EDGE('',*,*,#801,.T.);
#801 = EDGE_CURVE('',#740,#802,#804,.T.);
#802 = VERTEX_POINT('',#803);
#803 = CARTESIAN_POINT('',(-1.27,-1.016,2.54));
#804 = LINE('',#805,#806);
#805 = CARTESIAN_POINT('',(-1.27,1.016,2.54));
#806 = VECTOR('',#807,1.);
#807 = DIRECTION('',(0.,-1.,0.));
#808 = ORIENTED_EDGE('',*,*,#809,.F.);
#809 = EDGE_CURVE('',#810,#802,#812,.T.);
#810 = VERTEX_POINT('',#811);
#811 = CARTESIAN_POINT('',(-1.27,-1.016,0.));
#812 = LINE('',#813,#814);
#813 = CARTESIAN_POINT('',(-1.27,-1.016,0.));
#814 = VECTOR('',#815,1.);
#815 = DIRECTION('',(0.,0.,1.));
#816 = ORIENTED_EDGE('',*,*,#817,.F.);
#817 = EDGE_CURVE('',#748,#810,#818,.T.);
#818 = LINE('',#819,#820);
#819 = CARTESIAN_POINT('',(-1.27,1.016,0.));
#820 = VECTOR('',#821,1.);
#821 = DIRECTION('',(0.,-1.,0.));
#822 = PLANE('',#823);
#823 = AXIS2_PLACEMENT_3D('',#824,#825,#826);
#824 = CARTESIAN_POINT('',(-1.27,1.016,0.));
#825 = DIRECTION('',(1.,0.,0.));
#826 = DIRECTION('',(0.,-1.,0.));
#827 = ADVANCED_FACE('',(#828,#1015,#1049,#1083,#1117),#1151,.F.);
#828 = FACE_BOUND('',#829,.F.);
#829 = EDGE_LOOP('',(#830,#831,#832,#840,#848,#856,#864,#872,#880,#888,
    #896,#904,#912,#920,#928,#936,#944,#952,#960,#968,#976,#984,#992,
    #1000,#1008,#1014));
#830 = ORIENTED_EDGE('',*,*,#755,.T.);
#831 = ORIENTED_EDGE('',*,*,#817,.T.);
#832 = ORIENTED_EDGE('',*,*,#833,.T.);
#833 = EDGE_CURVE('',#810,#834,#836,.T.);
#834 = VERTEX_POINT('',#835);
#835 = CARTESIAN_POINT('',(-1.016,-1.27,0.));
#836 = LINE('',#837,#838);
#837 = CARTESIAN_POINT('',(-1.27,-1.016,0.));
#838 = VECTOR('',#839,1.);
#839 = DIRECTION('',(0.707106781187,-0.707106781187,0.));
#840 = ORIENTED_EDGE('',*,*,#841,.T.);
#841 = EDGE_CURVE('',#834,#842,#844,.T.);
#842 = VERTEX_POINT('',#843);
#843 = CARTESIAN_POINT('',(-1.27,-1.524,0.));
#844 = LINE('',#845,#846);
#845 = CARTESIAN_POINT('',(-1.016,-1.27,0.));
#846 = VECTOR('',#847,1.);
#847 = DIRECTION('',(-0.707106781187,-0.707106781187,0.));
#848 = ORIENTED_EDGE('',*,*,#849,.T.);
#849 = EDGE_CURVE('',#842,#850,#852,.T.);
#850 = VERTEX_POINT('',#851);
#851 = CARTESIAN_POINT('',(-1.27,-3.556,0.));
#852 = LINE('',#853,#854);
#853 = CARTESIAN_POINT('',(-1.27,-1.524,0.));
#854 = VECTOR('',#855,1.);
#855 = DIRECTION('',(0.,-1.,0.));
#856 = ORIENTED_EDGE('',*,*,#857,.T.);
#857 = EDGE_CURVE('',#850,#858,#860,.T.);
#858 = VERTEX_POINT('',#859);
#859 = CARTESIAN_POINT('',(-1.016,-3.81,0.));
#860 = LINE('',#861,#862);
#861 = CARTESIAN_POINT('',(-1.27,-3.556,0.));
#862 = VECTOR('',#863,1.);
#863 = DIRECTION('',(0.707106781187,-0.707106781187,0.));
#864 = ORIENTED_EDGE('',*,*,#865,.T.);
#865 = EDGE_CURVE('',#858,#866,#868,.T.);
#866 = VERTEX_POINT('',#867);
#867 = CARTESIAN_POINT('',(-1.27,-4.064,0.));
#868 = LINE('',#869,#870);
#869 = CARTESIAN_POINT('',(-1.016,-3.81,0.));
#870 = VECTOR('',#871,1.);
#871 = DIRECTION('',(-0.707106781187,-0.707106781187,0.));
#872 = ORIENTED_EDGE('',*,*,#873,.T.);
#873 = EDGE_CURVE('',#866,#874,#876,.T.);
#874 = VERTEX_POINT('',#875);
#875 = CARTESIAN_POINT('',(-1.27,-6.096,0.));
#876 = LINE('',#877,#878);
#877 = CARTESIAN_POINT('',(-1.27,-4.064,0.));
#878 = VECTOR('',#879,1.);
#879 = DIRECTION('',(0.,-1.,0.));
#880 = ORIENTED_EDGE('',*,*,#881,.T.);
#881 = EDGE_CURVE('',#874,#882,#884,.T.);
#882 = VERTEX_POINT('',#883);
#883 = CARTESIAN_POINT('',(-1.016,-6.35,0.));
#884 = LINE('',#885,#886);
#885 = CARTESIAN_POINT('',(-1.27,-6.096,0.));
#886 = VECTOR('',#887,1.);
#887 = DIRECTION('',(0.707106781187,-0.707106781187,0.));
#888 = ORIENTED_EDGE('',*,*,#889,.T.);
#889 = EDGE_CURVE('',#882,#890,#892,.T.);
#890 = VERTEX_POINT('',#891);
#891 = CARTESIAN_POINT('',(-1.27,-6.604,0.));
#892 = LINE('',#893,#894);
#893 = CARTESIAN_POINT('',(-1.016,-6.35,0.));
#894 = VECTOR('',#895,1.);
#895 = DIRECTION('',(-0.707106781187,-0.707106781187,0.));
#896 = ORIENTED_EDGE('',*,*,#897,.T.);
#897 = EDGE_CURVE('',#890,#898,#900,.T.);
#898 = VERTEX_POINT('',#899);
#899 = CARTESIAN_POINT('',(-1.27,-8.636,0.));
#900 = LINE('',#901,#902);
#901 = CARTESIAN_POINT('',(-1.27,-6.604,0.));
#902 = VECTOR('',#903,1.);
#903 = DIRECTION('',(0.,-1.,0.));
#904 = ORIENTED_EDGE('',*,*,#905,.T.);
#905 = EDGE_CURVE('',#898,#906,#908,.T.);
#906 = VERTEX_POINT('',#907);
#907 = CARTESIAN_POINT('',(-1.016,-8.89,0.));
#908 = LINE('',#909,#910);
#909 = CARTESIAN_POINT('',(-1.27,-8.636,0.));
#910 = VECTOR('',#911,1.);
#911 = DIRECTION('',(0.707106781187,-0.707106781187,0.));
#912 = ORIENTED_EDGE('',*,*,#913,.T.);
#913 = EDGE_CURVE('',#906,#914,#916,.T.);
#914 = VERTEX_POINT('',#915);
#915 = CARTESIAN_POINT('',(1.016,-8.89,0.));
#916 = LINE('',#917,#918);
#917 = CARTESIAN_POINT('',(-1.016,-8.89,0.));
#918 = VECTOR('',#919,1.);
#919 = DIRECTION('',(1.,0.,0.));
#920 = ORIENTED_EDGE('',*,*,#921,.T.);
#921 = EDGE_CURVE('',#914,#922,#924,.T.);
#922 = VERTEX_POINT('',#923);
#923 = CARTESIAN_POINT('',(1.27,-8.636,0.));
#924 = LINE('',#925,#926);
#925 = CARTESIAN_POINT('',(1.016,-8.89,0.));
#926 = VECTOR('',#927,1.);
#927 = DIRECTION('',(0.707106781187,0.707106781187,0.));
#928 = ORIENTED_EDGE('',*,*,#929,.T.);
#929 = EDGE_CURVE('',#922,#930,#932,.T.);
#930 = VERTEX_POINT('',#931);
#931 = CARTESIAN_POINT('',(1.27,-6.604,0.));
#932 = LINE('',#933,#934);
#933 = CARTESIAN_POINT('',(1.27,-8.636,0.));
#934 = VECTOR('',#935,1.);
#935 = DIRECTION('',(0.,1.,0.));
#936 = ORIENTED_EDGE('',*,*,#937,.T.);
#937 = EDGE_CURVE('',#930,#938,#940,.T.);
#938 = VERTEX_POINT('',#939);
#939 = CARTESIAN_POINT('',(1.016,-6.35,0.));
#940 = LINE('',#941,#942);
#941 = CARTESIAN_POINT('',(1.27,-6.604,0.));
#942 = VECTOR('',#943,1.);
#943 = DIRECTION('',(-0.707106781187,0.707106781187,0.));
#944 = ORIENTED_EDGE('',*,*,#945,.T.);
#945 = EDGE_CURVE('',#938,#946,#948,.T.);
#946 = VERTEX_POINT('',#947);
#947 = CARTESIAN_POINT('',(1.27,-6.096,0.));
#948 = LINE('',#949,#950);
#949 = CARTESIAN_POINT('',(1.016,-6.35,0.));
#950 = VECTOR('',#951,1.);
#951 = DIRECTION('',(0.707106781187,0.707106781187,0.));
#952 = ORIENTED_EDGE('',*,*,#953,.T.);
#953 = EDGE_CURVE('',#946,#954,#956,.T.);
#954 = VERTEX_POINT('',#955);
#955 = CARTESIAN_POINT('',(1.27,-4.064,0.));
#956 = LINE('',#957,#958);
#957 = CARTESIAN_POINT('',(1.27,-6.096,0.));
#958 = VECTOR('',#959,1.);
#959 = DIRECTION('',(0.,1.,0.));
#960 = ORIENTED_EDGE('',*,*,#961,.T.);
#961 = EDGE_CURVE('',#954,#962,#964,.T.);
#962 = VERTEX_POINT('',#963);
#963 = CARTESIAN_POINT('',(1.016,-3.81,0.));
#964 = LINE('',#965,#966);
#965 = CARTESIAN_POINT('',(1.27,-4.064,0.));
#966 = VECTOR('',#967,1.);
#967 = DIRECTION('',(-0.707106781187,0.707106781187,0.));
#968 = ORIENTED_EDGE('',*,*,#969,.T.);
#969 = EDGE_CURVE('',#962,#970,#972,.T.);
#970 = VERTEX_POINT('',#971);
#971 = CARTESIAN_POINT('',(1.27,-3.556,0.));
#972 = LINE('',#973,#974);
#973 = CARTESIAN_POINT('',(1.016,-3.81,0.));
#974 = VECTOR('',#975,1.);
#975 = DIRECTION('',(0.707106781187,0.707106781187,0.));
#976 = ORIENTED_EDGE('',*,*,#977,.T.);
#977 = EDGE_CURVE('',#970,#978,#980,.T.);
#978 = VERTEX_POINT('',#979);
#979 = CARTESIAN_POINT('',(1.27,-1.524,0.));
#980 = LINE('',#981,#982);
#981 = CARTESIAN_POINT('',(1.27,-3.556,0.));
#982 = VECTOR('',#983,1.);
#983 = DIRECTION('',(0.,1.,0.));
#984 = ORIENTED_EDGE('',*,*,#985,.T.);
#985 = EDGE_CURVE('',#978,#986,#988,.T.);
#986 = VERTEX_POINT('',#987);
#987 = CARTESIAN_POINT('',(1.016,-1.27,0.));
#988 = LINE('',#989,#990);
#989 = CARTESIAN_POINT('',(1.27,-1.524,0.));
#990 = VECTOR('',#991,1.);
#991 = DIRECTION('',(-0.707106781187,0.707106781187,0.));
#992 = ORIENTED_EDGE('',*,*,#993,.T.);
#993 = EDGE_CURVE('',#986,#994,#996,.T.);
#994 = VERTEX_POINT('',#995);
#995 = CARTESIAN_POINT('',(1.27,-1.016,0.));
#996 = LINE('',#997,#998);
#997 = CARTESIAN_POINT('',(1.016,-1.27,0.));
#998 = VECTOR('',#999,1.);
#999 = DIRECTION('',(0.707106781187,0.707106781187,0.));
#1000 = ORIENTED_EDGE('',*,*,#1001,.T.);
#1001 = EDGE_CURVE('',#994,#1002,#1004,.T.);
#1002 = VERTEX_POINT('',#1003);
#1003 = CARTESIAN_POINT('',(1.27,1.016,0.));
#1004 = LINE('',#1005,#1006);
#1005 = CARTESIAN_POINT('',(1.27,-1.016,0.));
#1006 = VECTOR('',#1007,1.);
#1007 = DIRECTION('',(0.,1.,0.));
#1008 = ORIENTED_EDGE('',*,*,#1009,.T.);
#1009 = EDGE_CURVE('',#1002,#770,#1010,.T.);
#1010 = LINE('',#1011,#1012);
#1011 = CARTESIAN_POINT('',(1.27,1.016,0.));
#1012 = VECTOR('',#1013,1.);
#1013 = DIRECTION('',(-0.707106781187,0.707106781187,0.));
#1014 = ORIENTED_EDGE('',*,*,#786,.T.);
#1015 = FACE_BOUND('',#1016,.F.);
#1016 = EDGE_LOOP('',(#1017,#1027,#1035,#1043));
#1017 = ORIENTED_EDGE('',*,*,#1018,.F.);
#1018 = EDGE_CURVE('',#1019,#1021,#1023,.T.);
#1019 = VERTEX_POINT('',#1020);
#1020 = CARTESIAN_POINT('',(0.32,-4.76,0.));
#1021 = VERTEX_POINT('',#1022);
#1022 = CARTESIAN_POINT('',(-0.32,-4.76,0.));
#1023 = LINE('',#1024,#1025);
#1024 = CARTESIAN_POINT('',(-0.16,-4.76,0.));
#1025 = VECTOR('',#1026,1.);
#1026 = DIRECTION('',(-1.,0.,0.));
#1027 = ORIENTED_EDGE('',*,*,#1028,.F.);
#1028 = EDGE_CURVE('',#1029,#1019,#1031,.T.);
#1029 = VERTEX_POINT('',#1030);
#1030 = CARTESIAN_POINT('',(0.32,-5.4,0.));
#1031 = LINE('',#1032,#1033);
#1032 = CARTESIAN_POINT('',(0.32,-4.605,0.));
#1033 = VECTOR('',#1034,1.);
#1034 = DIRECTION('',(0.,1.,0.));
#1035 = ORIENTED_EDGE('',*,*,#1036,.T.);
#1036 = EDGE_CURVE('',#1029,#1037,#1039,.T.);
#1037 = VERTEX_POINT('',#1038);
#1038 = CARTESIAN_POINT('',(-0.32,-5.4,0.));
#1039 = LINE('',#1040,#1041);
#1040 = CARTESIAN_POINT('',(-0.16,-5.4,0.));
#1041 = VECTOR('',#1042,1.);
#1042 = DIRECTION('',(-1.,0.,0.));
#1043 = ORIENTED_EDGE('',*,*,#1044,.T.);
#1044 = EDGE_CURVE('',#1037,#1021,#1045,.T.);
#1045 = LINE('',#1046,#1047);
#1046 = CARTESIAN_POINT('',(-0.32,-4.605,0.));
#1047 = VECTOR('',#1048,1.);
#1048 = DIRECTION('',(0.,1.,0.));
#1049 = FACE_BOUND('',#1050,.F.);
#1050 = EDGE_LOOP('',(#1051,#1061,#1069,#1077));
#1051 = ORIENTED_EDGE('',*,*,#1052,.F.);
#1052 = EDGE_CURVE('',#1053,#1055,#1057,.T.);
#1053 = VERTEX_POINT('',#1054);
#1054 = CARTESIAN_POINT('',(0.32,-7.94,0.));
#1055 = VERTEX_POINT('',#1056);
#1056 = CARTESIAN_POINT('',(0.32,-7.3,0.));
#1057 = LINE('',#1058,#1059);
#1058 = CARTESIAN_POINT('',(0.32,-5.875,0.));
#1059 = VECTOR('',#1060,1.);
#1060 = DIRECTION('',(0.,1.,0.));
#1061 = ORIENTED_EDGE('',*,*,#1062,.T.);
#1062 = EDGE_CURVE('',#1053,#1063,#1065,.T.);
#1063 = VERTEX_POINT('',#1064);
#1064 = CARTESIAN_POINT('',(-0.32,-7.94,0.));
#1065 = LINE('',#1066,#1067);
#1066 = CARTESIAN_POINT('',(-0.16,-7.94,0.));
#1067 = VECTOR('',#1068,1.);
#1068 = DIRECTION('',(-1.,0.,0.));
#1069 = ORIENTED_EDGE('',*,*,#1070,.T.);
#1070 = EDGE_CURVE('',#1063,#1071,#1073,.T.);
#1071 = VERTEX_POINT('',#1072);
#1072 = CARTESIAN_POINT('',(-0.32,-7.3,0.));
#1073 = LINE('',#1074,#1075);
#1074 = CARTESIAN_POINT('',(-0.32,-5.875,0.));
#1075 = VECTOR('',#1076,1.);
#1076 = DIRECTION('',(0.,1.,0.));
#1077 = ORIENTED_EDGE('',*,*,#1078,.F.);
#1078 = EDGE_CURVE('',#1055,#1071,#1079,.T.);
#1079 = LINE('',#1080,#1081);
#1080 = CARTESIAN_POINT('',(-0.16,-7.3,0.));
#1081 = VECTOR('',#1082,1.);
#1082 = DIRECTION('',(-1.,0.,0.));
#1083 = FACE_BOUND('',#1084,.F.);
#1084 = EDGE_LOOP('',(#1085,#1095,#1103,#1111));
#1085 = ORIENTED_EDGE('',*,*,#1086,.F.);
#1086 = EDGE_CURVE('',#1087,#1089,#1091,.T.);
#1087 = VERTEX_POINT('',#1088);
#1088 = CARTESIAN_POINT('',(0.32,-0.32,0.));
#1089 = VERTEX_POINT('',#1090);
#1090 = CARTESIAN_POINT('',(0.32,0.32,0.));
#1091 = LINE('',#1092,#1093);
#1092 = CARTESIAN_POINT('',(0.32,-2.065,0.));
#1093 = VECTOR('',#1094,1.);
#1094 = DIRECTION('',(0.,1.,0.));
#1095 = ORIENTED_EDGE('',*,*,#1096,.T.);
#1096 = EDGE_CURVE('',#1087,#1097,#1099,.T.);
#1097 = VERTEX_POINT('',#1098);
#1098 = CARTESIAN_POINT('',(-0.32,-0.32,0.));
#1099 = LINE('',#1100,#1101);
#1100 = CARTESIAN_POINT('',(-0.16,-0.32,0.));
#1101 = VECTOR('',#1102,1.);
#1102 = DIRECTION('',(-1.,0.,0.));
#1103 = ORIENTED_EDGE('',*,*,#1104,.T.);
#1104 = EDGE_CURVE('',#1097,#1105,#1107,.T.);
#1105 = VERTEX_POINT('',#1106);
#1106 = CARTESIAN_POINT('',(-0.32,0.32,0.));
#1107 = LINE('',#1108,#1109);
#1108 = CARTESIAN_POINT('',(-0.32,-2.065,0.));
#1109 = VECTOR('',#1110,1.);
#1110 = DIRECTION('',(0.,1.,0.));
#1111 = ORIENTED_EDGE('',*,*,#1112,.F.);
#1112 = EDGE_CURVE('',#1089,#1105,#1113,.T.);
#1113 = LINE('',#1114,#1115);
#1114 = CARTESIAN_POINT('',(-0.16,0.32,0.));
#1115 = VECTOR('',#1116,1.);
#1116 = DIRECTION('',(-1.,0.,0.));
#1117 = FACE_BOUND('',#1118,.F.);
#1118 = EDGE_LOOP('',(#1119,#1129,#1137,#1145));
#1119 = ORIENTED_EDGE('',*,*,#1120,.F.);
#1120 = EDGE_CURVE('',#1121,#1123,#1125,.T.);
#1121 = VERTEX_POINT('',#1122);
#1122 = CARTESIAN_POINT('',(0.32,-2.22,0.));
#1123 = VERTEX_POINT('',#1124);
#1124 = CARTESIAN_POINT('',(-0.32,-2.22,0.));
#1125 = LINE('',#1126,#1127);
#1126 = CARTESIAN_POINT('',(-0.16,-2.22,0.));
#1127 = VECTOR('',#1128,1.);
#1128 = DIRECTION('',(-1.,0.,0.));
#1129 = ORIENTED_EDGE('',*,*,#1130,.F.);
#1130 = EDGE_CURVE('',#1131,#1121,#1133,.T.);
#1131 = VERTEX_POINT('',#1132);
#1132 = CARTESIAN_POINT('',(0.32,-2.86,0.));
#1133 = LINE('',#1134,#1135);
#1134 = CARTESIAN_POINT('',(0.32,-3.335,0.));
#1135 = VECTOR('',#1136,1.);
#1136 = DIRECTION('',(0.,1.,0.));
#1137 = ORIENTED_EDGE('',*,*,#1138,.T.);
#1138 = EDGE_CURVE('',#1131,#1139,#1141,.T.);
#1139 = VERTEX_POINT('',#1140);
#1140 = CARTESIAN_POINT('',(-0.32,-2.86,0.));
#1141 = LINE('',#1142,#1143);
#1142 = CARTESIAN_POINT('',(-0.16,-2.86,0.));
#1143 = VECTOR('',#1144,1.);
#1144 = DIRECTION('',(-1.,0.,0.));
#1145 = ORIENTED_EDGE('',*,*,#1146,.T.);
#1146 = EDGE_CURVE('',#1139,#1123,#1147,.T.);
#1147 = LINE('',#1148,#1149);
#1148 = CARTESIAN_POINT('',(-0.32,-3.335,0.));
#1149 = VECTOR('',#1150,1.);
#1150 = DIRECTION('',(0.,1.,0.));
#1151 = PLANE('',#1152);
#1152 = AXIS2_PLACEMENT_3D('',#1153,#1154,#1155);
#1153 = CARTESIAN_POINT('',(4.259053689278E-17,-3.81,0.));
#1154 = DIRECTION('',(0.,0.,1.));
#1155 = DIRECTION('',(1.,0.,-0.));
#1156 = ADVANCED_FACE('',(#1157,#1344,#1378,#1412,#1446),#1480,.T.);
#1157 = FACE_BOUND('',#1158,.T.);
#1158 = EDGE_LOOP('',(#1159,#1160,#1161,#1169,#1177,#1185,#1193,#1201,
    #1209,#1217,#1225,#1233,#1241,#1249,#1257,#1265,#1273,#1281,#1289,
    #1297,#1305,#1313,#1321,#1329,#1337,#1343));
#1159 = ORIENTED_EDGE('',*,*,#739,.T.);
#1160 = ORIENTED_EDGE('',*,*,#801,.T.);
#1161 = ORIENTED_EDGE('',*,*,#1162,.T.);
#1162 = EDGE_CURVE('',#802,#1163,#1165,.T.);
#1163 = VERTEX_POINT('',#1164);
#1164 = CARTESIAN_POINT('',(-1.016,-1.27,2.54));
#1165 = LINE('',#1166,#1167);
#1166 = CARTESIAN_POINT('',(-1.27,-1.016,2.54));
#1167 = VECTOR('',#1168,1.);
#1168 = DIRECTION('',(0.707106781187,-0.707106781187,0.));
#1169 = ORIENTED_EDGE('',*,*,#1170,.T.);
#1170 = EDGE_CURVE('',#1163,#1171,#1173,.T.);
#1171 = VERTEX_POINT('',#1172);
#1172 = CARTESIAN_POINT('',(-1.27,-1.524,2.54));
#1173 = LINE('',#1174,#1175);
#1174 = CARTESIAN_POINT('',(-1.016,-1.27,2.54));
#1175 = VECTOR('',#1176,1.);
#1176 = DIRECTION('',(-0.707106781187,-0.707106781187,0.));
#1177 = ORIENTED_EDGE('',*,*,#1178,.T.);
#1178 = EDGE_CURVE('',#1171,#1179,#1181,.T.);
#1179 = VERTEX_POINT('',#1180);
#1180 = CARTESIAN_POINT('',(-1.27,-3.556,2.54));
#1181 = LINE('',#1182,#1183);
#1182 = CARTESIAN_POINT('',(-1.27,-1.524,2.54));
#1183 = VECTOR('',#1184,1.);
#1184 = DIRECTION('',(0.,-1.,0.));
#1185 = ORIENTED_EDGE('',*,*,#1186,.T.);
#1186 = EDGE_CURVE('',#1179,#1187,#1189,.T.);
#1187 = VERTEX_POINT('',#1188);
#1188 = CARTESIAN_POINT('',(-1.016,-3.81,2.54));
#1189 = LINE('',#1190,#1191);
#1190 = CARTESIAN_POINT('',(-1.27,-3.556,2.54));
#1191 = VECTOR('',#1192,1.);
#1192 = DIRECTION('',(0.707106781187,-0.707106781187,0.));
#1193 = ORIENTED_EDGE('',*,*,#1194,.T.);
#1194 = EDGE_CURVE('',#1187,#1195,#1197,.T.);
#1195 = VERTEX_POINT('',#1196);
#1196 = CARTESIAN_POINT('',(-1.27,-4.064,2.54));
#1197 = LINE('',#1198,#1199);
#1198 = CARTESIAN_POINT('',(-1.016,-3.81,2.54));
#1199 = VECTOR('',#1200,1.);
#1200 = DIRECTION('',(-0.707106781187,-0.707106781187,0.));
#1201 = ORIENTED_EDGE('',*,*,#1202,.T.);
#1202 = EDGE_CURVE('',#1195,#1203,#1205,.T.);
#1203 = VERTEX_POINT('',#1204);
#1204 = CARTESIAN_POINT('',(-1.27,-6.096,2.54));
#1205 = LINE('',#1206,#1207);
#1206 = CARTESIAN_POINT('',(-1.27,-4.064,2.54));
#1207 = VECTOR('',#1208,1.);
#1208 = DIRECTION('',(0.,-1.,0.));
#1209 = ORIENTED_EDGE('',*,*,#1210,.T.);
#1210 = EDGE_CURVE('',#1203,#1211,#1213,.T.);
#1211 = VERTEX_POINT('',#1212);
#1212 = CARTESIAN_POINT('',(-1.016,-6.35,2.54));
#1213 = LINE('',#1214,#1215);
#1214 = CARTESIAN_POINT('',(-1.27,-6.096,2.54));
#1215 = VECTOR('',#1216,1.);
#1216 = DIRECTION('',(0.707106781187,-0.707106781187,0.));
#1217 = ORIENTED_EDGE('',*,*,#1218,.T.);
#1218 = EDGE_CURVE('',#1211,#1219,#1221,.T.);
#1219 = VERTEX_POINT('',#1220);
#1220 = CARTESIAN_POINT('',(-1.27,-6.604,2.54));
#1221 = LINE('',#1222,#1223);
#1222 = CARTESIAN_POINT('',(-1.016,-6.35,2.54));
#1223 = VECTOR('',#1224,1.);
#1224 = DIRECTION('',(-0.707106781187,-0.707106781187,0.));
#1225 = ORIENTED_EDGE('',*,*,#1226,.T.);
#1226 = EDGE_CURVE('',#1219,#1227,#1229,.T.);
#1227 = VERTEX_POINT('',#1228);
#1228 = CARTESIAN_POINT('',(-1.27,-8.636,2.54));
#1229 = LINE('',#1230,#1231);
#1230 = CARTESIAN_POINT('',(-1.27,-6.604,2.54));
#1231 = VECTOR('',#1232,1.);
#1232 = DIRECTION('',(0.,-1.,0.));
#1233 = ORIENTED_EDGE('',*,*,#1234,.T.);
#1234 = EDGE_CURVE('',#1227,#1235,#1237,.T.);
#1235 = VERTEX_POINT('',#1236);
#1236 = CARTESIAN_POINT('',(-1.016,-8.89,2.54));
#1237 = LINE('',#1238,#1239);
#1238 = CARTESIAN_POINT('',(-1.27,-8.636,2.54));
#1239 = VECTOR('',#1240,1.);
#1240 = DIRECTION('',(0.707106781187,-0.707106781187,0.));
#1241 = ORIENTED_EDGE('',*,*,#1242,.T.);
#1242 = EDGE_CURVE('',#1235,#1243,#1245,.T.);
#1243 = VERTEX_POINT('',#1244);
#1244 = CARTESIAN_POINT('',(1.016,-8.89,2.54));
#1245 = LINE('',#1246,#1247);
#1246 = CARTESIAN_POINT('',(-1.016,-8.89,2.54));
#1247 = VECTOR('',#1248,1.);
#1248 = DIRECTION('',(1.,0.,0.));
#1249 = ORIENTED_EDGE('',*,*,#1250,.T.);
#1250 = EDGE_CURVE('',#1243,#1251,#1253,.T.);
#1251 = VERTEX_POINT('',#1252);
#1252 = CARTESIAN_POINT('',(1.27,-8.636,2.54));
#1253 = LINE('',#1254,#1255);
#1254 = CARTESIAN_POINT('',(1.016,-8.89,2.54));
#1255 = VECTOR('',#1256,1.);
#1256 = DIRECTION('',(0.707106781187,0.707106781187,0.));
#1257 = ORIENTED_EDGE('',*,*,#1258,.T.);
#1258 = EDGE_CURVE('',#1251,#1259,#1261,.T.);
#1259 = VERTEX_POINT('',#1260);
#1260 = CARTESIAN_POINT('',(1.27,-6.604,2.54));
#1261 = LINE('',#1262,#1263);
#1262 = CARTESIAN_POINT('',(1.27,-8.636,2.54));
#1263 = VECTOR('',#1264,1.);
#1264 = DIRECTION('',(0.,1.,0.));
#1265 = ORIENTED_EDGE('',*,*,#1266,.T.);
#1266 = EDGE_CURVE('',#1259,#1267,#1269,.T.);
#1267 = VERTEX_POINT('',#1268);
#1268 = CARTESIAN_POINT('',(1.016,-6.35,2.54));
#1269 = LINE('',#1270,#1271);
#1270 = CARTESIAN_POINT('',(1.27,-6.604,2.54));
#1271 = VECTOR('',#1272,1.);
#1272 = DIRECTION('',(-0.707106781187,0.707106781187,0.));
#1273 = ORIENTED_EDGE('',*,*,#1274,.T.);
#1274 = EDGE_CURVE('',#1267,#1275,#1277,.T.);
#1275 = VERTEX_POINT('',#1276);
#1276 = CARTESIAN_POINT('',(1.27,-6.096,2.54));
#1277 = LINE('',#1278,#1279);
#1278 = CARTESIAN_POINT('',(1.016,-6.35,2.54));
#1279 = VECTOR('',#1280,1.);
#1280 = DIRECTION('',(0.707106781187,0.707106781187,0.));
#1281 = ORIENTED_EDGE('',*,*,#1282,.T.);
#1282 = EDGE_CURVE('',#1275,#1283,#1285,.T.);
#1283 = VERTEX_POINT('',#1284);
#1284 = CARTESIAN_POINT('',(1.27,-4.064,2.54));
#1285 = LINE('',#1286,#1287);
#1286 = CARTESIAN_POINT('',(1.27,-6.096,2.54));
#1287 = VECTOR('',#1288,1.);
#1288 = DIRECTION('',(0.,1.,0.));
#1289 = ORIENTED_EDGE('',*,*,#1290,.T.);
#1290 = EDGE_CURVE('',#1283,#1291,#1293,.T.);
#1291 = VERTEX_POINT('',#1292);
#1292 = CARTESIAN_POINT('',(1.016,-3.81,2.54));
#1293 = LINE('',#1294,#1295);
#1294 = CARTESIAN_POINT('',(1.27,-4.064,2.54));
#1295 = VECTOR('',#1296,1.);
#1296 = DIRECTION('',(-0.707106781187,0.707106781187,0.));
#1297 = ORIENTED_EDGE('',*,*,#1298,.T.);
#1298 = EDGE_CURVE('',#1291,#1299,#1301,.T.);
#1299 = VERTEX_POINT('',#1300);
#1300 = CARTESIAN_POINT('',(1.27,-3.556,2.54));
#1301 = LINE('',#1302,#1303);
#1302 = CARTESIAN_POINT('',(1.016,-3.81,2.54));
#1303 = VECTOR('',#1304,1.);
#1304 = DIRECTION('',(0.707106781187,0.707106781187,0.));
#1305 = ORIENTED_EDGE('',*,*,#1306,.T.);
#1306 = EDGE_CURVE('',#1299,#1307,#1309,.T.);
#1307 = VERTEX_POINT('',#1308);
#1308 = CARTESIAN_POINT('',(1.27,-1.524,2.54));
#1309 = LINE('',#1310,#1311);
#1310 = CARTESIAN_POINT('',(1.27,-3.556,2.54));
#1311 = VECTOR('',#1312,1.);
#1312 = DIRECTION('',(0.,1.,0.));
#1313 = ORIENTED_EDGE('',*,*,#1314,.T.);
#1314 = EDGE_CURVE('',#1307,#1315,#1317,.T.);
#1315 = VERTEX_POINT('',#1316);
#1316 = CARTESIAN_POINT('',(1.016,-1.27,2.54));
#1317 = LINE('',#1318,#1319);
#1318 = CARTESIAN_POINT('',(1.27,-1.524,2.54));
#1319 = VECTOR('',#1320,1.);
#1320 = DIRECTION('',(-0.707106781187,0.707106781187,0.));
#1321 = ORIENTED_EDGE('',*,*,#1322,.T.);
#1322 = EDGE_CURVE('',#1315,#1323,#1325,.T.);
#1323 = VERTEX_POINT('',#1324);
#1324 = CARTESIAN_POINT('',(1.27,-1.016,2.54));
#1325 = LINE('',#1326,#1327);
#1326 = CARTESIAN_POINT('',(1.016,-1.27,2.54));
#1327 = VECTOR('',#1328,1.);
#1328 = DIRECTION('',(0.707106781187,0.707106781187,0.));
#1329 = ORIENTED_EDGE('',*,*,#1330,.T.);
#1330 = EDGE_CURVE('',#1323,#1331,#1333,.T.);
#1331 = VERTEX_POINT('',#1332);
#1332 = CARTESIAN_POINT('',(1.27,1.016,2.54));
#1333 = LINE('',#1334,#1335);
#1334 = CARTESIAN_POINT('',(1.27,-1.016,2.54));
#1335 = VECTOR('',#1336,1.);
#1336 = DIRECTION('',(0.,1.,0.));
#1337 = ORIENTED_EDGE('',*,*,#1338,.T.);
#1338 = EDGE_CURVE('',#1331,#772,#1339,.T.);
#1339 = LINE('',#1340,#1341);
#1340 = CARTESIAN_POINT('',(1.27,1.016,2.54));
#1341 = VECTOR('',#1342,1.);
#1342 = DIRECTION('',(-0.707106781187,0.707106781187,0.));
#1343 = ORIENTED_EDGE('',*,*,#779,.T.);
#1344 = FACE_BOUND('',#1345,.T.);
#1345 = EDGE_LOOP('',(#1346,#1356,#1364,#1372));
#1346 = ORIENTED_EDGE('',*,*,#1347,.F.);
#1347 = EDGE_CURVE('',#1348,#1350,#1352,.T.);
#1348 = VERTEX_POINT('',#1349);
#1349 = CARTESIAN_POINT('',(0.32,-4.76,2.54));
#1350 = VERTEX_POINT('',#1351);
#1351 = CARTESIAN_POINT('',(-0.32,-4.76,2.54));
#1352 = LINE('',#1353,#1354);
#1353 = CARTESIAN_POINT('',(-0.16,-4.76,2.54));
#1354 = VECTOR('',#1355,1.);
#1355 = DIRECTION('',(-1.,0.,0.));
#1356 = ORIENTED_EDGE('',*,*,#1357,.F.);
#1357 = EDGE_CURVE('',#1358,#1348,#1360,.T.);
#1358 = VERTEX_POINT('',#1359);
#1359 = CARTESIAN_POINT('',(0.32,-5.4,2.54));
#1360 = LINE('',#1361,#1362);
#1361 = CARTESIAN_POINT('',(0.32,-4.605,2.54));
#1362 = VECTOR('',#1363,1.);
#1363 = DIRECTION('',(0.,1.,0.));
#1364 = ORIENTED_EDGE('',*,*,#1365,.T.);
#1365 = EDGE_CURVE('',#1358,#1366,#1368,.T.);
#1366 = VERTEX_POINT('',#1367);
#1367 = CARTESIAN_POINT('',(-0.32,-5.4,2.54));
#1368 = LINE('',#1369,#1370);
#1369 = CARTESIAN_POINT('',(-0.16,-5.4,2.54));
#1370 = VECTOR('',#1371,1.);
#1371 = DIRECTION('',(-1.,0.,0.));
#1372 = ORIENTED_EDGE('',*,*,#1373,.T.);
#1373 = EDGE_CURVE('',#1366,#1350,#1374,.T.);
#1374 = LINE('',#1375,#1376);
#1375 = CARTESIAN_POINT('',(-0.32,-4.605,2.54));
#1376 = VECTOR('',#1377,1.);
#1377 = DIRECTION('',(0.,1.,0.));
#1378 = FACE_BOUND('',#1379,.T.);
#1379 = EDGE_LOOP('',(#1380,#1390,#1398,#1406));
#1380 = ORIENTED_EDGE('',*,*,#1381,.F.);
#1381 = EDGE_CURVE('',#1382,#1384,#1386,.T.);
#1382 = VERTEX_POINT('',#1383);
#1383 = CARTESIAN_POINT('',(0.32,-7.94,2.54));
#1384 = VERTEX_POINT('',#1385);
#1385 = CARTESIAN_POINT('',(0.32,-7.3,2.54));
#1386 = LINE('',#1387,#1388);
#1387 = CARTESIAN_POINT('',(0.32,-5.875,2.54));
#1388 = VECTOR('',#1389,1.);
#1389 = DIRECTION('',(0.,1.,0.));
#1390 = ORIENTED_EDGE('',*,*,#1391,.T.);
#1391 = EDGE_CURVE('',#1382,#1392,#1394,.T.);
#1392 = VERTEX_POINT('',#1393);
#1393 = CARTESIAN_POINT('',(-0.32,-7.94,2.54));
#1394 = LINE('',#1395,#1396);
#1395 = CARTESIAN_POINT('',(-0.16,-7.94,2.54));
#1396 = VECTOR('',#1397,1.);
#1397 = DIRECTION('',(-1.,0.,0.));
#1398 = ORIENTED_EDGE('',*,*,#1399,.T.);
#1399 = EDGE_CURVE('',#1392,#1400,#1402,.T.);
#1400 = VERTEX_POINT('',#1401);
#1401 = CARTESIAN_POINT('',(-0.32,-7.3,2.54));
#1402 = LINE('',#1403,#1404);
#1403 = CARTESIAN_POINT('',(-0.32,-5.875,2.54));
#1404 = VECTOR('',#1405,1.);
#1405 = DIRECTION('',(0.,1.,0.));
#1406 = ORIENTED_EDGE('',*,*,#1407,.F.);
#1407 = EDGE_CURVE('',#1384,#1400,#1408,.T.);
#1408 = LINE('',#1409,#1410);
#1409 = CARTESIAN_POINT('',(-0.16,-7.3,2.54));
#1410 = VECTOR('',#1411,1.);
#1411 = DIRECTION('',(-1.,0.,0.));
#1412 = FACE_BOUND('',#1413,.T.);
#1413 = EDGE_LOOP('',(#1414,#1424,#1432,#1440));
#1414 = ORIENTED_EDGE('',*,*,#1415,.F.);
#1415 = EDGE_CURVE('',#1416,#1418,#1420,.T.);
#1416 = VERTEX_POINT('',#1417);
#1417 = CARTESIAN_POINT('',(0.32,-0.32,2.54));
#1418 = VERTEX_POINT('',#1419);
#1419 = CARTESIAN_POINT('',(0.32,0.32,2.54));
#1420 = LINE('',#1421,#1422);
#1421 = CARTESIAN_POINT('',(0.32,-2.065,2.54));
#1422 = VECTOR('',#1423,1.);
#1423 = DIRECTION('',(0.,1.,0.));
#1424 = ORIENTED_EDGE('',*,*,#1425,.T.);
#1425 = EDGE_CURVE('',#1416,#1426,#1428,.T.);
#1426 = VERTEX_POINT('',#1427);
#1427 = CARTESIAN_POINT('',(-0.32,-0.32,2.54));
#1428 = LINE('',#1429,#1430);
#1429 = CARTESIAN_POINT('',(-0.16,-0.32,2.54));
#1430 = VECTOR('',#1431,1.);
#1431 = DIRECTION('',(-1.,0.,0.));
#1432 = ORIENTED_EDGE('',*,*,#1433,.T.);
#1433 = EDGE_CURVE('',#1426,#1434,#1436,.T.);
#1434 = VERTEX_POINT('',#1435);
#1435 = CARTESIAN_POINT('',(-0.32,0.32,2.54));
#1436 = LINE('',#1437,#1438);
#1437 = CARTESIAN_POINT('',(-0.32,-2.065,2.54));
#1438 = VECTOR('',#1439,1.);
#1439 = DIRECTION('',(0.,1.,0.));
#1440 = ORIENTED_EDGE('',*,*,#1441,.F.);
#1441 = EDGE_CURVE('',#1418,#1434,#1442,.T.);
#1442 = LINE('',#1443,#1444);
#1443 = CARTESIAN_POINT('',(-0.16,0.32,2.54));
#1444 = VECTOR('',#1445,1.);
#1445 = DIRECTION('',(-1.,0.,0.));
#1446 = FACE_BOUND('',#1447,.T.);
#1447 = EDGE_LOOP('',(#1448,#1458,#1466,#1474));
#1448 = ORIENTED_EDGE('',*,*,#1449,.F.);
#1449 = EDGE_CURVE('',#1450,#1452,#1454,.T.);
#1450 = VERTEX_POINT('',#1451);
#1451 = CARTESIAN_POINT('',(0.32,-2.22,2.54));
#1452 = VERTEX_POINT('',#1453);
#1453 = CARTESIAN_POINT('',(-0.32,-2.22,2.54));
#1454 = LINE('',#1455,#1456);
#1455 = CARTESIAN_POINT('',(-0.16,-2.22,2.54));
#1456 = VECTOR('',#1457,1.);
#1457 = DIRECTION('',(-1.,0.,0.));
#1458 = ORIENTED_EDGE('',*,*,#1459,.F.);
#1459 = EDGE_CURVE('',#1460,#1450,#1462,.T.);
#1460 = VERTEX_POINT('',#1461);
#1461 = CARTESIAN_POINT('',(0.32,-2.86,2.54));
#1462 = LINE('',#1463,#1464);
#1463 = CARTESIAN_POINT('',(0.32,-3.335,2.54));
#1464 = VECTOR('',#1465,1.);
#1465 = DIRECTION('',(0.,1.,0.));
#1466 = ORIENTED_EDGE('',*,*,#1467,.T.);
#1467 = EDGE_CURVE('',#1460,#1468,#1470,.T.);
#1468 = VERTEX_POINT('',#1469);
#1469 = CARTESIAN_POINT('',(-0.32,-2.86,2.54));
#1470 = LINE('',#1471,#1472);
#1471 = CARTESIAN_POINT('',(-0.16,-2.86,2.54));
#1472 = VECTOR('',#1473,1.);
#1473 = DIRECTION('',(-1.,0.,0.));
#1474 = ORIENTED_EDGE('',*,*,#1475,.T.);
#1475 = EDGE_CURVE('',#1468,#1452,#1476,.T.);
#1476 = LINE('',#1477,#1478);
#1477 = CARTESIAN_POINT('',(-0.32,-3.335,2.54));
#1478 = VECTOR('',#1479,1.);
#1479 = DIRECTION('',(0.,1.,0.));
#1480 = PLANE('',#1481);
#1481 = AXIS2_PLACEMENT_3D('',#1482,#1483,#1484);
#1482 = CARTESIAN_POINT('',(4.259053689278E-17,-3.81,2.54));
#1483 = DIRECTION('',(0.,0.,1.));
#1484 = DIRECTION('',(1.,0.,-0.));
#1485 = ADVANCED_FACE('',(#1486),#1497,.F.);
#1486 = FACE_BOUND('',#1487,.F.);
#1487 = EDGE_LOOP('',(#1488,#1494,#1495,#1496));
#1488 = ORIENTED_EDGE('',*,*,#1489,.T.);
#1489 = EDGE_CURVE('',#1002,#1331,#1490,.T.);
#1490 = LINE('',#1491,#1492);
#1491 = CARTESIAN_POINT('',(1.27,1.016,0.));
#1492 = VECTOR('',#1493,1.);
#1493 = DIRECTION('',(0.,0.,1.));
#1494 = ORIENTED_EDGE('',*,*,#1338,.T.);
#1495 = ORIENTED_EDGE('',*,*,#769,.F.);
#1496 = ORIENTED_EDGE('',*,*,#1009,.F.);
#1497 = PLANE('',#1498);
#1498 = AXIS2_PLACEMENT_3D('',#1499,#1500,#1501);
#1499 = CARTESIAN_POINT('',(1.27,1.016,0.));
#1500 = DIRECTION('',(-0.707106781187,-0.707106781187,0.));
#1501 = DIRECTION('',(-0.707106781187,0.707106781187,0.));
#1502 = ADVANCED_FACE('',(#1503),#1514,.F.);
#1503 = FACE_BOUND('',#1504,.F.);
#1504 = EDGE_LOOP('',(#1505,#1506,#1507,#1513));
#1505 = ORIENTED_EDGE('',*,*,#809,.T.);
#1506 = ORIENTED_EDGE('',*,*,#1162,.T.);
#1507 = ORIENTED_EDGE('',*,*,#1508,.F.);
#1508 = EDGE_CURVE('',#834,#1163,#1509,.T.);
#1509 = LINE('',#1510,#1511);
#1510 = CARTESIAN_POINT('',(-1.016,-1.27,0.));
#1511 = VECTOR('',#1512,1.);
#1512 = DIRECTION('',(0.,0.,1.));
#1513 = ORIENTED_EDGE('',*,*,#833,.F.);
#1514 = PLANE('',#1515);
#1515 = AXIS2_PLACEMENT_3D('',#1516,#1517,#1518);
#1516 = CARTESIAN_POINT('',(-1.27,-1.016,0.));
#1517 = DIRECTION('',(0.707106781187,0.707106781187,0.));
#1518 = DIRECTION('',(0.707106781187,-0.707106781187,0.));
#1519 = ADVANCED_FACE('',(#1520),#1531,.F.);
#1520 = FACE_BOUND('',#1521,.F.);
#1521 = EDGE_LOOP('',(#1522,#1528,#1529,#1530));
#1522 = ORIENTED_EDGE('',*,*,#1523,.T.);
#1523 = EDGE_CURVE('',#994,#1323,#1524,.T.);
#1524 = LINE('',#1525,#1526);
#1525 = CARTESIAN_POINT('',(1.27,-1.016,0.));
#1526 = VECTOR('',#1527,1.);
#1527 = DIRECTION('',(0.,0.,1.));
#1528 = ORIENTED_EDGE('',*,*,#1330,.T.);
#1529 = ORIENTED_EDGE('',*,*,#1489,.F.);
#1530 = ORIENTED_EDGE('',*,*,#1001,.F.);
#1531 = PLANE('',#1532);
#1532 = AXIS2_PLACEMENT_3D('',#1533,#1534,#1535);
#1533 = CARTESIAN_POINT('',(1.27,-1.016,0.));
#1534 = DIRECTION('',(-1.,0.,0.));
#1535 = DIRECTION('',(0.,1.,0.));
#1536 = ADVANCED_FACE('',(#1537),#1548,.F.);
#1537 = FACE_BOUND('',#1538,.F.);
#1538 = EDGE_LOOP('',(#1539,#1540,#1541,#1547));
#1539 = ORIENTED_EDGE('',*,*,#1508,.T.);
#1540 = ORIENTED_EDGE('',*,*,#1170,.T.);
#1541 = ORIENTED_EDGE('',*,*,#1542,.F.);
#1542 = EDGE_CURVE('',#842,#1171,#1543,.T.);
#1543 = LINE('',#1544,#1545);
#1544 = CARTESIAN_POINT('',(-1.27,-1.524,0.));
#1545 = VECTOR('',#1546,1.);
#1546 = DIRECTION('',(0.,0.,1.));
#1547 = ORIENTED_EDGE('',*,*,#841,.F.);
#1548 = PLANE('',#1549);
#1549 = AXIS2_PLACEMENT_3D('',#1550,#1551,#1552);
#1550 = CARTESIAN_POINT('',(-1.016,-1.27,0.));
#1551 = DIRECTION('',(0.707106781187,-0.707106781187,0.));
#1552 = DIRECTION('',(-0.707106781187,-0.707106781187,0.));
#1553 = ADVANCED_FACE('',(#1554),#1565,.F.);
#1554 = FACE_BOUND('',#1555,.F.);
#1555 = EDGE_LOOP('',(#1556,#1562,#1563,#1564));
#1556 = ORIENTED_EDGE('',*,*,#1557,.T.);
#1557 = EDGE_CURVE('',#986,#1315,#1558,.T.);
#1558 = LINE('',#1559,#1560);
#1559 = CARTESIAN_POINT('',(1.016,-1.27,0.));
#1560 = VECTOR('',#1561,1.);
#1561 = DIRECTION('',(0.,0.,1.));
#1562 = ORIENTED_EDGE('',*,*,#1322,.T.);
#1563 = ORIENTED_EDGE('',*,*,#1523,.F.);
#1564 = ORIENTED_EDGE('',*,*,#993,.F.);
#1565 = PLANE('',#1566);
#1566 = AXIS2_PLACEMENT_3D('',#1567,#1568,#1569);
#1567 = CARTESIAN_POINT('',(1.016,-1.27,0.));
#1568 = DIRECTION('',(-0.707106781187,0.707106781187,0.));
#1569 = DIRECTION('',(0.707106781187,0.707106781187,0.));
#1570 = ADVANCED_FACE('',(#1571),#1582,.F.);
#1571 = FACE_BOUND('',#1572,.F.);
#1572 = EDGE_LOOP('',(#1573,#1574,#1575,#1581));
#1573 = ORIENTED_EDGE('',*,*,#1542,.T.);
#1574 = ORIENTED_EDGE('',*,*,#1178,.T.);
#1575 = ORIENTED_EDGE('',*,*,#1576,.F.);
#1576 = EDGE_CURVE('',#850,#1179,#1577,.T.);
#1577 = LINE('',#1578,#1579);
#1578 = CARTESIAN_POINT('',(-1.27,-3.556,0.));
#1579 = VECTOR('',#1580,1.);
#1580 = DIRECTION('',(0.,0.,1.));
#1581 = ORIENTED_EDGE('',*,*,#849,.F.);
#1582 = PLANE('',#1583);
#1583 = AXIS2_PLACEMENT_3D('',#1584,#1585,#1586);
#1584 = CARTESIAN_POINT('',(-1.27,-1.524,0.));
#1585 = DIRECTION('',(1.,0.,0.));
#1586 = DIRECTION('',(0.,-1.,0.));
#1587 = ADVANCED_FACE('',(#1588),#1599,.F.);
#1588 = FACE_BOUND('',#1589,.F.);
#1589 = EDGE_LOOP('',(#1590,#1596,#1597,#1598));
#1590 = ORIENTED_EDGE('',*,*,#1591,.T.);
#1591 = EDGE_CURVE('',#978,#1307,#1592,.T.);
#1592 = LINE('',#1593,#1594);
#1593 = CARTESIAN_POINT('',(1.27,-1.524,0.));
#1594 = VECTOR('',#1595,1.);
#1595 = DIRECTION('',(0.,0.,1.));
#1596 = ORIENTED_EDGE('',*,*,#1314,.T.);
#1597 = ORIENTED_EDGE('',*,*,#1557,.F.);
#1598 = ORIENTED_EDGE('',*,*,#985,.F.);
#1599 = PLANE('',#1600);
#1600 = AXIS2_PLACEMENT_3D('',#1601,#1602,#1603);
#1601 = CARTESIAN_POINT('',(1.27,-1.524,0.));
#1602 = DIRECTION('',(-0.707106781187,-0.707106781187,0.));
#1603 = DIRECTION('',(-0.707106781187,0.707106781187,0.));
#1604 = ADVANCED_FACE('',(#1605),#1616,.F.);
#1605 = FACE_BOUND('',#1606,.F.);
#1606 = EDGE_LOOP('',(#1607,#1608,#1609,#1615));
#1607 = ORIENTED_EDGE('',*,*,#1576,.T.);
#1608 = ORIENTED_EDGE('',*,*,#1186,.T.);
#1609 = ORIENTED_EDGE('',*,*,#1610,.F.);
#1610 = EDGE_CURVE('',#858,#1187,#1611,.T.);
#1611 = LINE('',#1612,#1613);
#1612 = CARTESIAN_POINT('',(-1.016,-3.81,0.));
#1613 = VECTOR('',#1614,1.);
#1614 = DIRECTION('',(0.,0.,1.));
#1615 = ORIENTED_EDGE('',*,*,#857,.F.);
#1616 = PLANE('',#1617);
#1617 = AXIS2_PLACEMENT_3D('',#1618,#1619,#1620);
#1618 = CARTESIAN_POINT('',(-1.27,-3.556,0.));
#1619 = DIRECTION('',(0.707106781187,0.707106781187,0.));
#1620 = DIRECTION('',(0.707106781187,-0.707106781187,0.));
#1621 = ADVANCED_FACE('',(#1622),#1633,.F.);
#1622 = FACE_BOUND('',#1623,.F.);
#1623 = EDGE_LOOP('',(#1624,#1630,#1631,#1632));
#1624 = ORIENTED_EDGE('',*,*,#1625,.T.);
#1625 = EDGE_CURVE('',#970,#1299,#1626,.T.);
#1626 = LINE('',#1627,#1628);
#1627 = CARTESIAN_POINT('',(1.27,-3.556,0.));
#1628 = VECTOR('',#1629,1.);
#1629 = DIRECTION('',(0.,0.,1.));
#1630 = ORIENTED_EDGE('',*,*,#1306,.T.);
#1631 = ORIENTED_EDGE('',*,*,#1591,.F.);
#1632 = ORIENTED_EDGE('',*,*,#977,.F.);
#1633 = PLANE('',#1634);
#1634 = AXIS2_PLACEMENT_3D('',#1635,#1636,#1637);
#1635 = CARTESIAN_POINT('',(1.27,-3.556,0.));
#1636 = DIRECTION('',(-1.,0.,0.));
#1637 = DIRECTION('',(0.,1.,0.));
#1638 = ADVANCED_FACE('',(#1639),#1650,.F.);
#1639 = FACE_BOUND('',#1640,.F.);
#1640 = EDGE_LOOP('',(#1641,#1642,#1643,#1649));
#1641 = ORIENTED_EDGE('',*,*,#1610,.T.);
#1642 = ORIENTED_EDGE('',*,*,#1194,.T.);
#1643 = ORIENTED_EDGE('',*,*,#1644,.F.);
#1644 = EDGE_CURVE('',#866,#1195,#1645,.T.);
#1645 = LINE('',#1646,#1647);
#1646 = CARTESIAN_POINT('',(-1.27,-4.064,0.));
#1647 = VECTOR('',#1648,1.);
#1648 = DIRECTION('',(0.,0.,1.));
#1649 = ORIENTED_EDGE('',*,*,#865,.F.);
#1650 = PLANE('',#1651);
#1651 = AXIS2_PLACEMENT_3D('',#1652,#1653,#1654);
#1652 = CARTESIAN_POINT('',(-1.016,-3.81,0.));
#1653 = DIRECTION('',(0.707106781187,-0.707106781187,0.));
#1654 = DIRECTION('',(-0.707106781187,-0.707106781187,0.));
#1655 = ADVANCED_FACE('',(#1656),#1667,.F.);
#1656 = FACE_BOUND('',#1657,.F.);
#1657 = EDGE_LOOP('',(#1658,#1664,#1665,#1666));
#1658 = ORIENTED_EDGE('',*,*,#1659,.T.);
#1659 = EDGE_CURVE('',#962,#1291,#1660,.T.);
#1660 = LINE('',#1661,#1662);
#1661 = CARTESIAN_POINT('',(1.016,-3.81,0.));
#1662 = VECTOR('',#1663,1.);
#1663 = DIRECTION('',(0.,0.,1.));
#1664 = ORIENTED_EDGE('',*,*,#1298,.T.);
#1665 = ORIENTED_EDGE('',*,*,#1625,.F.);
#1666 = ORIENTED_EDGE('',*,*,#969,.F.);
#1667 = PLANE('',#1668);
#1668 = AXIS2_PLACEMENT_3D('',#1669,#1670,#1671);
#1669 = CARTESIAN_POINT('',(1.016,-3.81,0.));
#1670 = DIRECTION('',(-0.707106781187,0.707106781187,0.));
#1671 = DIRECTION('',(0.707106781187,0.707106781187,0.));
#1672 = ADVANCED_FACE('',(#1673),#1684,.F.);
#1673 = FACE_BOUND('',#1674,.F.);
#1674 = EDGE_LOOP('',(#1675,#1676,#1677,#1683));
#1675 = ORIENTED_EDGE('',*,*,#1644,.T.);
#1676 = ORIENTED_EDGE('',*,*,#1202,.T.);
#1677 = ORIENTED_EDGE('',*,*,#1678,.F.);
#1678 = EDGE_CURVE('',#874,#1203,#1679,.T.);
#1679 = LINE('',#1680,#1681);
#1680 = CARTESIAN_POINT('',(-1.27,-6.096,0.));
#1681 = VECTOR('',#1682,1.);
#1682 = DIRECTION('',(0.,0.,1.));
#1683 = ORIENTED_EDGE('',*,*,#873,.F.);
#1684 = PLANE('',#1685);
#1685 = AXIS2_PLACEMENT_3D('',#1686,#1687,#1688);
#1686 = CARTESIAN_POINT('',(-1.27,-4.064,0.));
#1687 = DIRECTION('',(1.,0.,0.));
#1688 = DIRECTION('',(0.,-1.,0.));
#1689 = ADVANCED_FACE('',(#1690),#1701,.F.);
#1690 = FACE_BOUND('',#1691,.F.);
#1691 = EDGE_LOOP('',(#1692,#1698,#1699,#1700));
#1692 = ORIENTED_EDGE('',*,*,#1693,.T.);
#1693 = EDGE_CURVE('',#954,#1283,#1694,.T.);
#1694 = LINE('',#1695,#1696);
#1695 = CARTESIAN_POINT('',(1.27,-4.064,0.));
#1696 = VECTOR('',#1697,1.);
#1697 = DIRECTION('',(0.,0.,1.));
#1698 = ORIENTED_EDGE('',*,*,#1290,.T.);
#1699 = ORIENTED_EDGE('',*,*,#1659,.F.);
#1700 = ORIENTED_EDGE('',*,*,#961,.F.);
#1701 = PLANE('',#1702);
#1702 = AXIS2_PLACEMENT_3D('',#1703,#1704,#1705);
#1703 = CARTESIAN_POINT('',(1.27,-4.064,0.));
#1704 = DIRECTION('',(-0.707106781187,-0.707106781187,0.));
#1705 = DIRECTION('',(-0.707106781187,0.707106781187,0.));
#1706 = ADVANCED_FACE('',(#1707),#1718,.F.);
#1707 = FACE_BOUND('',#1708,.F.);
#1708 = EDGE_LOOP('',(#1709,#1710,#1711,#1717));
#1709 = ORIENTED_EDGE('',*,*,#1678,.T.);
#1710 = ORIENTED_EDGE('',*,*,#1210,.T.);
#1711 = ORIENTED_EDGE('',*,*,#1712,.F.);
#1712 = EDGE_CURVE('',#882,#1211,#1713,.T.);
#1713 = LINE('',#1714,#1715);
#1714 = CARTESIAN_POINT('',(-1.016,-6.35,0.));
#1715 = VECTOR('',#1716,1.);
#1716 = DIRECTION('',(0.,0.,1.));
#1717 = ORIENTED_EDGE('',*,*,#881,.F.);
#1718 = PLANE('',#1719);
#1719 = AXIS2_PLACEMENT_3D('',#1720,#1721,#1722);
#1720 = CARTESIAN_POINT('',(-1.27,-6.096,0.));
#1721 = DIRECTION('',(0.707106781187,0.707106781187,0.));
#1722 = DIRECTION('',(0.707106781187,-0.707106781187,0.));
#1723 = ADVANCED_FACE('',(#1724),#1735,.F.);
#1724 = FACE_BOUND('',#1725,.F.);
#1725 = EDGE_LOOP('',(#1726,#1732,#1733,#1734));
#1726 = ORIENTED_EDGE('',*,*,#1727,.T.);
#1727 = EDGE_CURVE('',#946,#1275,#1728,.T.);
#1728 = LINE('',#1729,#1730);
#1729 = CARTESIAN_POINT('',(1.27,-6.096,0.));
#1730 = VECTOR('',#1731,1.);
#1731 = DIRECTION('',(0.,0.,1.));
#1732 = ORIENTED_EDGE('',*,*,#1282,.T.);
#1733 = ORIENTED_EDGE('',*,*,#1693,.F.);
#1734 = ORIENTED_EDGE('',*,*,#953,.F.);
#1735 = PLANE('',#1736);
#1736 = AXIS2_PLACEMENT_3D('',#1737,#1738,#1739);
#1737 = CARTESIAN_POINT('',(1.27,-6.096,0.));
#1738 = DIRECTION('',(-1.,0.,0.));
#1739 = DIRECTION('',(0.,1.,0.));
#1740 = ADVANCED_FACE('',(#1741),#1752,.F.);
#1741 = FACE_BOUND('',#1742,.F.);
#1742 = EDGE_LOOP('',(#1743,#1744,#1745,#1751));
#1743 = ORIENTED_EDGE('',*,*,#1712,.T.);
#1744 = ORIENTED_EDGE('',*,*,#1218,.T.);
#1745 = ORIENTED_EDGE('',*,*,#1746,.F.);
#1746 = EDGE_CURVE('',#890,#1219,#1747,.T.);
#1747 = LINE('',#1748,#1749);
#1748 = CARTESIAN_POINT('',(-1.27,-6.604,0.));
#1749 = VECTOR('',#1750,1.);
#1750 = DIRECTION('',(0.,0.,1.));
#1751 = ORIENTED_EDGE('',*,*,#889,.F.);
#1752 = PLANE('',#1753);
#1753 = AXIS2_PLACEMENT_3D('',#1754,#1755,#1756);
#1754 = CARTESIAN_POINT('',(-1.016,-6.35,0.));
#1755 = DIRECTION('',(0.707106781187,-0.707106781187,0.));
#1756 = DIRECTION('',(-0.707106781187,-0.707106781187,0.));
#1757 = ADVANCED_FACE('',(#1758),#1769,.F.);
#1758 = FACE_BOUND('',#1759,.F.);
#1759 = EDGE_LOOP('',(#1760,#1766,#1767,#1768));
#1760 = ORIENTED_EDGE('',*,*,#1761,.T.);
#1761 = EDGE_CURVE('',#938,#1267,#1762,.T.);
#1762 = LINE('',#1763,#1764);
#1763 = CARTESIAN_POINT('',(1.016,-6.35,0.));
#1764 = VECTOR('',#1765,1.);
#1765 = DIRECTION('',(0.,0.,1.));
#1766 = ORIENTED_EDGE('',*,*,#1274,.T.);
#1767 = ORIENTED_EDGE('',*,*,#1727,.F.);
#1768 = ORIENTED_EDGE('',*,*,#945,.F.);
#1769 = PLANE('',#1770);
#1770 = AXIS2_PLACEMENT_3D('',#1771,#1772,#1773);
#1771 = CARTESIAN_POINT('',(1.016,-6.35,0.));
#1772 = DIRECTION('',(-0.707106781187,0.707106781187,0.));
#1773 = DIRECTION('',(0.707106781187,0.707106781187,0.));
#1774 = ADVANCED_FACE('',(#1775),#1786,.F.);
#1775 = FACE_BOUND('',#1776,.F.);
#1776 = EDGE_LOOP('',(#1777,#1778,#1779,#1785));
#1777 = ORIENTED_EDGE('',*,*,#1746,.T.);
#1778 = ORIENTED_EDGE('',*,*,#1226,.T.);
#1779 = ORIENTED_EDGE('',*,*,#1780,.F.);
#1780 = EDGE_CURVE('',#898,#1227,#1781,.T.);
#1781 = LINE('',#1782,#1783);
#1782 = CARTESIAN_POINT('',(-1.27,-8.636,0.));
#1783 = VECTOR('',#1784,1.);
#1784 = DIRECTION('',(0.,0.,1.));
#1785 = ORIENTED_EDGE('',*,*,#897,.F.);
#1786 = PLANE('',#1787);
#1787 = AXIS2_PLACEMENT_3D('',#1788,#1789,#1790);
#1788 = CARTESIAN_POINT('',(-1.27,-6.604,0.));
#1789 = DIRECTION('',(1.,0.,0.));
#1790 = DIRECTION('',(0.,-1.,0.));
#1791 = ADVANCED_FACE('',(#1792),#1803,.F.);
#1792 = FACE_BOUND('',#1793,.F.);
#1793 = EDGE_LOOP('',(#1794,#1800,#1801,#1802));
#1794 = ORIENTED_EDGE('',*,*,#1795,.T.);
#1795 = EDGE_CURVE('',#930,#1259,#1796,.T.);
#1796 = LINE('',#1797,#1798);
#1797 = CARTESIAN_POINT('',(1.27,-6.604,0.));
#1798 = VECTOR('',#1799,1.);
#1799 = DIRECTION('',(0.,0.,1.));
#1800 = ORIENTED_EDGE('',*,*,#1266,.T.);
#1801 = ORIENTED_EDGE('',*,*,#1761,.F.);
#1802 = ORIENTED_EDGE('',*,*,#937,.F.);
#1803 = PLANE('',#1804);
#1804 = AXIS2_PLACEMENT_3D('',#1805,#1806,#1807);
#1805 = CARTESIAN_POINT('',(1.27,-6.604,0.));
#1806 = DIRECTION('',(-0.707106781187,-0.707106781187,0.));
#1807 = DIRECTION('',(-0.707106781187,0.707106781187,0.));
#1808 = ADVANCED_FACE('',(#1809),#1820,.F.);
#1809 = FACE_BOUND('',#1810,.F.);
#1810 = EDGE_LOOP('',(#1811,#1812,#1813,#1819));
#1811 = ORIENTED_EDGE('',*,*,#1780,.T.);
#1812 = ORIENTED_EDGE('',*,*,#1234,.T.);
#1813 = ORIENTED_EDGE('',*,*,#1814,.F.);
#1814 = EDGE_CURVE('',#906,#1235,#1815,.T.);
#1815 = LINE('',#1816,#1817);
#1816 = CARTESIAN_POINT('',(-1.016,-8.89,0.));
#1817 = VECTOR('',#1818,1.);
#1818 = DIRECTION('',(0.,0.,1.));
#1819 = ORIENTED_EDGE('',*,*,#905,.F.);
#1820 = PLANE('',#1821);
#1821 = AXIS2_PLACEMENT_3D('',#1822,#1823,#1824);
#1822 = CARTESIAN_POINT('',(-1.27,-8.636,0.));
#1823 = DIRECTION('',(0.707106781187,0.707106781187,0.));
#1824 = DIRECTION('',(0.707106781187,-0.707106781187,0.));
#1825 = ADVANCED_FACE('',(#1826),#1837,.F.);
#1826 = FACE_BOUND('',#1827,.F.);
#1827 = EDGE_LOOP('',(#1828,#1834,#1835,#1836));
#1828 = ORIENTED_EDGE('',*,*,#1829,.T.);
#1829 = EDGE_CURVE('',#922,#1251,#1830,.T.);
#1830 = LINE('',#1831,#1832);
#1831 = CARTESIAN_POINT('',(1.27,-8.636,0.));
#1832 = VECTOR('',#1833,1.);
#1833 = DIRECTION('',(0.,0.,1.));
#1834 = ORIENTED_EDGE('',*,*,#1258,.T.);
#1835 = ORIENTED_EDGE('',*,*,#1795,.F.);
#1836 = ORIENTED_EDGE('',*,*,#929,.F.);
#1837 = PLANE('',#1838);
#1838 = AXIS2_PLACEMENT_3D('',#1839,#1840,#1841);
#1839 = CARTESIAN_POINT('',(1.27,-8.636,0.));
#1840 = DIRECTION('',(-1.,0.,0.));
#1841 = DIRECTION('',(0.,1.,0.));
#1842 = ADVANCED_FACE('',(#1843),#1854,.F.);
#1843 = FACE_BOUND('',#1844,.F.);
#1844 = EDGE_LOOP('',(#1845,#1846,#1847,#1853));
#1845 = ORIENTED_EDGE('',*,*,#1814,.T.);
#1846 = ORIENTED_EDGE('',*,*,#1242,.T.);
#1847 = ORIENTED_EDGE('',*,*,#1848,.F.);
#1848 = EDGE_CURVE('',#914,#1243,#1849,.T.);
#1849 = LINE('',#1850,#1851);
#1850 = CARTESIAN_POINT('',(1.016,-8.89,0.));
#1851 = VECTOR('',#1852,1.);
#1852 = DIRECTION('',(0.,0.,1.));
#1853 = ORIENTED_EDGE('',*,*,#913,.F.);
#1854 = PLANE('',#1855);
#1855 = AXIS2_PLACEMENT_3D('',#1856,#1857,#1858);
#1856 = CARTESIAN_POINT('',(-1.016,-8.89,0.));
#1857 = DIRECTION('',(0.,1.,0.));
#1858 = DIRECTION('',(1.,0.,0.));
#1859 = ADVANCED_FACE('',(#1860),#1866,.F.);
#1860 = FACE_BOUND('',#1861,.F.);
#1861 = EDGE_LOOP('',(#1862,#1863,#1864,#1865));
#1862 = ORIENTED_EDGE('',*,*,#1848,.T.);
#1863 = ORIENTED_EDGE('',*,*,#1250,.T.);
#1864 = ORIENTED_EDGE('',*,*,#1829,.F.);
#1865 = ORIENTED_EDGE('',*,*,#921,.F.);
#1866 = PLANE('',#1867);
#1867 = AXIS2_PLACEMENT_3D('',#1868,#1869,#1870);
#1868 = CARTESIAN_POINT('',(1.016,-8.89,0.));
#1869 = DIRECTION('',(-0.707106781187,0.707106781187,0.));
#1870 = DIRECTION('',(0.707106781187,0.707106781187,0.));
#1871 = ADVANCED_FACE('',(#1872),#1897,.T.);
#1872 = FACE_BOUND('',#1873,.T.);
#1873 = EDGE_LOOP('',(#1874,#1882,#1890,#1896));
#1874 = ORIENTED_EDGE('',*,*,#1875,.F.);
#1875 = EDGE_CURVE('',#1876,#1019,#1878,.T.);
#1876 = VERTEX_POINT('',#1877);
#1877 = CARTESIAN_POINT('',(0.32,-4.76,-2.84));
#1878 = LINE('',#1879,#1880);
#1879 = CARTESIAN_POINT('',(0.32,-4.76,-3.));
#1880 = VECTOR('',#1881,1.);
#1881 = DIRECTION('',(0.,0.,1.));
#1882 = ORIENTED_EDGE('',*,*,#1883,.F.);
#1883 = EDGE_CURVE('',#1884,#1876,#1886,.T.);
#1884 = VERTEX_POINT('',#1885);
#1885 = CARTESIAN_POINT('',(-0.32,-4.76,-2.84));
#1886 = LINE('',#1887,#1888);
#1887 = CARTESIAN_POINT('',(-0.32,-4.76,-2.84));
#1888 = VECTOR('',#1889,1.);
#1889 = DIRECTION('',(1.,0.,0.));
#1890 = ORIENTED_EDGE('',*,*,#1891,.T.);
#1891 = EDGE_CURVE('',#1884,#1021,#1892,.T.);
#1892 = LINE('',#1893,#1894);
#1893 = CARTESIAN_POINT('',(-0.32,-4.76,-3.));
#1894 = VECTOR('',#1895,1.);
#1895 = DIRECTION('',(0.,0.,1.));
#1896 = ORIENTED_EDGE('',*,*,#1018,.F.);
#1897 = PLANE('',#1898);
#1898 = AXIS2_PLACEMENT_3D('',#1899,#1900,#1901);
#1899 = CARTESIAN_POINT('',(-0.32,-4.76,-3.));
#1900 = DIRECTION('',(0.,1.,0.));
#1901 = DIRECTION('',(0.,-0.,1.));
#1902 = ADVANCED_FACE('',(#1903),#1921,.F.);
#1903 = FACE_BOUND('',#1904,.F.);
#1904 = EDGE_LOOP('',(#1905,#1913,#1919,#1920));
#1905 = ORIENTED_EDGE('',*,*,#1906,.F.);
#1906 = EDGE_CURVE('',#1907,#1037,#1909,.T.);
#1907 = VERTEX_POINT('',#1908);
#1908 = CARTESIAN_POINT('',(-0.32,-5.4,-2.84));
#1909 = LINE('',#1910,#1911);
#1910 = CARTESIAN_POINT('',(-0.32,-5.4,-3.));
#1911 = VECTOR('',#1912,1.);
#1912 = DIRECTION('',(0.,0.,1.));
#1913 = ORIENTED_EDGE('',*,*,#1914,.T.);
#1914 = EDGE_CURVE('',#1907,#1884,#1915,.T.);
#1915 = LINE('',#1916,#1917);
#1916 = CARTESIAN_POINT('',(-0.32,-5.4,-2.84));
#1917 = VECTOR('',#1918,1.);
#1918 = DIRECTION('',(0.,1.,0.));
#1919 = ORIENTED_EDGE('',*,*,#1891,.T.);
#1920 = ORIENTED_EDGE('',*,*,#1044,.F.);
#1921 = PLANE('',#1922);
#1922 = AXIS2_PLACEMENT_3D('',#1923,#1924,#1925);
#1923 = CARTESIAN_POINT('',(-0.32,-5.4,-3.));
#1924 = DIRECTION('',(1.,0.,0.));
#1925 = DIRECTION('',(0.,0.,1.));
#1926 = ADVANCED_FACE('',(#1927),#1945,.F.);
#1927 = FACE_BOUND('',#1928,.F.);
#1928 = EDGE_LOOP('',(#1929,#1937,#1943,#1944));
#1929 = ORIENTED_EDGE('',*,*,#1930,.F.);
#1930 = EDGE_CURVE('',#1931,#1029,#1933,.T.);
#1931 = VERTEX_POINT('',#1932);
#1932 = CARTESIAN_POINT('',(0.32,-5.4,-2.84));
#1933 = LINE('',#1934,#1935);
#1934 = CARTESIAN_POINT('',(0.32,-5.4,-3.));
#1935 = VECTOR('',#1936,1.);
#1936 = DIRECTION('',(0.,0.,1.));
#1937 = ORIENTED_EDGE('',*,*,#1938,.F.);
#1938 = EDGE_CURVE('',#1907,#1931,#1939,.T.);
#1939 = LINE('',#1940,#1941);
#1940 = CARTESIAN_POINT('',(-0.32,-5.4,-2.84));
#1941 = VECTOR('',#1942,1.);
#1942 = DIRECTION('',(1.,0.,0.));
#1943 = ORIENTED_EDGE('',*,*,#1906,.T.);
#1944 = ORIENTED_EDGE('',*,*,#1036,.F.);
#1945 = PLANE('',#1946);
#1946 = AXIS2_PLACEMENT_3D('',#1947,#1948,#1949);
#1947 = CARTESIAN_POINT('',(-0.32,-5.4,-3.));
#1948 = DIRECTION('',(0.,1.,0.));
#1949 = DIRECTION('',(0.,-0.,1.));
#1950 = ADVANCED_FACE('',(#1951),#1962,.T.);
#1951 = FACE_BOUND('',#1952,.T.);
#1952 = EDGE_LOOP('',(#1953,#1954,#1960,#1961));
#1953 = ORIENTED_EDGE('',*,*,#1930,.F.);
#1954 = ORIENTED_EDGE('',*,*,#1955,.T.);
#1955 = EDGE_CURVE('',#1931,#1876,#1956,.T.);
#1956 = LINE('',#1957,#1958);
#1957 = CARTESIAN_POINT('',(0.32,-5.4,-2.84));
#1958 = VECTOR('',#1959,1.);
#1959 = DIRECTION('',(0.,1.,0.));
#1960 = ORIENTED_EDGE('',*,*,#1875,.T.);
#1961 = ORIENTED_EDGE('',*,*,#1028,.F.);
#1962 = PLANE('',#1963);
#1963 = AXIS2_PLACEMENT_3D('',#1964,#1965,#1966);
#1964 = CARTESIAN_POINT('',(0.32,-5.4,-3.));
#1965 = DIRECTION('',(1.,0.,0.));
#1966 = DIRECTION('',(0.,0.,1.));
#1967 = ADVANCED_FACE('',(#1968),#1993,.T.);
#1968 = FACE_BOUND('',#1969,.T.);
#1969 = EDGE_LOOP('',(#1970,#1978,#1986,#1992));
#1970 = ORIENTED_EDGE('',*,*,#1971,.F.);
#1971 = EDGE_CURVE('',#1972,#1053,#1974,.T.);
#1972 = VERTEX_POINT('',#1973);
#1973 = CARTESIAN_POINT('',(0.32,-7.94,-2.84));
#1974 = LINE('',#1975,#1976);
#1975 = CARTESIAN_POINT('',(0.32,-7.94,-3.));
#1976 = VECTOR('',#1977,1.);
#1977 = DIRECTION('',(0.,0.,1.));
#1978 = ORIENTED_EDGE('',*,*,#1979,.T.);
#1979 = EDGE_CURVE('',#1972,#1980,#1982,.T.);
#1980 = VERTEX_POINT('',#1981);
#1981 = CARTESIAN_POINT('',(0.32,-7.3,-2.84));
#1982 = LINE('',#1983,#1984);
#1983 = CARTESIAN_POINT('',(0.32,-7.94,-2.84));
#1984 = VECTOR('',#1985,1.);
#1985 = DIRECTION('',(0.,1.,0.));
#1986 = ORIENTED_EDGE('',*,*,#1987,.T.);
#1987 = EDGE_CURVE('',#1980,#1055,#1988,.T.);
#1988 = LINE('',#1989,#1990);
#1989 = CARTESIAN_POINT('',(0.32,-7.3,-3.));
#1990 = VECTOR('',#1991,1.);
#1991 = DIRECTION('',(0.,0.,1.));
#1992 = ORIENTED_EDGE('',*,*,#1052,.F.);
#1993 = PLANE('',#1994);
#1994 = AXIS2_PLACEMENT_3D('',#1995,#1996,#1997);
#1995 = CARTESIAN_POINT('',(0.32,-7.94,-3.));
#1996 = DIRECTION('',(1.,0.,0.));
#1997 = DIRECTION('',(0.,0.,1.));
#1998 = ADVANCED_FACE('',(#1999),#2017,.T.);
#1999 = FACE_BOUND('',#2000,.T.);
#2000 = EDGE_LOOP('',(#2001,#2002,#2010,#2016));
#2001 = ORIENTED_EDGE('',*,*,#1987,.F.);
#2002 = ORIENTED_EDGE('',*,*,#2003,.F.);
#2003 = EDGE_CURVE('',#2004,#1980,#2006,.T.);
#2004 = VERTEX_POINT('',#2005);
#2005 = CARTESIAN_POINT('',(-0.32,-7.3,-2.84));
#2006 = LINE('',#2007,#2008);
#2007 = CARTESIAN_POINT('',(-0.32,-7.3,-2.84));
#2008 = VECTOR('',#2009,1.);
#2009 = DIRECTION('',(1.,0.,0.));
#2010 = ORIENTED_EDGE('',*,*,#2011,.T.);
#2011 = EDGE_CURVE('',#2004,#1071,#2012,.T.);
#2012 = LINE('',#2013,#2014);
#2013 = CARTESIAN_POINT('',(-0.32,-7.3,-3.));
#2014 = VECTOR('',#2015,1.);
#2015 = DIRECTION('',(0.,0.,1.));
#2016 = ORIENTED_EDGE('',*,*,#1078,.F.);
#2017 = PLANE('',#2018);
#2018 = AXIS2_PLACEMENT_3D('',#2019,#2020,#2021);
#2019 = CARTESIAN_POINT('',(-0.32,-7.3,-3.));
#2020 = DIRECTION('',(0.,1.,0.));
#2021 = DIRECTION('',(0.,-0.,1.));
#2022 = ADVANCED_FACE('',(#2023),#2041,.F.);
#2023 = FACE_BOUND('',#2024,.F.);
#2024 = EDGE_LOOP('',(#2025,#2033,#2039,#2040));
#2025 = ORIENTED_EDGE('',*,*,#2026,.F.);
#2026 = EDGE_CURVE('',#2027,#1063,#2029,.T.);
#2027 = VERTEX_POINT('',#2028);
#2028 = CARTESIAN_POINT('',(-0.32,-7.94,-2.84));
#2029 = LINE('',#2030,#2031);
#2030 = CARTESIAN_POINT('',(-0.32,-7.94,-3.));
#2031 = VECTOR('',#2032,1.);
#2032 = DIRECTION('',(0.,0.,1.));
#2033 = ORIENTED_EDGE('',*,*,#2034,.T.);
#2034 = EDGE_CURVE('',#2027,#2004,#2035,.T.);
#2035 = LINE('',#2036,#2037);
#2036 = CARTESIAN_POINT('',(-0.32,-7.94,-2.84));
#2037 = VECTOR('',#2038,1.);
#2038 = DIRECTION('',(0.,1.,0.));
#2039 = ORIENTED_EDGE('',*,*,#2011,.T.);
#2040 = ORIENTED_EDGE('',*,*,#1070,.F.);
#2041 = PLANE('',#2042);
#2042 = AXIS2_PLACEMENT_3D('',#2043,#2044,#2045);
#2043 = CARTESIAN_POINT('',(-0.32,-7.94,-3.));
#2044 = DIRECTION('',(1.,0.,0.));
#2045 = DIRECTION('',(0.,0.,1.));
#2046 = ADVANCED_FACE('',(#2047),#2058,.F.);
#2047 = FACE_BOUND('',#2048,.F.);
#2048 = EDGE_LOOP('',(#2049,#2050,#2056,#2057));
#2049 = ORIENTED_EDGE('',*,*,#1971,.F.);
#2050 = ORIENTED_EDGE('',*,*,#2051,.F.);
#2051 = EDGE_CURVE('',#2027,#1972,#2052,.T.);
#2052 = LINE('',#2053,#2054);
#2053 = CARTESIAN_POINT('',(-0.32,-7.94,-2.84));
#2054 = VECTOR('',#2055,1.);
#2055 = DIRECTION('',(1.,0.,0.));
#2056 = ORIENTED_EDGE('',*,*,#2026,.T.);
#2057 = ORIENTED_EDGE('',*,*,#1062,.F.);
#2058 = PLANE('',#2059);
#2059 = AXIS2_PLACEMENT_3D('',#2060,#2061,#2062);
#2060 = CARTESIAN_POINT('',(-0.32,-7.94,-3.));
#2061 = DIRECTION('',(0.,1.,0.));
#2062 = DIRECTION('',(0.,-0.,1.));
#2063 = ADVANCED_FACE('',(#2064),#2089,.T.);
#2064 = FACE_BOUND('',#2065,.T.);
#2065 = EDGE_LOOP('',(#2066,#2074,#2082,#2088));
#2066 = ORIENTED_EDGE('',*,*,#2067,.F.);
#2067 = EDGE_CURVE('',#2068,#1087,#2070,.T.);
#2068 = VERTEX_POINT('',#2069);
#2069 = CARTESIAN_POINT('',(0.32,-0.32,-2.84));
#2070 = LINE('',#2071,#2072);
#2071 = CARTESIAN_POINT('',(0.32,-0.32,-3.));
#2072 = VECTOR('',#2073,1.);
#2073 = DIRECTION('',(0.,0.,1.));
#2074 = ORIENTED_EDGE('',*,*,#2075,.T.);
#2075 = EDGE_CURVE('',#2068,#2076,#2078,.T.);
#2076 = VERTEX_POINT('',#2077);
#2077 = CARTESIAN_POINT('',(0.32,0.32,-2.84));
#2078 = LINE('',#2079,#2080);
#2079 = CARTESIAN_POINT('',(0.32,-0.32,-2.84));
#2080 = VECTOR('',#2081,1.);
#2081 = DIRECTION('',(0.,1.,0.));
#2082 = ORIENTED_EDGE('',*,*,#2083,.T.);
#2083 = EDGE_CURVE('',#2076,#1089,#2084,.T.);
#2084 = LINE('',#2085,#2086);
#2085 = CARTESIAN_POINT('',(0.32,0.32,-3.));
#2086 = VECTOR('',#2087,1.);
#2087 = DIRECTION('',(0.,0.,1.));
#2088 = ORIENTED_EDGE('',*,*,#1086,.F.);
#2089 = PLANE('',#2090);
#2090 = AXIS2_PLACEMENT_3D('',#2091,#2092,#2093);
#2091 = CARTESIAN_POINT('',(0.32,-0.32,-3.));
#2092 = DIRECTION('',(1.,0.,0.));
#2093 = DIRECTION('',(0.,0.,1.));
#2094 = ADVANCED_FACE('',(#2095),#2113,.T.);
#2095 = FACE_BOUND('',#2096,.T.);
#2096 = EDGE_LOOP('',(#2097,#2098,#2106,#2112));
#2097 = ORIENTED_EDGE('',*,*,#2083,.F.);
#2098 = ORIENTED_EDGE('',*,*,#2099,.F.);
#2099 = EDGE_CURVE('',#2100,#2076,#2102,.T.);
#2100 = VERTEX_POINT('',#2101);
#2101 = CARTESIAN_POINT('',(-0.32,0.32,-2.84));
#2102 = LINE('',#2103,#2104);
#2103 = CARTESIAN_POINT('',(-0.32,0.32,-2.84));
#2104 = VECTOR('',#2105,1.);
#2105 = DIRECTION('',(1.,0.,0.));
#2106 = ORIENTED_EDGE('',*,*,#2107,.T.);
#2107 = EDGE_CURVE('',#2100,#1105,#2108,.T.);
#2108 = LINE('',#2109,#2110);
#2109 = CARTESIAN_POINT('',(-0.32,0.32,-3.));
#2110 = VECTOR('',#2111,1.);
#2111 = DIRECTION('',(0.,0.,1.));
#2112 = ORIENTED_EDGE('',*,*,#1112,.F.);
#2113 = PLANE('',#2114);
#2114 = AXIS2_PLACEMENT_3D('',#2115,#2116,#2117);
#2115 = CARTESIAN_POINT('',(-0.32,0.32,-3.));
#2116 = DIRECTION('',(0.,1.,0.));
#2117 = DIRECTION('',(0.,-0.,1.));
#2118 = ADVANCED_FACE('',(#2119),#2137,.F.);
#2119 = FACE_BOUND('',#2120,.F.);
#2120 = EDGE_LOOP('',(#2121,#2129,#2135,#2136));
#2121 = ORIENTED_EDGE('',*,*,#2122,.F.);
#2122 = EDGE_CURVE('',#2123,#1097,#2125,.T.);
#2123 = VERTEX_POINT('',#2124);
#2124 = CARTESIAN_POINT('',(-0.32,-0.32,-2.84));
#2125 = LINE('',#2126,#2127);
#2126 = CARTESIAN_POINT('',(-0.32,-0.32,-3.));
#2127 = VECTOR('',#2128,1.);
#2128 = DIRECTION('',(0.,0.,1.));
#2129 = ORIENTED_EDGE('',*,*,#2130,.T.);
#2130 = EDGE_CURVE('',#2123,#2100,#2131,.T.);
#2131 = LINE('',#2132,#2133);
#2132 = CARTESIAN_POINT('',(-0.32,-0.32,-2.84));
#2133 = VECTOR('',#2134,1.);
#2134 = DIRECTION('',(0.,1.,0.));
#2135 = ORIENTED_EDGE('',*,*,#2107,.T.);
#2136 = ORIENTED_EDGE('',*,*,#1104,.F.);
#2137 = PLANE('',#2138);
#2138 = AXIS2_PLACEMENT_3D('',#2139,#2140,#2141);
#2139 = CARTESIAN_POINT('',(-0.32,-0.32,-3.));
#2140 = DIRECTION('',(1.,0.,0.));
#2141 = DIRECTION('',(0.,0.,1.));
#2142 = ADVANCED_FACE('',(#2143),#2154,.F.);
#2143 = FACE_BOUND('',#2144,.F.);
#2144 = EDGE_LOOP('',(#2145,#2146,#2152,#2153));
#2145 = ORIENTED_EDGE('',*,*,#2067,.F.);
#2146 = ORIENTED_EDGE('',*,*,#2147,.F.);
#2147 = EDGE_CURVE('',#2123,#2068,#2148,.T.);
#2148 = LINE('',#2149,#2150);
#2149 = CARTESIAN_POINT('',(-0.32,-0.32,-2.84));
#2150 = VECTOR('',#2151,1.);
#2151 = DIRECTION('',(1.,0.,0.));
#2152 = ORIENTED_EDGE('',*,*,#2122,.T.);
#2153 = ORIENTED_EDGE('',*,*,#1096,.F.);
#2154 = PLANE('',#2155);
#2155 = AXIS2_PLACEMENT_3D('',#2156,#2157,#2158);
#2156 = CARTESIAN_POINT('',(-0.32,-0.32,-3.));
#2157 = DIRECTION('',(0.,1.,0.));
#2158 = DIRECTION('',(0.,-0.,1.));
#2159 = ADVANCED_FACE('',(#2160),#2185,.T.);
#2160 = FACE_BOUND('',#2161,.T.);
#2161 = EDGE_LOOP('',(#2162,#2170,#2178,#2184));
#2162 = ORIENTED_EDGE('',*,*,#2163,.F.);
#2163 = EDGE_CURVE('',#2164,#1121,#2166,.T.);
#2164 = VERTEX_POINT('',#2165);
#2165 = CARTESIAN_POINT('',(0.32,-2.22,-2.84));
#2166 = LINE('',#2167,#2168);
#2167 = CARTESIAN_POINT('',(0.32,-2.22,-3.));
#2168 = VECTOR('',#2169,1.);
#2169 = DIRECTION('',(0.,0.,1.));
#2170 = ORIENTED_EDGE('',*,*,#2171,.F.);
#2171 = EDGE_CURVE('',#2172,#2164,#2174,.T.);
#2172 = VERTEX_POINT('',#2173);
#2173 = CARTESIAN_POINT('',(-0.32,-2.22,-2.84));
#2174 = LINE('',#2175,#2176);
#2175 = CARTESIAN_POINT('',(-0.32,-2.22,-2.84));
#2176 = VECTOR('',#2177,1.);
#2177 = DIRECTION('',(1.,0.,0.));
#2178 = ORIENTED_EDGE('',*,*,#2179,.T.);
#2179 = EDGE_CURVE('',#2172,#1123,#2180,.T.);
#2180 = LINE('',#2181,#2182);
#2181 = CARTESIAN_POINT('',(-0.32,-2.22,-3.));
#2182 = VECTOR('',#2183,1.);
#2183 = DIRECTION('',(0.,0.,1.));
#2184 = ORIENTED_EDGE('',*,*,#1120,.F.);
#2185 = PLANE('',#2186);
#2186 = AXIS2_PLACEMENT_3D('',#2187,#2188,#2189);
#2187 = CARTESIAN_POINT('',(-0.32,-2.22,-3.));
#2188 = DIRECTION('',(0.,1.,0.));
#2189 = DIRECTION('',(0.,-0.,1.));
#2190 = ADVANCED_FACE('',(#2191),#2209,.F.);
#2191 = FACE_BOUND('',#2192,.F.);
#2192 = EDGE_LOOP('',(#2193,#2201,#2207,#2208));
#2193 = ORIENTED_EDGE('',*,*,#2194,.F.);
#2194 = EDGE_CURVE('',#2195,#1139,#2197,.T.);
#2195 = VERTEX_POINT('',#2196);
#2196 = CARTESIAN_POINT('',(-0.32,-2.86,-2.84));
#2197 = LINE('',#2198,#2199);
#2198 = CARTESIAN_POINT('',(-0.32,-2.86,-3.));
#2199 = VECTOR('',#2200,1.);
#2200 = DIRECTION('',(0.,0.,1.));
#2201 = ORIENTED_EDGE('',*,*,#2202,.T.);
#2202 = EDGE_CURVE('',#2195,#2172,#2203,.T.);
#2203 = LINE('',#2204,#2205);
#2204 = CARTESIAN_POINT('',(-0.32,-2.86,-2.84));
#2205 = VECTOR('',#2206,1.);
#2206 = DIRECTION('',(0.,1.,0.));
#2207 = ORIENTED_EDGE('',*,*,#2179,.T.);
#2208 = ORIENTED_EDGE('',*,*,#1146,.F.);
#2209 = PLANE('',#2210);
#2210 = AXIS2_PLACEMENT_3D('',#2211,#2212,#2213);
#2211 = CARTESIAN_POINT('',(-0.32,-2.86,-3.));
#2212 = DIRECTION('',(1.,0.,0.));
#2213 = DIRECTION('',(0.,0.,1.));
#2214 = ADVANCED_FACE('',(#2215),#2233,.F.);
#2215 = FACE_BOUND('',#2216,.F.);
#2216 = EDGE_LOOP('',(#2217,#2225,#2231,#2232));
#2217 = ORIENTED_EDGE('',*,*,#2218,.F.);
#2218 = EDGE_CURVE('',#2219,#1131,#2221,.T.);
#2219 = VERTEX_POINT('',#2220);
#2220 = CARTESIAN_POINT('',(0.32,-2.86,-2.84));
#2221 = LINE('',#2222,#2223);
#2222 = CARTESIAN_POINT('',(0.32,-2.86,-3.));
#2223 = VECTOR('',#2224,1.);
#2224 = DIRECTION('',(0.,0.,1.));
#2225 = ORIENTED_EDGE('',*,*,#2226,.F.);
#2226 = EDGE_CURVE('',#2195,#2219,#2227,.T.);
#2227 = LINE('',#2228,#2229);
#2228 = CARTESIAN_POINT('',(-0.32,-2.86,-2.84));
#2229 = VECTOR('',#2230,1.);
#2230 = DIRECTION('',(1.,0.,0.));
#2231 = ORIENTED_EDGE('',*,*,#2194,.T.);
#2232 = ORIENTED_EDGE('',*,*,#1138,.F.);
#2233 = PLANE('',#2234);
#2234 = AXIS2_PLACEMENT_3D('',#2235,#2236,#2237);
#2235 = CARTESIAN_POINT('',(-0.32,-2.86,-3.));
#2236 = DIRECTION('',(0.,1.,0.));
#2237 = DIRECTION('',(0.,-0.,1.));
#2238 = ADVANCED_FACE('',(#2239),#2250,.T.);
#2239 = FACE_BOUND('',#2240,.T.);
#2240 = EDGE_LOOP('',(#2241,#2242,#2248,#2249));
#2241 = ORIENTED_EDGE('',*,*,#2218,.F.);
#2242 = ORIENTED_EDGE('',*,*,#2243,.T.);
#2243 = EDGE_CURVE('',#2219,#2164,#2244,.T.);
#2244 = LINE('',#2245,#2246);
#2245 = CARTESIAN_POINT('',(0.32,-2.86,-2.84));
#2246 = VECTOR('',#2247,1.);
#2247 = DIRECTION('',(0.,1.,0.));
#2248 = ORIENTED_EDGE('',*,*,#2163,.T.);
#2249 = ORIENTED_EDGE('',*,*,#1130,.F.);
#2250 = PLANE('',#2251);
#2251 = AXIS2_PLACEMENT_3D('',#2252,#2253,#2254);
#2252 = CARTESIAN_POINT('',(0.32,-2.86,-3.));
#2253 = DIRECTION('',(1.,0.,0.));
#2254 = DIRECTION('',(0.,0.,1.));
#2255 = ADVANCED_FACE('',(#2256),#2281,.T.);
#2256 = FACE_BOUND('',#2257,.T.);
#2257 = EDGE_LOOP('',(#2258,#2266,#2267,#2275));
#2258 = ORIENTED_EDGE('',*,*,#2259,.F.);
#2259 = EDGE_CURVE('',#1348,#2260,#2262,.T.);
#2260 = VERTEX_POINT('',#2261);
#2261 = CARTESIAN_POINT('',(0.32,-4.76,8.38));
#2262 = LINE('',#2263,#2264);
#2263 = CARTESIAN_POINT('',(0.32,-4.76,-3.));
#2264 = VECTOR('',#2265,1.);
#2265 = DIRECTION('',(0.,0.,1.));
#2266 = ORIENTED_EDGE('',*,*,#1347,.T.);
#2267 = ORIENTED_EDGE('',*,*,#2268,.T.);
#2268 = EDGE_CURVE('',#1350,#2269,#2271,.T.);
#2269 = VERTEX_POINT('',#2270);
#2270 = CARTESIAN_POINT('',(-0.32,-4.76,8.38));
#2271 = LINE('',#2272,#2273);
#2272 = CARTESIAN_POINT('',(-0.32,-4.76,-3.));
#2273 = VECTOR('',#2274,1.);
#2274 = DIRECTION('',(0.,0.,1.));
#2275 = ORIENTED_EDGE('',*,*,#2276,.T.);
#2276 = EDGE_CURVE('',#2269,#2260,#2277,.T.);
#2277 = LINE('',#2278,#2279);
#2278 = CARTESIAN_POINT('',(-0.32,-4.76,8.38));
#2279 = VECTOR('',#2280,1.);
#2280 = DIRECTION('',(1.,0.,0.));
#2281 = PLANE('',#2282);
#2282 = AXIS2_PLACEMENT_3D('',#2283,#2284,#2285);
#2283 = CARTESIAN_POINT('',(-0.32,-4.76,-3.));
#2284 = DIRECTION('',(0.,1.,0.));
#2285 = DIRECTION('',(0.,-0.,1.));
#2286 = ADVANCED_FACE('',(#2287),#2305,.F.);
#2287 = FACE_BOUND('',#2288,.F.);
#2288 = EDGE_LOOP('',(#2289,#2297,#2298,#2299));
#2289 = ORIENTED_EDGE('',*,*,#2290,.F.);
#2290 = EDGE_CURVE('',#1366,#2291,#2293,.T.);
#2291 = VERTEX_POINT('',#2292);
#2292 = CARTESIAN_POINT('',(-0.32,-5.4,8.38));
#2293 = LINE('',#2294,#2295);
#2294 = CARTESIAN_POINT('',(-0.32,-5.4,-3.));
#2295 = VECTOR('',#2296,1.);
#2296 = DIRECTION('',(0.,0.,1.));
#2297 = ORIENTED_EDGE('',*,*,#1373,.T.);
#2298 = ORIENTED_EDGE('',*,*,#2268,.T.);
#2299 = ORIENTED_EDGE('',*,*,#2300,.F.);
#2300 = EDGE_CURVE('',#2291,#2269,#2301,.T.);
#2301 = LINE('',#2302,#2303);
#2302 = CARTESIAN_POINT('',(-0.32,-5.4,8.38));
#2303 = VECTOR('',#2304,1.);
#2304 = DIRECTION('',(0.,1.,0.));
#2305 = PLANE('',#2306);
#2306 = AXIS2_PLACEMENT_3D('',#2307,#2308,#2309);
#2307 = CARTESIAN_POINT('',(-0.32,-5.4,-3.));
#2308 = DIRECTION('',(1.,0.,0.));
#2309 = DIRECTION('',(0.,0.,1.));
#2310 = ADVANCED_FACE('',(#2311),#2329,.F.);
#2311 = FACE_BOUND('',#2312,.F.);
#2312 = EDGE_LOOP('',(#2313,#2321,#2322,#2323));
#2313 = ORIENTED_EDGE('',*,*,#2314,.F.);
#2314 = EDGE_CURVE('',#1358,#2315,#2317,.T.);
#2315 = VERTEX_POINT('',#2316);
#2316 = CARTESIAN_POINT('',(0.32,-5.4,8.38));
#2317 = LINE('',#2318,#2319);
#2318 = CARTESIAN_POINT('',(0.32,-5.4,-3.));
#2319 = VECTOR('',#2320,1.);
#2320 = DIRECTION('',(0.,0.,1.));
#2321 = ORIENTED_EDGE('',*,*,#1365,.T.);
#2322 = ORIENTED_EDGE('',*,*,#2290,.T.);
#2323 = ORIENTED_EDGE('',*,*,#2324,.T.);
#2324 = EDGE_CURVE('',#2291,#2315,#2325,.T.);
#2325 = LINE('',#2326,#2327);
#2326 = CARTESIAN_POINT('',(-0.32,-5.4,8.38));
#2327 = VECTOR('',#2328,1.);
#2328 = DIRECTION('',(1.,0.,0.));
#2329 = PLANE('',#2330);
#2330 = AXIS2_PLACEMENT_3D('',#2331,#2332,#2333);
#2331 = CARTESIAN_POINT('',(-0.32,-5.4,-3.));
#2332 = DIRECTION('',(0.,1.,0.));
#2333 = DIRECTION('',(0.,-0.,1.));
#2334 = ADVANCED_FACE('',(#2335),#2346,.T.);
#2335 = FACE_BOUND('',#2336,.T.);
#2336 = EDGE_LOOP('',(#2337,#2338,#2339,#2340));
#2337 = ORIENTED_EDGE('',*,*,#2314,.F.);
#2338 = ORIENTED_EDGE('',*,*,#1357,.T.);
#2339 = ORIENTED_EDGE('',*,*,#2259,.T.);
#2340 = ORIENTED_EDGE('',*,*,#2341,.F.);
#2341 = EDGE_CURVE('',#2315,#2260,#2342,.T.);
#2342 = LINE('',#2343,#2344);
#2343 = CARTESIAN_POINT('',(0.32,-5.4,8.38));
#2344 = VECTOR('',#2345,1.);
#2345 = DIRECTION('',(0.,1.,0.));
#2346 = PLANE('',#2347);
#2347 = AXIS2_PLACEMENT_3D('',#2348,#2349,#2350);
#2348 = CARTESIAN_POINT('',(0.32,-5.4,-3.));
#2349 = DIRECTION('',(1.,0.,0.));
#2350 = DIRECTION('',(0.,0.,1.));
#2351 = ADVANCED_FACE('',(#2352),#2377,.T.);
#2352 = FACE_BOUND('',#2353,.T.);
#2353 = EDGE_LOOP('',(#2354,#2362,#2363,#2371));
#2354 = ORIENTED_EDGE('',*,*,#2355,.F.);
#2355 = EDGE_CURVE('',#1382,#2356,#2358,.T.);
#2356 = VERTEX_POINT('',#2357);
#2357 = CARTESIAN_POINT('',(0.32,-7.94,8.38));
#2358 = LINE('',#2359,#2360);
#2359 = CARTESIAN_POINT('',(0.32,-7.94,-3.));
#2360 = VECTOR('',#2361,1.);
#2361 = DIRECTION('',(0.,0.,1.));
#2362 = ORIENTED_EDGE('',*,*,#1381,.T.);
#2363 = ORIENTED_EDGE('',*,*,#2364,.T.);
#2364 = EDGE_CURVE('',#1384,#2365,#2367,.T.);
#2365 = VERTEX_POINT('',#2366);
#2366 = CARTESIAN_POINT('',(0.32,-7.3,8.38));
#2367 = LINE('',#2368,#2369);
#2368 = CARTESIAN_POINT('',(0.32,-7.3,-3.));
#2369 = VECTOR('',#2370,1.);
#2370 = DIRECTION('',(0.,0.,1.));
#2371 = ORIENTED_EDGE('',*,*,#2372,.F.);
#2372 = EDGE_CURVE('',#2356,#2365,#2373,.T.);
#2373 = LINE('',#2374,#2375);
#2374 = CARTESIAN_POINT('',(0.32,-7.94,8.38));
#2375 = VECTOR('',#2376,1.);
#2376 = DIRECTION('',(0.,1.,0.));
#2377 = PLANE('',#2378);
#2378 = AXIS2_PLACEMENT_3D('',#2379,#2380,#2381);
#2379 = CARTESIAN_POINT('',(0.32,-7.94,-3.));
#2380 = DIRECTION('',(1.,0.,0.));
#2381 = DIRECTION('',(0.,0.,1.));
#2382 = ADVANCED_FACE('',(#2383),#2401,.T.);
#2383 = FACE_BOUND('',#2384,.T.);
#2384 = EDGE_LOOP('',(#2385,#2386,#2387,#2395));
#2385 = ORIENTED_EDGE('',*,*,#2364,.F.);
#2386 = ORIENTED_EDGE('',*,*,#1407,.T.);
#2387 = ORIENTED_EDGE('',*,*,#2388,.T.);
#2388 = EDGE_CURVE('',#1400,#2389,#2391,.T.);
#2389 = VERTEX_POINT('',#2390);
#2390 = CARTESIAN_POINT('',(-0.32,-7.3,8.38));
#2391 = LINE('',#2392,#2393);
#2392 = CARTESIAN_POINT('',(-0.32,-7.3,-3.));
#2393 = VECTOR('',#2394,1.);
#2394 = DIRECTION('',(0.,0.,1.));
#2395 = ORIENTED_EDGE('',*,*,#2396,.T.);
#2396 = EDGE_CURVE('',#2389,#2365,#2397,.T.);
#2397 = LINE('',#2398,#2399);
#2398 = CARTESIAN_POINT('',(-0.32,-7.3,8.38));
#2399 = VECTOR('',#2400,1.);
#2400 = DIRECTION('',(1.,0.,0.));
#2401 = PLANE('',#2402);
#2402 = AXIS2_PLACEMENT_3D('',#2403,#2404,#2405);
#2403 = CARTESIAN_POINT('',(-0.32,-7.3,-3.));
#2404 = DIRECTION('',(0.,1.,0.));
#2405 = DIRECTION('',(0.,-0.,1.));
#2406 = ADVANCED_FACE('',(#2407),#2425,.F.);
#2407 = FACE_BOUND('',#2408,.F.);
#2408 = EDGE_LOOP('',(#2409,#2417,#2418,#2419));
#2409 = ORIENTED_EDGE('',*,*,#2410,.F.);
#2410 = EDGE_CURVE('',#1392,#2411,#2413,.T.);
#2411 = VERTEX_POINT('',#2412);
#2412 = CARTESIAN_POINT('',(-0.32,-7.94,8.38));
#2413 = LINE('',#2414,#2415);
#2414 = CARTESIAN_POINT('',(-0.32,-7.94,-3.));
#2415 = VECTOR('',#2416,1.);
#2416 = DIRECTION('',(0.,0.,1.));
#2417 = ORIENTED_EDGE('',*,*,#1399,.T.);
#2418 = ORIENTED_EDGE('',*,*,#2388,.T.);
#2419 = ORIENTED_EDGE('',*,*,#2420,.F.);
#2420 = EDGE_CURVE('',#2411,#2389,#2421,.T.);
#2421 = LINE('',#2422,#2423);
#2422 = CARTESIAN_POINT('',(-0.32,-7.94,8.38));
#2423 = VECTOR('',#2424,1.);
#2424 = DIRECTION('',(0.,1.,0.));
#2425 = PLANE('',#2426);
#2426 = AXIS2_PLACEMENT_3D('',#2427,#2428,#2429);
#2427 = CARTESIAN_POINT('',(-0.32,-7.94,-3.));
#2428 = DIRECTION('',(1.,0.,0.));
#2429 = DIRECTION('',(0.,0.,1.));
#2430 = ADVANCED_FACE('',(#2431),#2442,.F.);
#2431 = FACE_BOUND('',#2432,.F.);
#2432 = EDGE_LOOP('',(#2433,#2434,#2435,#2436));
#2433 = ORIENTED_EDGE('',*,*,#2355,.F.);
#2434 = ORIENTED_EDGE('',*,*,#1391,.T.);
#2435 = ORIENTED_EDGE('',*,*,#2410,.T.);
#2436 = ORIENTED_EDGE('',*,*,#2437,.T.);
#2437 = EDGE_CURVE('',#2411,#2356,#2438,.T.);
#2438 = LINE('',#2439,#2440);
#2439 = CARTESIAN_POINT('',(-0.32,-7.94,8.38));
#2440 = VECTOR('',#2441,1.);
#2441 = DIRECTION('',(1.,0.,0.));
#2442 = PLANE('',#2443);
#2443 = AXIS2_PLACEMENT_3D('',#2444,#2445,#2446);
#2444 = CARTESIAN_POINT('',(-0.32,-7.94,-3.));
#2445 = DIRECTION('',(0.,1.,0.));
#2446 = DIRECTION('',(0.,-0.,1.));
#2447 = ADVANCED_FACE('',(#2448),#2473,.T.);
#2448 = FACE_BOUND('',#2449,.T.);
#2449 = EDGE_LOOP('',(#2450,#2458,#2459,#2467));
#2450 = ORIENTED_EDGE('',*,*,#2451,.F.);
#2451 = EDGE_CURVE('',#1416,#2452,#2454,.T.);
#2452 = VERTEX_POINT('',#2453);
#2453 = CARTESIAN_POINT('',(0.32,-0.32,8.38));
#2454 = LINE('',#2455,#2456);
#2455 = CARTESIAN_POINT('',(0.32,-0.32,-3.));
#2456 = VECTOR('',#2457,1.);
#2457 = DIRECTION('',(0.,0.,1.));
#2458 = ORIENTED_EDGE('',*,*,#1415,.T.);
#2459 = ORIENTED_EDGE('',*,*,#2460,.T.);
#2460 = EDGE_CURVE('',#1418,#2461,#2463,.T.);
#2461 = VERTEX_POINT('',#2462);
#2462 = CARTESIAN_POINT('',(0.32,0.32,8.38));
#2463 = LINE('',#2464,#2465);
#2464 = CARTESIAN_POINT('',(0.32,0.32,-3.));
#2465 = VECTOR('',#2466,1.);
#2466 = DIRECTION('',(0.,0.,1.));
#2467 = ORIENTED_EDGE('',*,*,#2468,.F.);
#2468 = EDGE_CURVE('',#2452,#2461,#2469,.T.);
#2469 = LINE('',#2470,#2471);
#2470 = CARTESIAN_POINT('',(0.32,-0.32,8.38));
#2471 = VECTOR('',#2472,1.);
#2472 = DIRECTION('',(0.,1.,0.));
#2473 = PLANE('',#2474);
#2474 = AXIS2_PLACEMENT_3D('',#2475,#2476,#2477);
#2475 = CARTESIAN_POINT('',(0.32,-0.32,-3.));
#2476 = DIRECTION('',(1.,0.,0.));
#2477 = DIRECTION('',(0.,0.,1.));
#2478 = ADVANCED_FACE('',(#2479),#2497,.T.);
#2479 = FACE_BOUND('',#2480,.T.);
#2480 = EDGE_LOOP('',(#2481,#2482,#2483,#2491));
#2481 = ORIENTED_EDGE('',*,*,#2460,.F.);
#2482 = ORIENTED_EDGE('',*,*,#1441,.T.);
#2483 = ORIENTED_EDGE('',*,*,#2484,.T.);
#2484 = EDGE_CURVE('',#1434,#2485,#2487,.T.);
#2485 = VERTEX_POINT('',#2486);
#2486 = CARTESIAN_POINT('',(-0.32,0.32,8.38));
#2487 = LINE('',#2488,#2489);
#2488 = CARTESIAN_POINT('',(-0.32,0.32,-3.));
#2489 = VECTOR('',#2490,1.);
#2490 = DIRECTION('',(0.,0.,1.));
#2491 = ORIENTED_EDGE('',*,*,#2492,.T.);
#2492 = EDGE_CURVE('',#2485,#2461,#2493,.T.);
#2493 = LINE('',#2494,#2495);
#2494 = CARTESIAN_POINT('',(-0.32,0.32,8.38));
#2495 = VECTOR('',#2496,1.);
#2496 = DIRECTION('',(1.,0.,0.));
#2497 = PLANE('',#2498);
#2498 = AXIS2_PLACEMENT_3D('',#2499,#2500,#2501);
#2499 = CARTESIAN_POINT('',(-0.32,0.32,-3.));
#2500 = DIRECTION('',(0.,1.,0.));
#2501 = DIRECTION('',(0.,-0.,1.));
#2502 = ADVANCED_FACE('',(#2503),#2521,.F.);
#2503 = FACE_BOUND('',#2504,.F.);
#2504 = EDGE_LOOP('',(#2505,#2513,#2514,#2515));
#2505 = ORIENTED_EDGE('',*,*,#2506,.F.);
#2506 = EDGE_CURVE('',#1426,#2507,#2509,.T.);
#2507 = VERTEX_POINT('',#2508);
#2508 = CARTESIAN_POINT('',(-0.32,-0.32,8.38));
#2509 = LINE('',#2510,#2511);
#2510 = CARTESIAN_POINT('',(-0.32,-0.32,-3.));
#2511 = VECTOR('',#2512,1.);
#2512 = DIRECTION('',(0.,0.,1.));
#2513 = ORIENTED_EDGE('',*,*,#1433,.T.);
#2514 = ORIENTED_EDGE('',*,*,#2484,.T.);
#2515 = ORIENTED_EDGE('',*,*,#2516,.F.);
#2516 = EDGE_CURVE('',#2507,#2485,#2517,.T.);
#2517 = LINE('',#2518,#2519);
#2518 = CARTESIAN_POINT('',(-0.32,-0.32,8.38));
#2519 = VECTOR('',#2520,1.);
#2520 = DIRECTION('',(0.,1.,0.));
#2521 = PLANE('',#2522);
#2522 = AXIS2_PLACEMENT_3D('',#2523,#2524,#2525);
#2523 = CARTESIAN_POINT('',(-0.32,-0.32,-3.));
#2524 = DIRECTION('',(1.,0.,0.));
#2525 = DIRECTION('',(0.,0.,1.));
#2526 = ADVANCED_FACE('',(#2527),#2538,.F.);
#2527 = FACE_BOUND('',#2528,.F.);
#2528 = EDGE_LOOP('',(#2529,#2530,#2531,#2532));
#2529 = ORIENTED_EDGE('',*,*,#2451,.F.);
#2530 = ORIENTED_EDGE('',*,*,#1425,.T.);
#2531 = ORIENTED_EDGE('',*,*,#2506,.T.);
#2532 = ORIENTED_EDGE('',*,*,#2533,.T.);
#2533 = EDGE_CURVE('',#2507,#2452,#2534,.T.);
#2534 = LINE('',#2535,#2536);
#2535 = CARTESIAN_POINT('',(-0.32,-0.32,8.38));
#2536 = VECTOR('',#2537,1.);
#2537 = DIRECTION('',(1.,0.,0.));
#2538 = PLANE('',#2539);
#2539 = AXIS2_PLACEMENT_3D('',#2540,#2541,#2542);
#2540 = CARTESIAN_POINT('',(-0.32,-0.32,-3.));
#2541 = DIRECTION('',(0.,1.,0.));
#2542 = DIRECTION('',(0.,-0.,1.));
#2543 = ADVANCED_FACE('',(#2544),#2569,.T.);
#2544 = FACE_BOUND('',#2545,.T.);
#2545 = EDGE_LOOP('',(#2546,#2554,#2555,#2563));
#2546 = ORIENTED_EDGE('',*,*,#2547,.F.);
#2547 = EDGE_CURVE('',#1450,#2548,#2550,.T.);
#2548 = VERTEX_POINT('',#2549);
#2549 = CARTESIAN_POINT('',(0.32,-2.22,8.38));
#2550 = LINE('',#2551,#2552);
#2551 = CARTESIAN_POINT('',(0.32,-2.22,-3.));
#2552 = VECTOR('',#2553,1.);
#2553 = DIRECTION('',(0.,0.,1.));
#2554 = ORIENTED_EDGE('',*,*,#1449,.T.);
#2555 = ORIENTED_EDGE('',*,*,#2556,.T.);
#2556 = EDGE_CURVE('',#1452,#2557,#2559,.T.);
#2557 = VERTEX_POINT('',#2558);
#2558 = CARTESIAN_POINT('',(-0.32,-2.22,8.38));
#2559 = LINE('',#2560,#2561);
#2560 = CARTESIAN_POINT('',(-0.32,-2.22,-3.));
#2561 = VECTOR('',#2562,1.);
#2562 = DIRECTION('',(0.,0.,1.));
#2563 = ORIENTED_EDGE('',*,*,#2564,.T.);
#2564 = EDGE_CURVE('',#2557,#2548,#2565,.T.);
#2565 = LINE('',#2566,#2567);
#2566 = CARTESIAN_POINT('',(-0.32,-2.22,8.38));
#2567 = VECTOR('',#2568,1.);
#2568 = DIRECTION('',(1.,0.,0.));
#2569 = PLANE('',#2570);
#2570 = AXIS2_PLACEMENT_3D('',#2571,#2572,#2573);
#2571 = CARTESIAN_POINT('',(-0.32,-2.22,-3.));
#2572 = DIRECTION('',(0.,1.,0.));
#2573 = DIRECTION('',(0.,-0.,1.));
#2574 = ADVANCED_FACE('',(#2575),#2593,.F.);
#2575 = FACE_BOUND('',#2576,.F.);
#2576 = EDGE_LOOP('',(#2577,#2585,#2586,#2587));
#2577 = ORIENTED_EDGE('',*,*,#2578,.F.);
#2578 = EDGE_CURVE('',#1468,#2579,#2581,.T.);
#2579 = VERTEX_POINT('',#2580);
#2580 = CARTESIAN_POINT('',(-0.32,-2.86,8.38));
#2581 = LINE('',#2582,#2583);
#2582 = CARTESIAN_POINT('',(-0.32,-2.86,-3.));
#2583 = VECTOR('',#2584,1.);
#2584 = DIRECTION('',(0.,0.,1.));
#2585 = ORIENTED_EDGE('',*,*,#1475,.T.);
#2586 = ORIENTED_EDGE('',*,*,#2556,.T.);
#2587 = ORIENTED_EDGE('',*,*,#2588,.F.);
#2588 = EDGE_CURVE('',#2579,#2557,#2589,.T.);
#2589 = LINE('',#2590,#2591);
#2590 = CARTESIAN_POINT('',(-0.32,-2.86,8.38));
#2591 = VECTOR('',#2592,1.);
#2592 = DIRECTION('',(0.,1.,0.));
#2593 = PLANE('',#2594);
#2594 = AXIS2_PLACEMENT_3D('',#2595,#2596,#2597);
#2595 = CARTESIAN_POINT('',(-0.32,-2.86,-3.));
#2596 = DIRECTION('',(1.,0.,0.));
#2597 = DIRECTION('',(0.,0.,1.));
#2598 = ADVANCED_FACE('',(#2599),#2617,.F.);
#2599 = FACE_BOUND('',#2600,.F.);
#2600 = EDGE_LOOP('',(#2601,#2609,#2610,#2611));
#2601 = ORIENTED_EDGE('',*,*,#2602,.F.);
#2602 = EDGE_CURVE('',#1460,#2603,#2605,.T.);
#2603 = VERTEX_POINT('',#2604);
#2604 = CARTESIAN_POINT('',(0.32,-2.86,8.38));
#2605 = LINE('',#2606,#2607);
#2606 = CARTESIAN_POINT('',(0.32,-2.86,-3.));
#2607 = VECTOR('',#2608,1.);
#2608 = DIRECTION('',(0.,0.,1.));
#2609 = ORIENTED_EDGE('',*,*,#1467,.T.);
#2610 = ORIENTED_EDGE('',*,*,#2578,.T.);
#2611 = ORIENTED_EDGE('',*,*,#2612,.T.);
#2612 = EDGE_CURVE('',#2579,#2603,#2613,.T.);
#2613 = LINE('',#2614,#2615);
#2614 = CARTESIAN_POINT('',(-0.32,-2.86,8.38));
#2615 = VECTOR('',#2616,1.);
#2616 = DIRECTION('',(1.,0.,0.));
#2617 = PLANE('',#2618);
#2618 = AXIS2_PLACEMENT_3D('',#2619,#2620,#2621);
#2619 = CARTESIAN_POINT('',(-0.32,-2.86,-3.));
#2620 = DIRECTION('',(0.,1.,0.));
#2621 = DIRECTION('',(0.,-0.,1.));
#2622 = ADVANCED_FACE('',(#2623),#2634,.T.);
#2623 = FACE_BOUND('',#2624,.T.);
#2624 = EDGE_LOOP('',(#2625,#2626,#2627,#2628));
#2625 = ORIENTED_EDGE('',*,*,#2602,.F.);
#2626 = ORIENTED_EDGE('',*,*,#1459,.T.);
#2627 = ORIENTED_EDGE('',*,*,#2547,.T.);
#2628 = ORIENTED_EDGE('',*,*,#2629,.F.);
#2629 = EDGE_CURVE('',#2603,#2548,#2630,.T.);
#2630 = LINE('',#2631,#2632);
#2631 = CARTESIAN_POINT('',(0.32,-2.86,8.38));
#2632 = VECTOR('',#2633,1.);
#2633 = DIRECTION('',(0.,1.,0.));
#2634 = PLANE('',#2635);
#2635 = AXIS2_PLACEMENT_3D('',#2636,#2637,#2638);
#2636 = CARTESIAN_POINT('',(0.32,-2.86,-3.));
#2637 = DIRECTION('',(1.,0.,0.));
#2638 = DIRECTION('',(0.,0.,1.));
#2639 = ADVANCED_FACE('',(#2640),#2665,.F.);
#2640 = FACE_BOUND('',#2641,.T.);
#2641 = EDGE_LOOP('',(#2642,#2650,#2651,#2659));
#2642 = ORIENTED_EDGE('',*,*,#2643,.F.);
#2643 = EDGE_CURVE('',#1884,#2644,#2646,.T.);
#2644 = VERTEX_POINT('',#2645);
#2645 = CARTESIAN_POINT('',(-0.16,-4.92,-3.));
#2646 = LINE('',#2647,#2648);
#2647 = CARTESIAN_POINT('',(-0.16,-4.92,-3.));
#2648 = VECTOR('',#2649,1.);
#2649 = DIRECTION('',(0.57735026919,-0.57735026919,-0.57735026919));
#2650 = ORIENTED_EDGE('',*,*,#1883,.T.);
#2651 = ORIENTED_EDGE('',*,*,#2652,.T.);
#2652 = EDGE_CURVE('',#1876,#2653,#2655,.T.);
#2653 = VERTEX_POINT('',#2654);
#2654 = CARTESIAN_POINT('',(0.16,-4.92,-3.));
#2655 = LINE('',#2656,#2657);
#2656 = CARTESIAN_POINT('',(5.333333333333E-02,-5.026666666667,
    -3.106666666667));
#2657 = VECTOR('',#2658,1.);
#2658 = DIRECTION('',(-0.57735026919,-0.57735026919,-0.57735026919));
#2659 = ORIENTED_EDGE('',*,*,#2660,.F.);
#2660 = EDGE_CURVE('',#2644,#2653,#2661,.T.);
#2661 = LINE('',#2662,#2663);
#2662 = CARTESIAN_POINT('',(-0.32,-4.92,-3.));
#2663 = VECTOR('',#2664,1.);
#2664 = DIRECTION('',(1.,0.,0.));
#2665 = PLANE('',#2666);
#2666 = AXIS2_PLACEMENT_3D('',#2667,#2668,#2669);
#2667 = CARTESIAN_POINT('',(-0.32,-4.84,-2.92));
#2668 = DIRECTION('',(-1.735167508357E-18,-0.707106781187,0.707106781187
    ));
#2669 = DIRECTION('',(-1.,1.226948711654E-18,-1.226948711654E-18));
#2670 = ADVANCED_FACE('',(#2671),#2689,.T.);
#2671 = FACE_BOUND('',#2672,.T.);
#2672 = EDGE_LOOP('',(#2673,#2681,#2682,#2683));
#2673 = ORIENTED_EDGE('',*,*,#2674,.F.);
#2674 = EDGE_CURVE('',#1907,#2675,#2677,.T.);
#2675 = VERTEX_POINT('',#2676);
#2676 = CARTESIAN_POINT('',(-0.16,-5.24,-3.));
#2677 = LINE('',#2678,#2679);
#2678 = CARTESIAN_POINT('',(-0.266666666667,-5.346666666667,
    -2.893333333333));
#2679 = VECTOR('',#2680,1.);
#2680 = DIRECTION('',(0.57735026919,0.57735026919,-0.57735026919));
#2681 = ORIENTED_EDGE('',*,*,#1914,.T.);
#2682 = ORIENTED_EDGE('',*,*,#2643,.T.);
#2683 = ORIENTED_EDGE('',*,*,#2684,.F.);
#2684 = EDGE_CURVE('',#2675,#2644,#2685,.T.);
#2685 = LINE('',#2686,#2687);
#2686 = CARTESIAN_POINT('',(-0.16,-5.4,-3.));
#2687 = VECTOR('',#2688,1.);
#2688 = DIRECTION('',(0.,1.,0.));
#2689 = PLANE('',#2690);
#2690 = AXIS2_PLACEMENT_3D('',#2691,#2692,#2693);
#2691 = CARTESIAN_POINT('',(-0.24,-5.4,-2.92));
#2692 = DIRECTION('',(-0.707106781187,-1.735167508357E-18,
    -0.707106781187));
#2693 = DIRECTION('',(-1.226948711654E-18,1.,-1.226948711654E-18));
#2694 = ADVANCED_FACE('',(#2695),#2713,.T.);
#2695 = FACE_BOUND('',#2696,.F.);
#2696 = EDGE_LOOP('',(#2697,#2698,#2699,#2707));
#2697 = ORIENTED_EDGE('',*,*,#2674,.F.);
#2698 = ORIENTED_EDGE('',*,*,#1938,.T.);
#2699 = ORIENTED_EDGE('',*,*,#2700,.T.);
#2700 = EDGE_CURVE('',#1931,#2701,#2703,.T.);
#2701 = VERTEX_POINT('',#2702);
#2702 = CARTESIAN_POINT('',(0.16,-5.24,-3.));
#2703 = LINE('',#2704,#2705);
#2704 = CARTESIAN_POINT('',(0.16,-5.24,-3.));
#2705 = VECTOR('',#2706,1.);
#2706 = DIRECTION('',(-0.57735026919,0.57735026919,-0.57735026919));
#2707 = ORIENTED_EDGE('',*,*,#2708,.F.);
#2708 = EDGE_CURVE('',#2675,#2701,#2709,.T.);
#2709 = LINE('',#2710,#2711);
#2710 = CARTESIAN_POINT('',(-0.32,-5.24,-3.));
#2711 = VECTOR('',#2712,1.);
#2712 = DIRECTION('',(1.,0.,0.));
#2713 = PLANE('',#2714);
#2714 = AXIS2_PLACEMENT_3D('',#2715,#2716,#2717);
#2715 = CARTESIAN_POINT('',(-0.32,-5.32,-2.92));
#2716 = DIRECTION('',(1.735167508357E-18,-0.707106781187,-0.707106781187
    ));
#2717 = DIRECTION('',(-1.,-1.226948711654E-18,-1.226948711654E-18));
#2718 = ADVANCED_FACE('',(#2719),#2730,.F.);
#2719 = FACE_BOUND('',#2720,.F.);
#2720 = EDGE_LOOP('',(#2721,#2722,#2723,#2724));
#2721 = ORIENTED_EDGE('',*,*,#2700,.F.);
#2722 = ORIENTED_EDGE('',*,*,#1955,.T.);
#2723 = ORIENTED_EDGE('',*,*,#2652,.T.);
#2724 = ORIENTED_EDGE('',*,*,#2725,.F.);
#2725 = EDGE_CURVE('',#2701,#2653,#2726,.T.);
#2726 = LINE('',#2727,#2728);
#2727 = CARTESIAN_POINT('',(0.16,-5.4,-3.));
#2728 = VECTOR('',#2729,1.);
#2729 = DIRECTION('',(0.,1.,0.));
#2730 = PLANE('',#2731);
#2731 = AXIS2_PLACEMENT_3D('',#2732,#2733,#2734);
#2732 = CARTESIAN_POINT('',(0.24,-5.4,-2.92));
#2733 = DIRECTION('',(-0.707106781187,1.735167508357E-18,0.707106781187)
  );
#2734 = DIRECTION('',(1.226948711654E-18,1.,-1.226948711654E-18));
#2735 = ADVANCED_FACE('',(#2736),#2761,.F.);
#2736 = FACE_BOUND('',#2737,.F.);
#2737 = EDGE_LOOP('',(#2738,#2746,#2747,#2755));
#2738 = ORIENTED_EDGE('',*,*,#2739,.F.);
#2739 = EDGE_CURVE('',#1972,#2740,#2742,.T.);
#2740 = VERTEX_POINT('',#2741);
#2741 = CARTESIAN_POINT('',(0.16,-7.78,-3.));
#2742 = LINE('',#2743,#2744);
#2743 = CARTESIAN_POINT('',(0.16,-7.78,-3.));
#2744 = VECTOR('',#2745,1.);
#2745 = DIRECTION('',(-0.57735026919,0.57735026919,-0.57735026919));
#2746 = ORIENTED_EDGE('',*,*,#1979,.T.);
#2747 = ORIENTED_EDGE('',*,*,#2748,.T.);
#2748 = EDGE_CURVE('',#1980,#2749,#2751,.T.);
#2749 = VERTEX_POINT('',#2750);
#2750 = CARTESIAN_POINT('',(0.16,-7.46,-3.));
#2751 = LINE('',#2752,#2753);
#2752 = CARTESIAN_POINT('',(5.333333333333E-02,-7.566666666667,
    -3.106666666667));
#2753 = VECTOR('',#2754,1.);
#2754 = DIRECTION('',(-0.57735026919,-0.57735026919,-0.57735026919));
#2755 = ORIENTED_EDGE('',*,*,#2756,.F.);
#2756 = EDGE_CURVE('',#2740,#2749,#2757,.T.);
#2757 = LINE('',#2758,#2759);
#2758 = CARTESIAN_POINT('',(0.16,-7.94,-3.));
#2759 = VECTOR('',#2760,1.);
#2760 = DIRECTION('',(0.,1.,0.));
#2761 = PLANE('',#2762);
#2762 = AXIS2_PLACEMENT_3D('',#2763,#2764,#2765);
#2763 = CARTESIAN_POINT('',(0.24,-7.94,-2.92));
#2764 = DIRECTION('',(-0.707106781187,1.735167508357E-18,0.707106781187)
  );
#2765 = DIRECTION('',(1.226948711654E-18,1.,-1.226948711654E-18));
#2766 = ADVANCED_FACE('',(#2767),#2785,.F.);
#2767 = FACE_BOUND('',#2768,.T.);
#2768 = EDGE_LOOP('',(#2769,#2777,#2778,#2779));
#2769 = ORIENTED_EDGE('',*,*,#2770,.F.);
#2770 = EDGE_CURVE('',#2004,#2771,#2773,.T.);
#2771 = VERTEX_POINT('',#2772);
#2772 = CARTESIAN_POINT('',(-0.16,-7.46,-3.));
#2773 = LINE('',#2774,#2775);
#2774 = CARTESIAN_POINT('',(-0.16,-7.46,-3.));
#2775 = VECTOR('',#2776,1.);
#2776 = DIRECTION('',(0.57735026919,-0.57735026919,-0.57735026919));
#2777 = ORIENTED_EDGE('',*,*,#2003,.T.);
#2778 = ORIENTED_EDGE('',*,*,#2748,.T.);
#2779 = ORIENTED_EDGE('',*,*,#2780,.F.);
#2780 = EDGE_CURVE('',#2771,#2749,#2781,.T.);
#2781 = LINE('',#2782,#2783);
#2782 = CARTESIAN_POINT('',(-0.32,-7.46,-3.));
#2783 = VECTOR('',#2784,1.);
#2784 = DIRECTION('',(1.,0.,0.));
#2785 = PLANE('',#2786);
#2786 = AXIS2_PLACEMENT_3D('',#2787,#2788,#2789);
#2787 = CARTESIAN_POINT('',(-0.32,-7.38,-2.92));
#2788 = DIRECTION('',(-1.735167508357E-18,-0.707106781187,0.707106781187
    ));
#2789 = DIRECTION('',(-1.,1.226948711654E-18,-1.226948711654E-18));
#2790 = ADVANCED_FACE('',(#2791),#2809,.T.);
#2791 = FACE_BOUND('',#2792,.T.);
#2792 = EDGE_LOOP('',(#2793,#2801,#2802,#2803));
#2793 = ORIENTED_EDGE('',*,*,#2794,.F.);
#2794 = EDGE_CURVE('',#2027,#2795,#2797,.T.);
#2795 = VERTEX_POINT('',#2796);
#2796 = CARTESIAN_POINT('',(-0.16,-7.78,-3.));
#2797 = LINE('',#2798,#2799);
#2798 = CARTESIAN_POINT('',(-0.266666666667,-7.886666666667,
    -2.893333333333));
#2799 = VECTOR('',#2800,1.);
#2800 = DIRECTION('',(0.57735026919,0.57735026919,-0.57735026919));
#2801 = ORIENTED_EDGE('',*,*,#2034,.T.);
#2802 = ORIENTED_EDGE('',*,*,#2770,.T.);
#2803 = ORIENTED_EDGE('',*,*,#2804,.F.);
#2804 = EDGE_CURVE('',#2795,#2771,#2805,.T.);
#2805 = LINE('',#2806,#2807);
#2806 = CARTESIAN_POINT('',(-0.16,-7.94,-3.));
#2807 = VECTOR('',#2808,1.);
#2808 = DIRECTION('',(0.,1.,0.));
#2809 = PLANE('',#2810);
#2810 = AXIS2_PLACEMENT_3D('',#2811,#2812,#2813);
#2811 = CARTESIAN_POINT('',(-0.24,-7.94,-2.92));
#2812 = DIRECTION('',(-0.707106781187,-1.735167508357E-18,
    -0.707106781187));
#2813 = DIRECTION('',(-1.226948711654E-18,1.,-1.226948711654E-18));
#2814 = ADVANCED_FACE('',(#2815),#2826,.T.);
#2815 = FACE_BOUND('',#2816,.F.);
#2816 = EDGE_LOOP('',(#2817,#2818,#2819,#2820));
#2817 = ORIENTED_EDGE('',*,*,#2794,.F.);
#2818 = ORIENTED_EDGE('',*,*,#2051,.T.);
#2819 = ORIENTED_EDGE('',*,*,#2739,.T.);
#2820 = ORIENTED_EDGE('',*,*,#2821,.F.);
#2821 = EDGE_CURVE('',#2795,#2740,#2822,.T.);
#2822 = LINE('',#2823,#2824);
#2823 = CARTESIAN_POINT('',(-0.32,-7.78,-3.));
#2824 = VECTOR('',#2825,1.);
#2825 = DIRECTION('',(1.,0.,0.));
#2826 = PLANE('',#2827);
#2827 = AXIS2_PLACEMENT_3D('',#2828,#2829,#2830);
#2828 = CARTESIAN_POINT('',(-0.32,-7.86,-2.92));
#2829 = DIRECTION('',(1.735167508357E-18,-0.707106781187,-0.707106781187
    ));
#2830 = DIRECTION('',(-1.,-1.226948711654E-18,-1.226948711654E-18));
#2831 = ADVANCED_FACE('',(#2832),#2857,.F.);
#2832 = FACE_BOUND('',#2833,.F.);
#2833 = EDGE_LOOP('',(#2834,#2842,#2843,#2851));
#2834 = ORIENTED_EDGE('',*,*,#2835,.F.);
#2835 = EDGE_CURVE('',#2068,#2836,#2838,.T.);
#2836 = VERTEX_POINT('',#2837);
#2837 = CARTESIAN_POINT('',(0.16,-0.16,-3.));
#2838 = LINE('',#2839,#2840);
#2839 = CARTESIAN_POINT('',(0.16,-0.16,-3.));
#2840 = VECTOR('',#2841,1.);
#2841 = DIRECTION('',(-0.57735026919,0.57735026919,-0.57735026919));
#2842 = ORIENTED_EDGE('',*,*,#2075,.T.);
#2843 = ORIENTED_EDGE('',*,*,#2844,.T.);
#2844 = EDGE_CURVE('',#2076,#2845,#2847,.T.);
#2845 = VERTEX_POINT('',#2846);
#2846 = CARTESIAN_POINT('',(0.16,0.16,-3.));
#2847 = LINE('',#2848,#2849);
#2848 = CARTESIAN_POINT('',(5.333333333333E-02,5.333333333333E-02,
    -3.106666666667));
#2849 = VECTOR('',#2850,1.);
#2850 = DIRECTION('',(-0.57735026919,-0.57735026919,-0.57735026919));
#2851 = ORIENTED_EDGE('',*,*,#2852,.F.);
#2852 = EDGE_CURVE('',#2836,#2845,#2853,.T.);
#2853 = LINE('',#2854,#2855);
#2854 = CARTESIAN_POINT('',(0.16,-0.32,-3.));
#2855 = VECTOR('',#2856,1.);
#2856 = DIRECTION('',(0.,1.,0.));
#2857 = PLANE('',#2858);
#2858 = AXIS2_PLACEMENT_3D('',#2859,#2860,#2861);
#2859 = CARTESIAN_POINT('',(0.24,-0.32,-2.92));
#2860 = DIRECTION('',(-0.707106781187,1.735167508357E-18,0.707106781187)
  );
#2861 = DIRECTION('',(1.226948711654E-18,1.,-1.226948711654E-18));
#2862 = ADVANCED_FACE('',(#2863),#2881,.F.);
#2863 = FACE_BOUND('',#2864,.T.);
#2864 = EDGE_LOOP('',(#2865,#2873,#2874,#2875));
#2865 = ORIENTED_EDGE('',*,*,#2866,.F.);
#2866 = EDGE_CURVE('',#2100,#2867,#2869,.T.);
#2867 = VERTEX_POINT('',#2868);
#2868 = CARTESIAN_POINT('',(-0.16,0.16,-3.));
#2869 = LINE('',#2870,#2871);
#2870 = CARTESIAN_POINT('',(-0.16,0.16,-3.));
#2871 = VECTOR('',#2872,1.);
#2872 = DIRECTION('',(0.57735026919,-0.57735026919,-0.57735026919));
#2873 = ORIENTED_EDGE('',*,*,#2099,.T.);
#2874 = ORIENTED_EDGE('',*,*,#2844,.T.);
#2875 = ORIENTED_EDGE('',*,*,#2876,.F.);
#2876 = EDGE_CURVE('',#2867,#2845,#2877,.T.);
#2877 = LINE('',#2878,#2879);
#2878 = CARTESIAN_POINT('',(-0.32,0.16,-3.));
#2879 = VECTOR('',#2880,1.);
#2880 = DIRECTION('',(1.,0.,0.));
#2881 = PLANE('',#2882);
#2882 = AXIS2_PLACEMENT_3D('',#2883,#2884,#2885);
#2883 = CARTESIAN_POINT('',(-0.32,0.24,-2.92));
#2884 = DIRECTION('',(-1.735167508357E-18,-0.707106781187,0.707106781187
    ));
#2885 = DIRECTION('',(-1.,1.226948711654E-18,-1.226948711654E-18));
#2886 = ADVANCED_FACE('',(#2887),#2905,.T.);
#2887 = FACE_BOUND('',#2888,.T.);
#2888 = EDGE_LOOP('',(#2889,#2897,#2898,#2899));
#2889 = ORIENTED_EDGE('',*,*,#2890,.F.);
#2890 = EDGE_CURVE('',#2123,#2891,#2893,.T.);
#2891 = VERTEX_POINT('',#2892);
#2892 = CARTESIAN_POINT('',(-0.16,-0.16,-3.));
#2893 = LINE('',#2894,#2895);
#2894 = CARTESIAN_POINT('',(-0.266666666667,-0.266666666667,
    -2.893333333333));
#2895 = VECTOR('',#2896,1.);
#2896 = DIRECTION('',(0.57735026919,0.57735026919,-0.57735026919));
#2897 = ORIENTED_EDGE('',*,*,#2130,.T.);
#2898 = ORIENTED_EDGE('',*,*,#2866,.T.);
#2899 = ORIENTED_EDGE('',*,*,#2900,.F.);
#2900 = EDGE_CURVE('',#2891,#2867,#2901,.T.);
#2901 = LINE('',#2902,#2903);
#2902 = CARTESIAN_POINT('',(-0.16,-0.32,-3.));
#2903 = VECTOR('',#2904,1.);
#2904 = DIRECTION('',(0.,1.,0.));
#2905 = PLANE('',#2906);
#2906 = AXIS2_PLACEMENT_3D('',#2907,#2908,#2909);
#2907 = CARTESIAN_POINT('',(-0.24,-0.32,-2.92));
#2908 = DIRECTION('',(-0.707106781187,-1.735167508357E-18,
    -0.707106781187));
#2909 = DIRECTION('',(-1.226948711654E-18,1.,-1.226948711654E-18));
#2910 = ADVANCED_FACE('',(#2911),#2922,.T.);
#2911 = FACE_BOUND('',#2912,.F.);
#2912 = EDGE_LOOP('',(#2913,#2914,#2915,#2916));
#2913 = ORIENTED_EDGE('',*,*,#2890,.F.);
#2914 = ORIENTED_EDGE('',*,*,#2147,.T.);
#2915 = ORIENTED_EDGE('',*,*,#2835,.T.);
#2916 = ORIENTED_EDGE('',*,*,#2917,.F.);
#2917 = EDGE_CURVE('',#2891,#2836,#2918,.T.);
#2918 = LINE('',#2919,#2920);
#2919 = CARTESIAN_POINT('',(-0.32,-0.16,-3.));
#2920 = VECTOR('',#2921,1.);
#2921 = DIRECTION('',(1.,0.,0.));
#2922 = PLANE('',#2923);
#2923 = AXIS2_PLACEMENT_3D('',#2924,#2925,#2926);
#2924 = CARTESIAN_POINT('',(-0.32,-0.24,-2.92));
#2925 = DIRECTION('',(1.735167508357E-18,-0.707106781187,-0.707106781187
    ));
#2926 = DIRECTION('',(-1.,-1.226948711654E-18,-1.226948711654E-18));
#2927 = ADVANCED_FACE('',(#2928),#2953,.F.);
#2928 = FACE_BOUND('',#2929,.T.);
#2929 = EDGE_LOOP('',(#2930,#2938,#2939,#2947));
#2930 = ORIENTED_EDGE('',*,*,#2931,.F.);
#2931 = EDGE_CURVE('',#2172,#2932,#2934,.T.);
#2932 = VERTEX_POINT('',#2933);
#2933 = CARTESIAN_POINT('',(-0.16,-2.38,-3.));
#2934 = LINE('',#2935,#2936);
#2935 = CARTESIAN_POINT('',(-0.16,-2.38,-3.));
#2936 = VECTOR('',#2937,1.);
#2937 = DIRECTION('',(0.57735026919,-0.57735026919,-0.57735026919));
#2938 = ORIENTED_EDGE('',*,*,#2171,.T.);
#2939 = ORIENTED_EDGE('',*,*,#2940,.T.);
#2940 = EDGE_CURVE('',#2164,#2941,#2943,.T.);
#2941 = VERTEX_POINT('',#2942);
#2942 = CARTESIAN_POINT('',(0.16,-2.38,-3.));
#2943 = LINE('',#2944,#2945);
#2944 = CARTESIAN_POINT('',(5.333333333333E-02,-2.486666666667,
    -3.106666666667));
#2945 = VECTOR('',#2946,1.);
#2946 = DIRECTION('',(-0.57735026919,-0.57735026919,-0.57735026919));
#2947 = ORIENTED_EDGE('',*,*,#2948,.F.);
#2948 = EDGE_CURVE('',#2932,#2941,#2949,.T.);
#2949 = LINE('',#2950,#2951);
#2950 = CARTESIAN_POINT('',(-0.32,-2.38,-3.));
#2951 = VECTOR('',#2952,1.);
#2952 = DIRECTION('',(1.,0.,0.));
#2953 = PLANE('',#2954);
#2954 = AXIS2_PLACEMENT_3D('',#2955,#2956,#2957);
#2955 = CARTESIAN_POINT('',(-0.32,-2.3,-2.92));
#2956 = DIRECTION('',(-1.735167508357E-18,-0.707106781187,0.707106781187
    ));
#2957 = DIRECTION('',(-1.,1.226948711654E-18,-1.226948711654E-18));
#2958 = ADVANCED_FACE('',(#2959),#2977,.T.);
#2959 = FACE_BOUND('',#2960,.T.);
#2960 = EDGE_LOOP('',(#2961,#2969,#2970,#2971));
#2961 = ORIENTED_EDGE('',*,*,#2962,.F.);
#2962 = EDGE_CURVE('',#2195,#2963,#2965,.T.);
#2963 = VERTEX_POINT('',#2964);
#2964 = CARTESIAN_POINT('',(-0.16,-2.7,-3.));
#2965 = LINE('',#2966,#2967);
#2966 = CARTESIAN_POINT('',(-0.266666666667,-2.806666666667,
    -2.893333333333));
#2967 = VECTOR('',#2968,1.);
#2968 = DIRECTION('',(0.57735026919,0.57735026919,-0.57735026919));
#2969 = ORIENTED_EDGE('',*,*,#2202,.T.);
#2970 = ORIENTED_EDGE('',*,*,#2931,.T.);
#2971 = ORIENTED_EDGE('',*,*,#2972,.F.);
#2972 = EDGE_CURVE('',#2963,#2932,#2973,.T.);
#2973 = LINE('',#2974,#2975);
#2974 = CARTESIAN_POINT('',(-0.16,-2.86,-3.));
#2975 = VECTOR('',#2976,1.);
#2976 = DIRECTION('',(0.,1.,0.));
#2977 = PLANE('',#2978);
#2978 = AXIS2_PLACEMENT_3D('',#2979,#2980,#2981);
#2979 = CARTESIAN_POINT('',(-0.24,-2.86,-2.92));
#2980 = DIRECTION('',(-0.707106781187,-1.735167508357E-18,
    -0.707106781187));
#2981 = DIRECTION('',(-1.226948711654E-18,1.,-1.226948711654E-18));
#2982 = ADVANCED_FACE('',(#2983),#3001,.T.);
#2983 = FACE_BOUND('',#2984,.F.);
#2984 = EDGE_LOOP('',(#2985,#2986,#2987,#2995));
#2985 = ORIENTED_EDGE('',*,*,#2962,.F.);
#2986 = ORIENTED_EDGE('',*,*,#2226,.T.);
#2987 = ORIENTED_EDGE('',*,*,#2988,.T.);
#2988 = EDGE_CURVE('',#2219,#2989,#2991,.T.);
#2989 = VERTEX_POINT('',#2990);
#2990 = CARTESIAN_POINT('',(0.16,-2.7,-3.));
#2991 = LINE('',#2992,#2993);
#2992 = CARTESIAN_POINT('',(0.16,-2.7,-3.));
#2993 = VECTOR('',#2994,1.);
#2994 = DIRECTION('',(-0.57735026919,0.57735026919,-0.57735026919));
#2995 = ORIENTED_EDGE('',*,*,#2996,.F.);
#2996 = EDGE_CURVE('',#2963,#2989,#2997,.T.);
#2997 = LINE('',#2998,#2999);
#2998 = CARTESIAN_POINT('',(-0.32,-2.7,-3.));
#2999 = VECTOR('',#3000,1.);
#3000 = DIRECTION('',(1.,0.,0.));
#3001 = PLANE('',#3002);
#3002 = AXIS2_PLACEMENT_3D('',#3003,#3004,#3005);
#3003 = CARTESIAN_POINT('',(-0.32,-2.78,-2.92));
#3004 = DIRECTION('',(1.735167508357E-18,-0.707106781187,-0.707106781187
    ));
#3005 = DIRECTION('',(-1.,-1.226948711654E-18,-1.226948711654E-18));
#3006 = ADVANCED_FACE('',(#3007),#3018,.F.);
#3007 = FACE_BOUND('',#3008,.F.);
#3008 = EDGE_LOOP('',(#3009,#3010,#3011,#3012));
#3009 = ORIENTED_EDGE('',*,*,#2988,.F.);
#3010 = ORIENTED_EDGE('',*,*,#2243,.T.);
#3011 = ORIENTED_EDGE('',*,*,#2940,.T.);
#3012 = ORIENTED_EDGE('',*,*,#3013,.F.);
#3013 = EDGE_CURVE('',#2989,#2941,#3014,.T.);
#3014 = LINE('',#3015,#3016);
#3015 = CARTESIAN_POINT('',(0.16,-2.86,-3.));
#3016 = VECTOR('',#3017,1.);
#3017 = DIRECTION('',(0.,1.,0.));
#3018 = PLANE('',#3019);
#3019 = AXIS2_PLACEMENT_3D('',#3020,#3021,#3022);
#3020 = CARTESIAN_POINT('',(0.24,-2.86,-2.92));
#3021 = DIRECTION('',(-0.707106781187,1.735167508357E-18,0.707106781187)
  );
#3022 = DIRECTION('',(1.226948711654E-18,1.,-1.226948711654E-18));
#3023 = ADVANCED_FACE('',(#3024),#3049,.T.);
#3024 = FACE_BOUND('',#3025,.F.);
#3025 = EDGE_LOOP('',(#3026,#3034,#3035,#3043));
#3026 = ORIENTED_EDGE('',*,*,#3027,.F.);
#3027 = EDGE_CURVE('',#2269,#3028,#3030,.T.);
#3028 = VERTEX_POINT('',#3029);
#3029 = CARTESIAN_POINT('',(-0.16,-4.92,8.54));
#3030 = LINE('',#3031,#3032);
#3031 = CARTESIAN_POINT('',(-0.16,-4.92,8.54));
#3032 = VECTOR('',#3033,1.);
#3033 = DIRECTION('',(0.57735026919,-0.57735026919,0.57735026919));
#3034 = ORIENTED_EDGE('',*,*,#2276,.T.);
#3035 = ORIENTED_EDGE('',*,*,#3036,.T.);
#3036 = EDGE_CURVE('',#2260,#3037,#3039,.T.);
#3037 = VERTEX_POINT('',#3038);
#3038 = CARTESIAN_POINT('',(0.16,-4.92,8.54));
#3039 = LINE('',#3040,#3041);
#3040 = CARTESIAN_POINT('',(5.333333333333E-02,-5.026666666667,
    8.646666666667));
#3041 = VECTOR('',#3042,1.);
#3042 = DIRECTION('',(-0.57735026919,-0.57735026919,0.57735026919));
#3043 = ORIENTED_EDGE('',*,*,#3044,.F.);
#3044 = EDGE_CURVE('',#3028,#3037,#3045,.T.);
#3045 = LINE('',#3046,#3047);
#3046 = CARTESIAN_POINT('',(-0.32,-4.92,8.54));
#3047 = VECTOR('',#3048,1.);
#3048 = DIRECTION('',(1.,0.,0.));
#3049 = PLANE('',#3050);
#3050 = AXIS2_PLACEMENT_3D('',#3051,#3052,#3053);
#3051 = CARTESIAN_POINT('',(-0.32,-4.84,8.46));
#3052 = DIRECTION('',(1.735167508357E-18,0.707106781187,0.707106781187)
  );
#3053 = DIRECTION('',(-1.,1.226948711654E-18,1.226948711654E-18));
#3054 = ADVANCED_FACE('',(#3055),#3073,.F.);
#3055 = FACE_BOUND('',#3056,.F.);
#3056 = EDGE_LOOP('',(#3057,#3065,#3066,#3067));
#3057 = ORIENTED_EDGE('',*,*,#3058,.F.);
#3058 = EDGE_CURVE('',#2291,#3059,#3061,.T.);
#3059 = VERTEX_POINT('',#3060);
#3060 = CARTESIAN_POINT('',(-0.16,-5.24,8.54));
#3061 = LINE('',#3062,#3063);
#3062 = CARTESIAN_POINT('',(-0.266666666667,-5.346666666667,
    8.433333333333));
#3063 = VECTOR('',#3064,1.);
#3064 = DIRECTION('',(0.57735026919,0.57735026919,0.57735026919));
#3065 = ORIENTED_EDGE('',*,*,#2300,.T.);
#3066 = ORIENTED_EDGE('',*,*,#3027,.T.);
#3067 = ORIENTED_EDGE('',*,*,#3068,.F.);
#3068 = EDGE_CURVE('',#3059,#3028,#3069,.T.);
#3069 = LINE('',#3070,#3071);
#3070 = CARTESIAN_POINT('',(-0.16,-5.4,8.54));
#3071 = VECTOR('',#3072,1.);
#3072 = DIRECTION('',(0.,1.,0.));
#3073 = PLANE('',#3074);
#3074 = AXIS2_PLACEMENT_3D('',#3075,#3076,#3077);
#3075 = CARTESIAN_POINT('',(-0.24,-5.4,8.46));
#3076 = DIRECTION('',(0.707106781187,1.735167508357E-18,-0.707106781187)
  );
#3077 = DIRECTION('',(-1.226948711654E-18,1.,1.226948711654E-18));
#3078 = ADVANCED_FACE('',(#3079),#3097,.F.);
#3079 = FACE_BOUND('',#3080,.T.);
#3080 = EDGE_LOOP('',(#3081,#3082,#3083,#3091));
#3081 = ORIENTED_EDGE('',*,*,#3058,.F.);
#3082 = ORIENTED_EDGE('',*,*,#2324,.T.);
#3083 = ORIENTED_EDGE('',*,*,#3084,.T.);
#3084 = EDGE_CURVE('',#2315,#3085,#3087,.T.);
#3085 = VERTEX_POINT('',#3086);
#3086 = CARTESIAN_POINT('',(0.16,-5.24,8.54));
#3087 = LINE('',#3088,#3089);
#3088 = CARTESIAN_POINT('',(0.16,-5.24,8.54));
#3089 = VECTOR('',#3090,1.);
#3090 = DIRECTION('',(-0.57735026919,0.57735026919,0.57735026919));
#3091 = ORIENTED_EDGE('',*,*,#3092,.F.);
#3092 = EDGE_CURVE('',#3059,#3085,#3093,.T.);
#3093 = LINE('',#3094,#3095);
#3094 = CARTESIAN_POINT('',(-0.32,-5.24,8.54));
#3095 = VECTOR('',#3096,1.);
#3096 = DIRECTION('',(1.,0.,0.));
#3097 = PLANE('',#3098);
#3098 = AXIS2_PLACEMENT_3D('',#3099,#3100,#3101);
#3099 = CARTESIAN_POINT('',(-0.32,-5.32,8.46));
#3100 = DIRECTION('',(-1.735167508357E-18,0.707106781187,-0.707106781187
    ));
#3101 = DIRECTION('',(-1.,-1.226948711654E-18,1.226948711654E-18));
#3102 = ADVANCED_FACE('',(#3103),#3114,.T.);
#3103 = FACE_BOUND('',#3104,.T.);
#3104 = EDGE_LOOP('',(#3105,#3106,#3107,#3108));
#3105 = ORIENTED_EDGE('',*,*,#3084,.F.);
#3106 = ORIENTED_EDGE('',*,*,#2341,.T.);
#3107 = ORIENTED_EDGE('',*,*,#3036,.T.);
#3108 = ORIENTED_EDGE('',*,*,#3109,.F.);
#3109 = EDGE_CURVE('',#3085,#3037,#3110,.T.);
#3110 = LINE('',#3111,#3112);
#3111 = CARTESIAN_POINT('',(0.16,-5.4,8.54));
#3112 = VECTOR('',#3113,1.);
#3113 = DIRECTION('',(0.,1.,0.));
#3114 = PLANE('',#3115);
#3115 = AXIS2_PLACEMENT_3D('',#3116,#3117,#3118);
#3116 = CARTESIAN_POINT('',(0.24,-5.4,8.46));
#3117 = DIRECTION('',(0.707106781187,-1.735167508357E-18,0.707106781187)
  );
#3118 = DIRECTION('',(1.226948711654E-18,1.,1.226948711654E-18));
#3119 = ADVANCED_FACE('',(#3120),#3145,.T.);
#3120 = FACE_BOUND('',#3121,.T.);
#3121 = EDGE_LOOP('',(#3122,#3130,#3131,#3139));
#3122 = ORIENTED_EDGE('',*,*,#3123,.F.);
#3123 = EDGE_CURVE('',#2356,#3124,#3126,.T.);
#3124 = VERTEX_POINT('',#3125);
#3125 = CARTESIAN_POINT('',(0.16,-7.78,8.54));
#3126 = LINE('',#3127,#3128);
#3127 = CARTESIAN_POINT('',(0.16,-7.78,8.54));
#3128 = VECTOR('',#3129,1.);
#3129 = DIRECTION('',(-0.57735026919,0.57735026919,0.57735026919));
#3130 = ORIENTED_EDGE('',*,*,#2372,.T.);
#3131 = ORIENTED_EDGE('',*,*,#3132,.T.);
#3132 = EDGE_CURVE('',#2365,#3133,#3135,.T.);
#3133 = VERTEX_POINT('',#3134);
#3134 = CARTESIAN_POINT('',(0.16,-7.46,8.54));
#3135 = LINE('',#3136,#3137);
#3136 = CARTESIAN_POINT('',(5.333333333333E-02,-7.566666666667,
    8.646666666667));
#3137 = VECTOR('',#3138,1.);
#3138 = DIRECTION('',(-0.57735026919,-0.57735026919,0.57735026919));
#3139 = ORIENTED_EDGE('',*,*,#3140,.F.);
#3140 = EDGE_CURVE('',#3124,#3133,#3141,.T.);
#3141 = LINE('',#3142,#3143);
#3142 = CARTESIAN_POINT('',(0.16,-7.94,8.54));
#3143 = VECTOR('',#3144,1.);
#3144 = DIRECTION('',(0.,1.,0.));
#3145 = PLANE('',#3146);
#3146 = AXIS2_PLACEMENT_3D('',#3147,#3148,#3149);
#3147 = CARTESIAN_POINT('',(0.24,-7.94,8.46));
#3148 = DIRECTION('',(0.707106781187,-1.735167508357E-18,0.707106781187)
  );
#3149 = DIRECTION('',(1.226948711654E-18,1.,1.226948711654E-18));
#3150 = ADVANCED_FACE('',(#3151),#3169,.T.);
#3151 = FACE_BOUND('',#3152,.F.);
#3152 = EDGE_LOOP('',(#3153,#3161,#3162,#3163));
#3153 = ORIENTED_EDGE('',*,*,#3154,.F.);
#3154 = EDGE_CURVE('',#2389,#3155,#3157,.T.);
#3155 = VERTEX_POINT('',#3156);
#3156 = CARTESIAN_POINT('',(-0.16,-7.46,8.54));
#3157 = LINE('',#3158,#3159);
#3158 = CARTESIAN_POINT('',(-0.16,-7.46,8.54));
#3159 = VECTOR('',#3160,1.);
#3160 = DIRECTION('',(0.57735026919,-0.57735026919,0.57735026919));
#3161 = ORIENTED_EDGE('',*,*,#2396,.T.);
#3162 = ORIENTED_EDGE('',*,*,#3132,.T.);
#3163 = ORIENTED_EDGE('',*,*,#3164,.F.);
#3164 = EDGE_CURVE('',#3155,#3133,#3165,.T.);
#3165 = LINE('',#3166,#3167);
#3166 = CARTESIAN_POINT('',(-0.32,-7.46,8.54));
#3167 = VECTOR('',#3168,1.);
#3168 = DIRECTION('',(1.,0.,0.));
#3169 = PLANE('',#3170);
#3170 = AXIS2_PLACEMENT_3D('',#3171,#3172,#3173);
#3171 = CARTESIAN_POINT('',(-0.32,-7.38,8.46));
#3172 = DIRECTION('',(1.735167508357E-18,0.707106781187,0.707106781187)
  );
#3173 = DIRECTION('',(-1.,1.226948711654E-18,1.226948711654E-18));
#3174 = ADVANCED_FACE('',(#3175),#3193,.F.);
#3175 = FACE_BOUND('',#3176,.F.);
#3176 = EDGE_LOOP('',(#3177,#3185,#3186,#3187));
#3177 = ORIENTED_EDGE('',*,*,#3178,.F.);
#3178 = EDGE_CURVE('',#2411,#3179,#3181,.T.);
#3179 = VERTEX_POINT('',#3180);
#3180 = CARTESIAN_POINT('',(-0.16,-7.78,8.54));
#3181 = LINE('',#3182,#3183);
#3182 = CARTESIAN_POINT('',(-0.266666666667,-7.886666666667,
    8.433333333333));
#3183 = VECTOR('',#3184,1.);
#3184 = DIRECTION('',(0.57735026919,0.57735026919,0.57735026919));
#3185 = ORIENTED_EDGE('',*,*,#2420,.T.);
#3186 = ORIENTED_EDGE('',*,*,#3154,.T.);
#3187 = ORIENTED_EDGE('',*,*,#3188,.F.);
#3188 = EDGE_CURVE('',#3179,#3155,#3189,.T.);
#3189 = LINE('',#3190,#3191);
#3190 = CARTESIAN_POINT('',(-0.16,-7.94,8.54));
#3191 = VECTOR('',#3192,1.);
#3192 = DIRECTION('',(0.,1.,0.));
#3193 = PLANE('',#3194);
#3194 = AXIS2_PLACEMENT_3D('',#3195,#3196,#3197);
#3195 = CARTESIAN_POINT('',(-0.24,-7.94,8.46));
#3196 = DIRECTION('',(0.707106781187,1.735167508357E-18,-0.707106781187)
  );
#3197 = DIRECTION('',(-1.226948711654E-18,1.,1.226948711654E-18));
#3198 = ADVANCED_FACE('',(#3199),#3210,.F.);
#3199 = FACE_BOUND('',#3200,.T.);
#3200 = EDGE_LOOP('',(#3201,#3202,#3203,#3204));
#3201 = ORIENTED_EDGE('',*,*,#3178,.F.);
#3202 = ORIENTED_EDGE('',*,*,#2437,.T.);
#3203 = ORIENTED_EDGE('',*,*,#3123,.T.);
#3204 = ORIENTED_EDGE('',*,*,#3205,.F.);
#3205 = EDGE_CURVE('',#3179,#3124,#3206,.T.);
#3206 = LINE('',#3207,#3208);
#3207 = CARTESIAN_POINT('',(-0.32,-7.78,8.54));
#3208 = VECTOR('',#3209,1.);
#3209 = DIRECTION('',(1.,0.,0.));
#3210 = PLANE('',#3211);
#3211 = AXIS2_PLACEMENT_3D('',#3212,#3213,#3214);
#3212 = CARTESIAN_POINT('',(-0.32,-7.86,8.46));
#3213 = DIRECTION('',(-1.735167508357E-18,0.707106781187,-0.707106781187
    ));
#3214 = DIRECTION('',(-1.,-1.226948711654E-18,1.226948711654E-18));
#3215 = ADVANCED_FACE('',(#3216),#3241,.T.);
#3216 = FACE_BOUND('',#3217,.T.);
#3217 = EDGE_LOOP('',(#3218,#3226,#3227,#3235));
#3218 = ORIENTED_EDGE('',*,*,#3219,.F.);
#3219 = EDGE_CURVE('',#2452,#3220,#3222,.T.);
#3220 = VERTEX_POINT('',#3221);
#3221 = CARTESIAN_POINT('',(0.16,-0.16,8.54));
#3222 = LINE('',#3223,#3224);
#3223 = CARTESIAN_POINT('',(0.16,-0.16,8.54));
#3224 = VECTOR('',#3225,1.);
#3225 = DIRECTION('',(-0.57735026919,0.57735026919,0.57735026919));
#3226 = ORIENTED_EDGE('',*,*,#2468,.T.);
#3227 = ORIENTED_EDGE('',*,*,#3228,.T.);
#3228 = EDGE_CURVE('',#2461,#3229,#3231,.T.);
#3229 = VERTEX_POINT('',#3230);
#3230 = CARTESIAN_POINT('',(0.16,0.16,8.54));
#3231 = LINE('',#3232,#3233);
#3232 = CARTESIAN_POINT('',(5.333333333333E-02,5.333333333333E-02,
    8.646666666667));
#3233 = VECTOR('',#3234,1.);
#3234 = DIRECTION('',(-0.57735026919,-0.57735026919,0.57735026919));
#3235 = ORIENTED_EDGE('',*,*,#3236,.F.);
#3236 = EDGE_CURVE('',#3220,#3229,#3237,.T.);
#3237 = LINE('',#3238,#3239);
#3238 = CARTESIAN_POINT('',(0.16,-0.32,8.54));
#3239 = VECTOR('',#3240,1.);
#3240 = DIRECTION('',(0.,1.,0.));
#3241 = PLANE('',#3242);
#3242 = AXIS2_PLACEMENT_3D('',#3243,#3244,#3245);
#3243 = CARTESIAN_POINT('',(0.24,-0.32,8.46));
#3244 = DIRECTION('',(0.707106781187,-1.735167508357E-18,0.707106781187)
  );
#3245 = DIRECTION('',(1.226948711654E-18,1.,1.226948711654E-18));
#3246 = ADVANCED_FACE('',(#3247),#3265,.T.);
#3247 = FACE_BOUND('',#3248,.F.);
#3248 = EDGE_LOOP('',(#3249,#3257,#3258,#3259));
#3249 = ORIENTED_EDGE('',*,*,#3250,.F.);
#3250 = EDGE_CURVE('',#2485,#3251,#3253,.T.);
#3251 = VERTEX_POINT('',#3252);
#3252 = CARTESIAN_POINT('',(-0.16,0.16,8.54));
#3253 = LINE('',#3254,#3255);
#3254 = CARTESIAN_POINT('',(-0.16,0.16,8.54));
#3255 = VECTOR('',#3256,1.);
#3256 = DIRECTION('',(0.57735026919,-0.57735026919,0.57735026919));
#3257 = ORIENTED_EDGE('',*,*,#2492,.T.);
#3258 = ORIENTED_EDGE('',*,*,#3228,.T.);
#3259 = ORIENTED_EDGE('',*,*,#3260,.F.);
#3260 = EDGE_CURVE('',#3251,#3229,#3261,.T.);
#3261 = LINE('',#3262,#3263);
#3262 = CARTESIAN_POINT('',(-0.32,0.16,8.54));
#3263 = VECTOR('',#3264,1.);
#3264 = DIRECTION('',(1.,0.,0.));
#3265 = PLANE('',#3266);
#3266 = AXIS2_PLACEMENT_3D('',#3267,#3268,#3269);
#3267 = CARTESIAN_POINT('',(-0.32,0.24,8.46));
#3268 = DIRECTION('',(1.735167508357E-18,0.707106781187,0.707106781187)
  );
#3269 = DIRECTION('',(-1.,1.226948711654E-18,1.226948711654E-18));
#3270 = ADVANCED_FACE('',(#3271),#3289,.F.);
#3271 = FACE_BOUND('',#3272,.F.);
#3272 = EDGE_LOOP('',(#3273,#3281,#3282,#3283));
#3273 = ORIENTED_EDGE('',*,*,#3274,.F.);
#3274 = EDGE_CURVE('',#2507,#3275,#3277,.T.);
#3275 = VERTEX_POINT('',#3276);
#3276 = CARTESIAN_POINT('',(-0.16,-0.16,8.54));
#3277 = LINE('',#3278,#3279);
#3278 = CARTESIAN_POINT('',(-0.266666666667,-0.266666666667,
    8.433333333333));
#3279 = VECTOR('',#3280,1.);
#3280 = DIRECTION('',(0.57735026919,0.57735026919,0.57735026919));
#3281 = ORIENTED_EDGE('',*,*,#2516,.T.);
#3282 = ORIENTED_EDGE('',*,*,#3250,.T.);
#3283 = ORIENTED_EDGE('',*,*,#3284,.F.);
#3284 = EDGE_CURVE('',#3275,#3251,#3285,.T.);
#3285 = LINE('',#3286,#3287);
#3286 = CARTESIAN_POINT('',(-0.16,-0.32,8.54));
#3287 = VECTOR('',#3288,1.);
#3288 = DIRECTION('',(0.,1.,0.));
#3289 = PLANE('',#3290);
#3290 = AXIS2_PLACEMENT_3D('',#3291,#3292,#3293);
#3291 = CARTESIAN_POINT('',(-0.24,-0.32,8.46));
#3292 = DIRECTION('',(0.707106781187,1.735167508357E-18,-0.707106781187)
  );
#3293 = DIRECTION('',(-1.226948711654E-18,1.,1.226948711654E-18));
#3294 = ADVANCED_FACE('',(#3295),#3306,.F.);
#3295 = FACE_BOUND('',#3296,.T.);
#3296 = EDGE_LOOP('',(#3297,#3298,#3299,#3300));
#3297 = ORIENTED_EDGE('',*,*,#3274,.F.);
#3298 = ORIENTED_EDGE('',*,*,#2533,.T.);
#3299 = ORIENTED_EDGE('',*,*,#3219,.T.);
#3300 = ORIENTED_EDGE('',*,*,#3301,.F.);
#3301 = EDGE_CURVE('',#3275,#3220,#3302,.T.);
#3302 = LINE('',#3303,#3304);
#3303 = CARTESIAN_POINT('',(-0.32,-0.16,8.54));
#3304 = VECTOR('',#3305,1.);
#3305 = DIRECTION('',(1.,0.,0.));
#3306 = PLANE('',#3307);
#3307 = AXIS2_PLACEMENT_3D('',#3308,#3309,#3310);
#3308 = CARTESIAN_POINT('',(-0.32,-0.24,8.46));
#3309 = DIRECTION('',(-1.735167508357E-18,0.707106781187,-0.707106781187
    ));
#3310 = DIRECTION('',(-1.,-1.226948711654E-18,1.226948711654E-18));
#3311 = ADVANCED_FACE('',(#3312),#3337,.T.);
#3312 = FACE_BOUND('',#3313,.F.);
#3313 = EDGE_LOOP('',(#3314,#3322,#3323,#3331));
#3314 = ORIENTED_EDGE('',*,*,#3315,.F.);
#3315 = EDGE_CURVE('',#2557,#3316,#3318,.T.);
#3316 = VERTEX_POINT('',#3317);
#3317 = CARTESIAN_POINT('',(-0.16,-2.38,8.54));
#3318 = LINE('',#3319,#3320);
#3319 = CARTESIAN_POINT('',(-0.16,-2.38,8.54));
#3320 = VECTOR('',#3321,1.);
#3321 = DIRECTION('',(0.57735026919,-0.57735026919,0.57735026919));
#3322 = ORIENTED_EDGE('',*,*,#2564,.T.);
#3323 = ORIENTED_EDGE('',*,*,#3324,.T.);
#3324 = EDGE_CURVE('',#2548,#3325,#3327,.T.);
#3325 = VERTEX_POINT('',#3326);
#3326 = CARTESIAN_POINT('',(0.16,-2.38,8.54));
#3327 = LINE('',#3328,#3329);
#3328 = CARTESIAN_POINT('',(5.333333333333E-02,-2.486666666667,
    8.646666666667));
#3329 = VECTOR('',#3330,1.);
#3330 = DIRECTION('',(-0.57735026919,-0.57735026919,0.57735026919));
#3331 = ORIENTED_EDGE('',*,*,#3332,.F.);
#3332 = EDGE_CURVE('',#3316,#3325,#3333,.T.);
#3333 = LINE('',#3334,#3335);
#3334 = CARTESIAN_POINT('',(-0.32,-2.38,8.54));
#3335 = VECTOR('',#3336,1.);
#3336 = DIRECTION('',(1.,0.,0.));
#3337 = PLANE('',#3338);
#3338 = AXIS2_PLACEMENT_3D('',#3339,#3340,#3341);
#3339 = CARTESIAN_POINT('',(-0.32,-2.3,8.46));
#3340 = DIRECTION('',(1.735167508357E-18,0.707106781187,0.707106781187)
  );
#3341 = DIRECTION('',(-1.,1.226948711654E-18,1.226948711654E-18));
#3342 = ADVANCED_FACE('',(#3343),#3361,.F.);
#3343 = FACE_BOUND('',#3344,.F.);
#3344 = EDGE_LOOP('',(#3345,#3353,#3354,#3355));
#3345 = ORIENTED_EDGE('',*,*,#3346,.F.);
#3346 = EDGE_CURVE('',#2579,#3347,#3349,.T.);
#3347 = VERTEX_POINT('',#3348);
#3348 = CARTESIAN_POINT('',(-0.16,-2.7,8.54));
#3349 = LINE('',#3350,#3351);
#3350 = CARTESIAN_POINT('',(-0.266666666667,-2.806666666667,
    8.433333333333));
#3351 = VECTOR('',#3352,1.);
#3352 = DIRECTION('',(0.57735026919,0.57735026919,0.57735026919));
#3353 = ORIENTED_EDGE('',*,*,#2588,.T.);
#3354 = ORIENTED_EDGE('',*,*,#3315,.T.);
#3355 = ORIENTED_EDGE('',*,*,#3356,.F.);
#3356 = EDGE_CURVE('',#3347,#3316,#3357,.T.);
#3357 = LINE('',#3358,#3359);
#3358 = CARTESIAN_POINT('',(-0.16,-2.86,8.54));
#3359 = VECTOR('',#3360,1.);
#3360 = DIRECTION('',(0.,1.,0.));
#3361 = PLANE('',#3362);
#3362 = AXIS2_PLACEMENT_3D('',#3363,#3364,#3365);
#3363 = CARTESIAN_POINT('',(-0.24,-2.86,8.46));
#3364 = DIRECTION('',(0.707106781187,1.735167508357E-18,-0.707106781187)
  );
#3365 = DIRECTION('',(-1.226948711654E-18,1.,1.226948711654E-18));
#3366 = ADVANCED_FACE('',(#3367),#3385,.F.);
#3367 = FACE_BOUND('',#3368,.T.);
#3368 = EDGE_LOOP('',(#3369,#3370,#3371,#3379));
#3369 = ORIENTED_EDGE('',*,*,#3346,.F.);
#3370 = ORIENTED_EDGE('',*,*,#2612,.T.);
#3371 = ORIENTED_EDGE('',*,*,#3372,.T.);
#3372 = EDGE_CURVE('',#2603,#3373,#3375,.T.);
#3373 = VERTEX_POINT('',#3374);
#3374 = CARTESIAN_POINT('',(0.16,-2.7,8.54));
#3375 = LINE('',#3376,#3377);
#3376 = CARTESIAN_POINT('',(0.16,-2.7,8.54));
#3377 = VECTOR('',#3378,1.);
#3378 = DIRECTION('',(-0.57735026919,0.57735026919,0.57735026919));
#3379 = ORIENTED_EDGE('',*,*,#3380,.F.);
#3380 = EDGE_CURVE('',#3347,#3373,#3381,.T.);
#3381 = LINE('',#3382,#3383);
#3382 = CARTESIAN_POINT('',(-0.32,-2.7,8.54));
#3383 = VECTOR('',#3384,1.);
#3384 = DIRECTION('',(1.,0.,0.));
#3385 = PLANE('',#3386);
#3386 = AXIS2_PLACEMENT_3D('',#3387,#3388,#3389);
#3387 = CARTESIAN_POINT('',(-0.32,-2.78,8.46));
#3388 = DIRECTION('',(-1.735167508357E-18,0.707106781187,-0.707106781187
    ));
#3389 = DIRECTION('',(-1.,-1.226948711654E-18,1.226948711654E-18));
#3390 = ADVANCED_FACE('',(#3391),#3402,.T.);
#3391 = FACE_BOUND('',#3392,.T.);
#3392 = EDGE_LOOP('',(#3393,#3394,#3395,#3396));
#3393 = ORIENTED_EDGE('',*,*,#3372,.F.);
#3394 = ORIENTED_EDGE('',*,*,#2629,.T.);
#3395 = ORIENTED_EDGE('',*,*,#3324,.T.);
#3396 = ORIENTED_EDGE('',*,*,#3397,.F.);
#3397 = EDGE_CURVE('',#3373,#3325,#3398,.T.);
#3398 = LINE('',#3399,#3400);
#3399 = CARTESIAN_POINT('',(0.16,-2.86,8.54));
#3400 = VECTOR('',#3401,1.);
#3401 = DIRECTION('',(0.,1.,0.));
#3402 = PLANE('',#3403);
#3403 = AXIS2_PLACEMENT_3D('',#3404,#3405,#3406);
#3404 = CARTESIAN_POINT('',(0.24,-2.86,8.46));
#3405 = DIRECTION('',(0.707106781187,-1.735167508357E-18,0.707106781187)
  );
#3406 = DIRECTION('',(1.226948711654E-18,1.,1.226948711654E-18));
#3407 = ADVANCED_FACE('',(#3408),#3414,.F.);
#3408 = FACE_BOUND('',#3409,.F.);
#3409 = EDGE_LOOP('',(#3410,#3411,#3412,#3413));
#3410 = ORIENTED_EDGE('',*,*,#2725,.T.);
#3411 = ORIENTED_EDGE('',*,*,#2660,.F.);
#3412 = ORIENTED_EDGE('',*,*,#2684,.F.);
#3413 = ORIENTED_EDGE('',*,*,#2708,.T.);
#3414 = PLANE('',#3415);
#3415 = AXIS2_PLACEMENT_3D('',#3416,#3417,#3418);
#3416 = CARTESIAN_POINT('',(-0.32,-5.4,-3.));
#3417 = DIRECTION('',(0.,0.,1.));
#3418 = DIRECTION('',(1.,0.,-0.));
#3419 = ADVANCED_FACE('',(#3420),#3426,.F.);
#3420 = FACE_BOUND('',#3421,.F.);
#3421 = EDGE_LOOP('',(#3422,#3423,#3424,#3425));
#3422 = ORIENTED_EDGE('',*,*,#2756,.T.);
#3423 = ORIENTED_EDGE('',*,*,#2780,.F.);
#3424 = ORIENTED_EDGE('',*,*,#2804,.F.);
#3425 = ORIENTED_EDGE('',*,*,#2821,.T.);
#3426 = PLANE('',#3427);
#3427 = AXIS2_PLACEMENT_3D('',#3428,#3429,#3430);
#3428 = CARTESIAN_POINT('',(-0.32,-7.94,-3.));
#3429 = DIRECTION('',(0.,0.,1.));
#3430 = DIRECTION('',(1.,0.,-0.));
#3431 = ADVANCED_FACE('',(#3432),#3438,.F.);
#3432 = FACE_BOUND('',#3433,.F.);
#3433 = EDGE_LOOP('',(#3434,#3435,#3436,#3437));
#3434 = ORIENTED_EDGE('',*,*,#2852,.T.);
#3435 = ORIENTED_EDGE('',*,*,#2876,.F.);
#3436 = ORIENTED_EDGE('',*,*,#2900,.F.);
#3437 = ORIENTED_EDGE('',*,*,#2917,.T.);
#3438 = PLANE('',#3439);
#3439 = AXIS2_PLACEMENT_3D('',#3440,#3441,#3442);
#3440 = CARTESIAN_POINT('',(-0.32,-0.32,-3.));
#3441 = DIRECTION('',(0.,0.,1.));
#3442 = DIRECTION('',(1.,0.,-0.));
#3443 = ADVANCED_FACE('',(#3444),#3450,.F.);
#3444 = FACE_BOUND('',#3445,.F.);
#3445 = EDGE_LOOP('',(#3446,#3447,#3448,#3449));
#3446 = ORIENTED_EDGE('',*,*,#3013,.T.);
#3447 = ORIENTED_EDGE('',*,*,#2948,.F.);
#3448 = ORIENTED_EDGE('',*,*,#2972,.F.);
#3449 = ORIENTED_EDGE('',*,*,#2996,.T.);
#3450 = PLANE('',#3451);
#3451 = AXIS2_PLACEMENT_3D('',#3452,#3453,#3454);
#3452 = CARTESIAN_POINT('',(-0.32,-2.86,-3.));
#3453 = DIRECTION('',(0.,0.,1.));
#3454 = DIRECTION('',(1.,0.,-0.));
#3455 = ADVANCED_FACE('',(#3456),#3462,.T.);
#3456 = FACE_BOUND('',#3457,.T.);
#3457 = EDGE_LOOP('',(#3458,#3459,#3460,#3461));
#3458 = ORIENTED_EDGE('',*,*,#3109,.T.);
#3459 = ORIENTED_EDGE('',*,*,#3044,.F.);
#3460 = ORIENTED_EDGE('',*,*,#3068,.F.);
#3461 = ORIENTED_EDGE('',*,*,#3092,.T.);
#3462 = PLANE('',#3463);
#3463 = AXIS2_PLACEMENT_3D('',#3464,#3465,#3466);
#3464 = CARTESIAN_POINT('',(-0.32,-5.4,8.54));
#3465 = DIRECTION('',(0.,0.,1.));
#3466 = DIRECTION('',(1.,0.,-0.));
#3467 = ADVANCED_FACE('',(#3468),#3474,.T.);
#3468 = FACE_BOUND('',#3469,.T.);
#3469 = EDGE_LOOP('',(#3470,#3471,#3472,#3473));
#3470 = ORIENTED_EDGE('',*,*,#3140,.T.);
#3471 = ORIENTED_EDGE('',*,*,#3164,.F.);
#3472 = ORIENTED_EDGE('',*,*,#3188,.F.);
#3473 = ORIENTED_EDGE('',*,*,#3205,.T.);
#3474 = PLANE('',#3475);
#3475 = AXIS2_PLACEMENT_3D('',#3476,#3477,#3478);
#3476 = CARTESIAN_POINT('',(-0.32,-7.94,8.54));
#3477 = DIRECTION('',(0.,0.,1.));
#3478 = DIRECTION('',(1.,0.,-0.));
#3479 = ADVANCED_FACE('',(#3480),#3486,.T.);
#3480 = FACE_BOUND('',#3481,.T.);
#3481 = EDGE_LOOP('',(#3482,#3483,#3484,#3485));
#3482 = ORIENTED_EDGE('',*,*,#3236,.T.);
#3483 = ORIENTED_EDGE('',*,*,#3260,.F.);
#3484 = ORIENTED_EDGE('',*,*,#3284,.F.);
#3485 = ORIENTED_EDGE('',*,*,#3301,.T.);
#3486 = PLANE('',#3487);
#3487 = AXIS2_PLACEMENT_3D('',#3488,#3489,#3490);
#3488 = CARTESIAN_POINT('',(-0.32,-0.32,8.54));
#3489 = DIRECTION('',(0.,0.,1.));
#3490 = DIRECTION('',(1.,0.,-0.));
#3491 = ADVANCED_FACE('',(#3492),#3498,.T.);
#3492 = FACE_BOUND('',#3493,.T.);
#3493 = EDGE_LOOP('',(#3494,#3495,#3496,#3497));
#3494 = ORIENTED_EDGE('',*,*,#3397,.T.);
#3495 = ORIENTED_EDGE('',*,*,#3332,.F.);
#3496 = ORIENTED_EDGE('',*,*,#3356,.F.);
#3497 = ORIENTED_EDGE('',*,*,#3380,.T.);
#3498 = PLANE('',#3499);
#3499 = AXIS2_PLACEMENT_3D('',#3500,#3501,#3502);
#3500 = CARTESIAN_POINT('',(-0.32,-2.86,8.54));
#3501 = DIRECTION('',(0.,0.,1.));
#3502 = DIRECTION('',(1.,0.,-0.));
#3503 = ( GEOMETRIC_REPRESENTATION_CONTEXT(3) 
GLOBAL_UNCERTAINTY_ASSIGNED_CONTEXT((#3507)) 
GLOBAL_UNIT_ASSIGNED_CONTEXT((#3504,#3505,#3506)) REPRESENTATION_CONTEXT
('Context #1','3D Context with UNIT and UNCERTAINTY') );
#3504 = ( LENGTH_UNIT() NAMED_UNIT(*) SI_UNIT(.MILLI.,.METRE.) );
#3505 = ( NAMED_UNIT(*) PLANE_ANGLE_UNIT() SI_UNIT($,.RADIAN.) );
#3506 = ( NAMED_UNIT(*) SI_UNIT($,.STERADIAN.) SOLID_ANGLE_UNIT() );
#3507 = UNCERTAINTY_MEASURE_WITH_UNIT(LENGTH_MEASURE(1.E-07),#3504,
  'distance_accuracy_value','confusion accuracy');
#3508 = CONTEXT_DEPENDENT_SHAPE_REPRESENTATION(#3509,#3511);
#3509 = ( REPRESENTATION_RELATIONSHIP('','',#722,#10) 
REPRESENTATION_RELATIONSHIP_WITH_TRANSFORMATION(#3510) 
SHAPE_REPRESENTATION_RELATIONSHIP() );
#3510 = ITEM_DEFINED_TRANSFORMATION('','',#11,#19);
#3511 = PRODUCT_DEFINITION_SHAPE('Placement','Placement of an item',
  #3512);
#3512 = NEXT_ASSEMBLY_USAGE_OCCURRENCE('2','J1','',#5,#717,$);
#3513 = PRODUCT_RELATED_PRODUCT_CATEGORY('part',$,(#719));
#3514 = SHAPE_DEFINITION_REPRESENTATION(#3515,#3521);
#3515 = PRODUCT_DEFINITION_SHAPE('','',#3516);
#3516 = PRODUCT_DEFINITION('design','',#3517,#3520);
#3517 = PRODUCT_DEFINITION_FORMATION('','',#3518);
#3518 = PRODUCT('Yes_PCB','Yes_PCB','',(#3519));
#3519 = PRODUCT_CONTEXT('',#2,'mechanical');
#3520 = PRODUCT_DEFINITION_CONTEXT('part definition',#2,'design');
#3521 = ADVANCED_BREP_SHAPE_REPRESENTATION('',(#11,#3522),#5067);
#3522 = MANIFOLD_SOLID_BREP('',#3523);
#3523 = CLOSED_SHELL('',(#3524,#3566,#3597,#3628,#4027,#4426,#4443,#4460
    ,#4477,#4494,#4506,#4523,#4545,#4562,#4579,#4591,#4608,#4625,#4642,
    #4659,#4676,#4693,#4710,#4727,#4744,#4761,#4778,#4795,#4817,#4834,
    #4851,#4863,#4880,#4897,#4914,#4931,#4948,#4965,#4982,#4999,#5016,
    #5033,#5050));
#3524 = ADVANCED_FACE('',(#3525),#3561,.T.);
#3525 = FACE_BOUND('',#3526,.T.);
#3526 = EDGE_LOOP('',(#3527,#3537,#3546,#3554));
#3527 = ORIENTED_EDGE('',*,*,#3528,.T.);
#3528 = EDGE_CURVE('',#3529,#3531,#3533,.T.);
#3529 = VERTEX_POINT('',#3530);
#3530 = CARTESIAN_POINT('',(199.13,-56.5,0.));
#3531 = VERTEX_POINT('',#3532);
#3532 = CARTESIAN_POINT('',(199.13,-56.5,1.51));
#3533 = LINE('',#3534,#3535);
#3534 = CARTESIAN_POINT('',(199.13,-56.5,0.));
#3535 = VECTOR('',#3536,1.);
#3536 = DIRECTION('',(0.,0.,1.));
#3537 = ORIENTED_EDGE('',*,*,#3538,.T.);
#3538 = EDGE_CURVE('',#3531,#3539,#3541,.T.);
#3539 = VERTEX_POINT('',#3540);
#3540 = CARTESIAN_POINT('',(204.13,-61.5,1.51));
#3541 = CIRCLE('',#3542,4.999999678834);
#3542 = AXIS2_PLACEMENT_3D('',#3543,#3544,#3545);
#3543 = CARTESIAN_POINT('',(199.13000032116,-61.49999967883,1.51));
#3544 = DIRECTION('',(0.,0.,-1.));
#3545 = DIRECTION('',(-6.42331470194E-08,1.,0.));
#3546 = ORIENTED_EDGE('',*,*,#3547,.F.);
#3547 = EDGE_CURVE('',#3548,#3539,#3550,.T.);
#3548 = VERTEX_POINT('',#3549);
#3549 = CARTESIAN_POINT('',(204.13,-61.5,0.));
#3550 = LINE('',#3551,#3552);
#3551 = CARTESIAN_POINT('',(204.13,-61.5,0.));
#3552 = VECTOR('',#3553,1.);
#3553 = DIRECTION('',(0.,0.,1.));
#3554 = ORIENTED_EDGE('',*,*,#3555,.F.);
#3555 = EDGE_CURVE('',#3529,#3548,#3556,.T.);
#3556 = CIRCLE('',#3557,4.999999678834);
#3557 = AXIS2_PLACEMENT_3D('',#3558,#3559,#3560);
#3558 = CARTESIAN_POINT('',(199.13000032116,-61.49999967883,0.));
#3559 = DIRECTION('',(0.,0.,-1.));
#3560 = DIRECTION('',(-6.42331470194E-08,1.,0.));
#3561 = CYLINDRICAL_SURFACE('',#3562,4.999999678834);
#3562 = AXIS2_PLACEMENT_3D('',#3563,#3564,#3565);
#3563 = CARTESIAN_POINT('',(199.13000032116,-61.49999967883,0.));
#3564 = DIRECTION('',(0.,0.,-1.));
#3565 = DIRECTION('',(-6.42331470194E-08,1.,0.));
#3566 = ADVANCED_FACE('',(#3567),#3592,.T.);
#3567 = FACE_BOUND('',#3568,.T.);
#3568 = EDGE_LOOP('',(#3569,#3579,#3585,#3586));
#3569 = ORIENTED_EDGE('',*,*,#3570,.T.);
#3570 = EDGE_CURVE('',#3571,#3573,#3575,.T.);
#3571 = VERTEX_POINT('',#3572);
#3572 = CARTESIAN_POINT('',(157.73,-56.5,0.));
#3573 = VERTEX_POINT('',#3574);
#3574 = CARTESIAN_POINT('',(157.73,-56.5,1.51));
#3575 = LINE('',#3576,#3577);
#3576 = CARTESIAN_POINT('',(157.73,-56.5,0.));
#3577 = VECTOR('',#3578,1.);
#3578 = DIRECTION('',(0.,0.,1.));
#3579 = ORIENTED_EDGE('',*,*,#3580,.T.);
#3580 = EDGE_CURVE('',#3573,#3531,#3581,.T.);
#3581 = LINE('',#3582,#3583);
#3582 = CARTESIAN_POINT('',(157.73,-56.5,1.51));
#3583 = VECTOR('',#3584,1.);
#3584 = DIRECTION('',(1.,0.,0.));
#3585 = ORIENTED_EDGE('',*,*,#3528,.F.);
#3586 = ORIENTED_EDGE('',*,*,#3587,.F.);
#3587 = EDGE_CURVE('',#3571,#3529,#3588,.T.);
#3588 = LINE('',#3589,#3590);
#3589 = CARTESIAN_POINT('',(157.73,-56.5,0.));
#3590 = VECTOR('',#3591,1.);
#3591 = DIRECTION('',(1.,0.,0.));
#3592 = PLANE('',#3593);
#3593 = AXIS2_PLACEMENT_3D('',#3594,#3595,#3596);
#3594 = CARTESIAN_POINT('',(157.73,-56.5,0.));
#3595 = DIRECTION('',(0.,1.,0.));
#3596 = DIRECTION('',(1.,0.,0.));
#3597 = ADVANCED_FACE('',(#3598),#3623,.T.);
#3598 = FACE_BOUND('',#3599,.T.);
#3599 = EDGE_LOOP('',(#3600,#3601,#3609,#3617));
#3600 = ORIENTED_EDGE('',*,*,#3547,.T.);
#3601 = ORIENTED_EDGE('',*,*,#3602,.T.);
#3602 = EDGE_CURVE('',#3539,#3603,#3605,.T.);
#3603 = VERTEX_POINT('',#3604);
#3604 = CARTESIAN_POINT('',(204.13,-80.32,1.51));
#3605 = LINE('',#3606,#3607);
#3606 = CARTESIAN_POINT('',(204.13,-61.5,1.51));
#3607 = VECTOR('',#3608,1.);
#3608 = DIRECTION('',(0.,-1.,0.));
#3609 = ORIENTED_EDGE('',*,*,#3610,.F.);
#3610 = EDGE_CURVE('',#3611,#3603,#3613,.T.);
#3611 = VERTEX_POINT('',#3612);
#3612 = CARTESIAN_POINT('',(204.13,-80.32,0.));
#3613 = LINE('',#3614,#3615);
#3614 = CARTESIAN_POINT('',(204.13,-80.32,0.));
#3615 = VECTOR('',#3616,1.);
#3616 = DIRECTION('',(0.,0.,1.));
#3617 = ORIENTED_EDGE('',*,*,#3618,.F.);
#3618 = EDGE_CURVE('',#3548,#3611,#3619,.T.);
#3619 = LINE('',#3620,#3621);
#3620 = CARTESIAN_POINT('',(204.13,-61.5,0.));
#3621 = VECTOR('',#3622,1.);
#3622 = DIRECTION('',(0.,-1.,0.));
#3623 = PLANE('',#3624);
#3624 = AXIS2_PLACEMENT_3D('',#3625,#3626,#3627);
#3625 = CARTESIAN_POINT('',(204.13,-61.5,0.));
#3626 = DIRECTION('',(1.,0.,-0.));
#3627 = DIRECTION('',(0.,-1.,0.));
#3628 = ADVANCED_FACE('',(#3629,#3675,#3686,#3722,#3733,#3744,#3755,
    #3766,#3777,#3788,#3799,#3810,#3821,#3832,#3843,#3854,#3890,#3901,
    #3912,#3923,#3934,#3945,#3956,#3967,#3978,#3989,#4000,#4011),#4022,
  .F.);
#3629 = FACE_BOUND('',#3630,.F.);
#3630 = EDGE_LOOP('',(#3631,#3632,#3633,#3642,#3650,#3659,#3667,#3674));
#3631 = ORIENTED_EDGE('',*,*,#3555,.F.);
#3632 = ORIENTED_EDGE('',*,*,#3587,.F.);
#3633 = ORIENTED_EDGE('',*,*,#3634,.F.);
#3634 = EDGE_CURVE('',#3635,#3571,#3637,.T.);
#3635 = VERTEX_POINT('',#3636);
#3636 = CARTESIAN_POINT('',(152.73,-61.5,0.));
#3637 = CIRCLE('',#3638,4.999999678834);
#3638 = AXIS2_PLACEMENT_3D('',#3639,#3640,#3641);
#3639 = CARTESIAN_POINT('',(157.72999967883,-61.49999967883,0.));
#3640 = DIRECTION('',(0.,0.,-1.));
#3641 = DIRECTION('',(-1.,-6.42331370718E-08,-0.));
#3642 = ORIENTED_EDGE('',*,*,#3643,.F.);
#3643 = EDGE_CURVE('',#3644,#3635,#3646,.T.);
#3644 = VERTEX_POINT('',#3645);
#3645 = CARTESIAN_POINT('',(152.73,-80.32,0.));
#3646 = LINE('',#3647,#3648);
#3647 = CARTESIAN_POINT('',(152.73,-80.32,0.));
#3648 = VECTOR('',#3649,1.);
#3649 = DIRECTION('',(0.,1.,0.));
#3650 = ORIENTED_EDGE('',*,*,#3651,.F.);
#3651 = EDGE_CURVE('',#3652,#3644,#3654,.T.);
#3652 = VERTEX_POINT('',#3653);
#3653 = CARTESIAN_POINT('',(157.73,-85.32,0.));
#3654 = CIRCLE('',#3655,4.999999678834);
#3655 = AXIS2_PLACEMENT_3D('',#3656,#3657,#3658);
#3656 = CARTESIAN_POINT('',(157.72999967883,-80.32000032116,0.));
#3657 = DIRECTION('',(0.,0.,-1.));
#3658 = DIRECTION('',(6.423314133505E-08,-1.,0.));
#3659 = ORIENTED_EDGE('',*,*,#3660,.F.);
#3660 = EDGE_CURVE('',#3661,#3652,#3663,.T.);
#3661 = VERTEX_POINT('',#3662);
#3662 = CARTESIAN_POINT('',(199.13,-85.32,0.));
#3663 = LINE('',#3664,#3665);
#3664 = CARTESIAN_POINT('',(199.13,-85.32,0.));
#3665 = VECTOR('',#3666,1.);
#3666 = DIRECTION('',(-1.,0.,0.));
#3667 = ORIENTED_EDGE('',*,*,#3668,.F.);
#3668 = EDGE_CURVE('',#3611,#3661,#3669,.T.);
#3669 = CIRCLE('',#3670,4.999999678834);
#3670 = AXIS2_PLACEMENT_3D('',#3671,#3672,#3673);
#3671 = CARTESIAN_POINT('',(199.13000032116,-80.32000032116,0.));
#3672 = DIRECTION('',(0.,0.,-1.));
#3673 = DIRECTION('',(1.,6.423315270374E-08,0.));
#3674 = ORIENTED_EDGE('',*,*,#3618,.F.);
#3675 = FACE_BOUND('',#3676,.F.);
#3676 = EDGE_LOOP('',(#3677));
#3677 = ORIENTED_EDGE('',*,*,#3678,.T.);
#3678 = EDGE_CURVE('',#3679,#3679,#3681,.T.);
#3679 = VERTEX_POINT('',#3680);
#3680 = CARTESIAN_POINT('',(159.11,-81.27,0.));
#3681 = CIRCLE('',#3682,0.4);
#3682 = AXIS2_PLACEMENT_3D('',#3683,#3684,#3685);
#3683 = CARTESIAN_POINT('',(159.11,-80.87,0.));
#3684 = DIRECTION('',(-0.,0.,-1.));
#3685 = DIRECTION('',(-0.,-1.,0.));
#3686 = FACE_BOUND('',#3687,.F.);
#3687 = EDGE_LOOP('',(#3688,#3699,#3707,#3716));
#3688 = ORIENTED_EDGE('',*,*,#3689,.T.);
#3689 = EDGE_CURVE('',#3690,#3692,#3694,.T.);
#3690 = VERTEX_POINT('',#3691);
#3691 = CARTESIAN_POINT('',(163.25,-75.74,0.));
#3692 = VERTEX_POINT('',#3693);
#3693 = CARTESIAN_POINT('',(163.25,-77.24,0.));
#3694 = CIRCLE('',#3695,0.75);
#3695 = AXIS2_PLACEMENT_3D('',#3696,#3697,#3698);
#3696 = CARTESIAN_POINT('',(163.25,-76.49,0.));
#3697 = DIRECTION('',(-0.,0.,-1.));
#3698 = DIRECTION('',(-0.,-1.,0.));
#3699 = ORIENTED_EDGE('',*,*,#3700,.T.);
#3700 = EDGE_CURVE('',#3692,#3701,#3703,.T.);
#3701 = VERTEX_POINT('',#3702);
#3702 = CARTESIAN_POINT('',(161.95,-77.24,0.));
#3703 = LINE('',#3704,#3705);
#3704 = CARTESIAN_POINT('',(80.975,-77.24,0.));
#3705 = VECTOR('',#3706,1.);
#3706 = DIRECTION('',(-1.,0.,0.));
#3707 = ORIENTED_EDGE('',*,*,#3708,.T.);
#3708 = EDGE_CURVE('',#3701,#3709,#3711,.T.);
#3709 = VERTEX_POINT('',#3710);
#3710 = CARTESIAN_POINT('',(161.95,-75.74,0.));
#3711 = CIRCLE('',#3712,0.75);
#3712 = AXIS2_PLACEMENT_3D('',#3713,#3714,#3715);
#3713 = CARTESIAN_POINT('',(161.95,-76.49,0.));
#3714 = DIRECTION('',(-0.,0.,-1.));
#3715 = DIRECTION('',(0.,1.,0.));
#3716 = ORIENTED_EDGE('',*,*,#3717,.T.);
#3717 = EDGE_CURVE('',#3709,#3690,#3718,.T.);
#3718 = LINE('',#3719,#3720);
#3719 = CARTESIAN_POINT('',(81.625,-75.74,0.));
#3720 = VECTOR('',#3721,1.);
#3721 = DIRECTION('',(1.,0.,-0.));
#3722 = FACE_BOUND('',#3723,.F.);
#3723 = EDGE_LOOP('',(#3724));
#3724 = ORIENTED_EDGE('',*,*,#3725,.T.);
#3725 = EDGE_CURVE('',#3726,#3726,#3728,.T.);
#3726 = VERTEX_POINT('',#3727);
#3727 = CARTESIAN_POINT('',(166.73,-81.27,0.));
#3728 = CIRCLE('',#3729,0.4);
#3729 = AXIS2_PLACEMENT_3D('',#3730,#3731,#3732);
#3730 = CARTESIAN_POINT('',(166.73,-80.87,0.));
#3731 = DIRECTION('',(-0.,0.,-1.));
#3732 = DIRECTION('',(-7.105427357601E-14,-1.,0.));
#3733 = FACE_BOUND('',#3734,.F.);
#3734 = EDGE_LOOP('',(#3735));
#3735 = ORIENTED_EDGE('',*,*,#3736,.T.);
#3736 = EDGE_CURVE('',#3737,#3737,#3739,.T.);
#3737 = VERTEX_POINT('',#3738);
#3738 = CARTESIAN_POINT('',(155.1,-73.89,0.));
#3739 = CIRCLE('',#3740,0.5);
#3740 = AXIS2_PLACEMENT_3D('',#3741,#3742,#3743);
#3741 = CARTESIAN_POINT('',(155.1,-73.39,0.));
#3742 = DIRECTION('',(-0.,0.,-1.));
#3743 = DIRECTION('',(-0.,-1.,0.));
#3744 = FACE_BOUND('',#3745,.F.);
#3745 = EDGE_LOOP('',(#3746));
#3746 = ORIENTED_EDGE('',*,*,#3747,.T.);
#3747 = EDGE_CURVE('',#3748,#3748,#3750,.T.);
#3748 = VERTEX_POINT('',#3749);
#3749 = CARTESIAN_POINT('',(155.1,-71.39,0.));
#3750 = CIRCLE('',#3751,0.5);
#3751 = AXIS2_PLACEMENT_3D('',#3752,#3753,#3754);
#3752 = CARTESIAN_POINT('',(155.1,-70.89,0.));
#3753 = DIRECTION('',(-0.,0.,-1.));
#3754 = DIRECTION('',(-0.,-1.,0.));
#3755 = FACE_BOUND('',#3756,.F.);
#3756 = EDGE_LOOP('',(#3757));
#3757 = ORIENTED_EDGE('',*,*,#3758,.T.);
#3758 = EDGE_CURVE('',#3759,#3759,#3761,.T.);
#3759 = VERTEX_POINT('',#3760);
#3760 = CARTESIAN_POINT('',(169.6,-73.89,0.));
#3761 = CIRCLE('',#3762,0.5);
#3762 = AXIS2_PLACEMENT_3D('',#3763,#3764,#3765);
#3763 = CARTESIAN_POINT('',(169.6,-73.39,0.));
#3764 = DIRECTION('',(-0.,0.,-1.));
#3765 = DIRECTION('',(-0.,-1.,0.));
#3766 = FACE_BOUND('',#3767,.F.);
#3767 = EDGE_LOOP('',(#3768));
#3768 = ORIENTED_EDGE('',*,*,#3769,.T.);
#3769 = EDGE_CURVE('',#3770,#3770,#3772,.T.);
#3770 = VERTEX_POINT('',#3771);
#3771 = CARTESIAN_POINT('',(185.93,-81.8645,0.));
#3772 = CIRCLE('',#3773,0.4445);
#3773 = AXIS2_PLACEMENT_3D('',#3774,#3775,#3776);
#3774 = CARTESIAN_POINT('',(185.93,-81.42,0.));
#3775 = DIRECTION('',(-0.,0.,-1.));
#3776 = DIRECTION('',(-0.,-1.,0.));
#3777 = FACE_BOUND('',#3778,.F.);
#3778 = EDGE_LOOP('',(#3779));
#3779 = ORIENTED_EDGE('',*,*,#3780,.T.);
#3780 = EDGE_CURVE('',#3781,#3781,#3783,.T.);
#3781 = VERTEX_POINT('',#3782);
#3782 = CARTESIAN_POINT('',(188.47,-81.8645,0.));
#3783 = CIRCLE('',#3784,0.4445);
#3784 = AXIS2_PLACEMENT_3D('',#3785,#3786,#3787);
#3785 = CARTESIAN_POINT('',(188.47,-81.42,0.));
#3786 = DIRECTION('',(-0.,0.,-1.));
#3787 = DIRECTION('',(-0.,-1.,0.));
#3788 = FACE_BOUND('',#3789,.F.);
#3789 = EDGE_LOOP('',(#3790));
#3790 = ORIENTED_EDGE('',*,*,#3791,.T.);
#3791 = EDGE_CURVE('',#3792,#3792,#3794,.T.);
#3792 = VERTEX_POINT('',#3793);
#3793 = CARTESIAN_POINT('',(191.01,-81.8645,0.));
#3794 = CIRCLE('',#3795,0.4445);
#3795 = AXIS2_PLACEMENT_3D('',#3796,#3797,#3798);
#3796 = CARTESIAN_POINT('',(191.01,-81.42,0.));
#3797 = DIRECTION('',(-0.,0.,-1.));
#3798 = DIRECTION('',(-0.,-1.,0.));
#3799 = FACE_BOUND('',#3800,.F.);
#3800 = EDGE_LOOP('',(#3801));
#3801 = ORIENTED_EDGE('',*,*,#3802,.T.);
#3802 = EDGE_CURVE('',#3803,#3803,#3805,.T.);
#3803 = VERTEX_POINT('',#3804);
#3804 = CARTESIAN_POINT('',(193.55,-81.8645,0.));
#3805 = CIRCLE('',#3806,0.4445);
#3806 = AXIS2_PLACEMENT_3D('',#3807,#3808,#3809);
#3807 = CARTESIAN_POINT('',(193.55,-81.42,0.));
#3808 = DIRECTION('',(-0.,0.,-1.));
#3809 = DIRECTION('',(-0.,-1.,0.));
#3810 = FACE_BOUND('',#3811,.F.);
#3811 = EDGE_LOOP('',(#3812));
#3812 = ORIENTED_EDGE('',*,*,#3813,.T.);
#3813 = EDGE_CURVE('',#3814,#3814,#3816,.T.);
#3814 = VERTEX_POINT('',#3815);
#3815 = CARTESIAN_POINT('',(196.09,-81.8645,0.));
#3816 = CIRCLE('',#3817,0.4445);
#3817 = AXIS2_PLACEMENT_3D('',#3818,#3819,#3820);
#3818 = CARTESIAN_POINT('',(196.09,-81.42,0.));
#3819 = DIRECTION('',(-0.,0.,-1.));
#3820 = DIRECTION('',(-0.,-1.,0.));
#3821 = FACE_BOUND('',#3822,.F.);
#3822 = EDGE_LOOP('',(#3823));
#3823 = ORIENTED_EDGE('',*,*,#3824,.T.);
#3824 = EDGE_CURVE('',#3825,#3825,#3827,.T.);
#3825 = VERTEX_POINT('',#3826);
#3826 = CARTESIAN_POINT('',(198.63,-81.8645,0.));
#3827 = CIRCLE('',#3828,0.4445);
#3828 = AXIS2_PLACEMENT_3D('',#3829,#3830,#3831);
#3829 = CARTESIAN_POINT('',(198.63,-81.42,0.));
#3830 = DIRECTION('',(-0.,0.,-1.));
#3831 = DIRECTION('',(-0.,-1.,0.));
#3832 = FACE_BOUND('',#3833,.F.);
#3833 = EDGE_LOOP('',(#3834));
#3834 = ORIENTED_EDGE('',*,*,#3835,.T.);
#3835 = EDGE_CURVE('',#3836,#3836,#3838,.T.);
#3836 = VERTEX_POINT('',#3837);
#3837 = CARTESIAN_POINT('',(201.17,-81.8645,0.));
#3838 = CIRCLE('',#3839,0.4445);
#3839 = AXIS2_PLACEMENT_3D('',#3840,#3841,#3842);
#3840 = CARTESIAN_POINT('',(201.17,-81.42,0.));
#3841 = DIRECTION('',(-0.,0.,-1.));
#3842 = DIRECTION('',(-6.394085361171E-14,-1.,0.));
#3843 = FACE_BOUND('',#3844,.F.);
#3844 = EDGE_LOOP('',(#3845));
#3845 = ORIENTED_EDGE('',*,*,#3846,.T.);
#3846 = EDGE_CURVE('',#3847,#3847,#3849,.T.);
#3847 = VERTEX_POINT('',#3848);
#3848 = CARTESIAN_POINT('',(155.1,-68.89,0.));
#3849 = CIRCLE('',#3850,0.5);
#3850 = AXIS2_PLACEMENT_3D('',#3851,#3852,#3853);
#3851 = CARTESIAN_POINT('',(155.1,-68.39,0.));
#3852 = DIRECTION('',(-0.,0.,-1.));
#3853 = DIRECTION('',(-0.,-1.,0.));
#3854 = FACE_BOUND('',#3855,.F.);
#3855 = EDGE_LOOP('',(#3856,#3867,#3875,#3884));
#3856 = ORIENTED_EDGE('',*,*,#3857,.T.);
#3857 = EDGE_CURVE('',#3858,#3860,#3862,.T.);
#3858 = VERTEX_POINT('',#3859);
#3859 = CARTESIAN_POINT('',(163.25,-64.54,0.));
#3860 = VERTEX_POINT('',#3861);
#3861 = CARTESIAN_POINT('',(163.25,-66.04,0.));
#3862 = CIRCLE('',#3863,0.75);
#3863 = AXIS2_PLACEMENT_3D('',#3864,#3865,#3866);
#3864 = CARTESIAN_POINT('',(163.25,-65.29,0.));
#3865 = DIRECTION('',(-0.,0.,-1.));
#3866 = DIRECTION('',(-0.,-1.,0.));
#3867 = ORIENTED_EDGE('',*,*,#3868,.T.);
#3868 = EDGE_CURVE('',#3860,#3869,#3871,.T.);
#3869 = VERTEX_POINT('',#3870);
#3870 = CARTESIAN_POINT('',(161.95,-66.04,0.));
#3871 = LINE('',#3872,#3873);
#3872 = CARTESIAN_POINT('',(80.975,-66.04,0.));
#3873 = VECTOR('',#3874,1.);
#3874 = DIRECTION('',(-1.,0.,0.));
#3875 = ORIENTED_EDGE('',*,*,#3876,.T.);
#3876 = EDGE_CURVE('',#3869,#3877,#3879,.T.);
#3877 = VERTEX_POINT('',#3878);
#3878 = CARTESIAN_POINT('',(161.95,-64.54,0.));
#3879 = CIRCLE('',#3880,0.75);
#3880 = AXIS2_PLACEMENT_3D('',#3881,#3882,#3883);
#3881 = CARTESIAN_POINT('',(161.95,-65.29,0.));
#3882 = DIRECTION('',(-0.,0.,-1.));
#3883 = DIRECTION('',(0.,1.,0.));
#3884 = ORIENTED_EDGE('',*,*,#3885,.T.);
#3885 = EDGE_CURVE('',#3877,#3858,#3886,.T.);
#3886 = LINE('',#3887,#3888);
#3887 = CARTESIAN_POINT('',(81.625,-64.54,0.));
#3888 = VECTOR('',#3889,1.);
#3889 = DIRECTION('',(1.,0.,-0.));
#3890 = FACE_BOUND('',#3891,.F.);
#3891 = EDGE_LOOP('',(#3892));
#3892 = ORIENTED_EDGE('',*,*,#3893,.T.);
#3893 = EDGE_CURVE('',#3894,#3894,#3896,.T.);
#3894 = VERTEX_POINT('',#3895);
#3895 = CARTESIAN_POINT('',(169.6,-68.89,0.));
#3896 = CIRCLE('',#3897,0.5);
#3897 = AXIS2_PLACEMENT_3D('',#3898,#3899,#3900);
#3898 = CARTESIAN_POINT('',(169.6,-68.39,0.));
#3899 = DIRECTION('',(-0.,0.,-1.));
#3900 = DIRECTION('',(-0.,-1.,0.));
#3901 = FACE_BOUND('',#3902,.F.);
#3902 = EDGE_LOOP('',(#3903));
#3903 = ORIENTED_EDGE('',*,*,#3904,.T.);
#3904 = EDGE_CURVE('',#3905,#3905,#3907,.T.);
#3905 = VERTEX_POINT('',#3906);
#3906 = CARTESIAN_POINT('',(185.93,-66.6245,0.));
#3907 = CIRCLE('',#3908,0.4445);
#3908 = AXIS2_PLACEMENT_3D('',#3909,#3910,#3911);
#3909 = CARTESIAN_POINT('',(185.93,-66.18,0.));
#3910 = DIRECTION('',(-0.,0.,-1.));
#3911 = DIRECTION('',(-0.,-1.,0.));
#3912 = FACE_BOUND('',#3913,.F.);
#3913 = EDGE_LOOP('',(#3914));
#3914 = ORIENTED_EDGE('',*,*,#3915,.T.);
#3915 = EDGE_CURVE('',#3916,#3916,#3918,.T.);
#3916 = VERTEX_POINT('',#3917);
#3917 = CARTESIAN_POINT('',(188.47,-66.6245,0.));
#3918 = CIRCLE('',#3919,0.4445);
#3919 = AXIS2_PLACEMENT_3D('',#3920,#3921,#3922);
#3920 = CARTESIAN_POINT('',(188.47,-66.18,0.));
#3921 = DIRECTION('',(-0.,0.,-1.));
#3922 = DIRECTION('',(-0.,-1.,0.));
#3923 = FACE_BOUND('',#3924,.F.);
#3924 = EDGE_LOOP('',(#3925));
#3925 = ORIENTED_EDGE('',*,*,#3926,.T.);
#3926 = EDGE_CURVE('',#3927,#3927,#3929,.T.);
#3927 = VERTEX_POINT('',#3928);
#3928 = CARTESIAN_POINT('',(191.01,-66.6245,0.));
#3929 = CIRCLE('',#3930,0.4445);
#3930 = AXIS2_PLACEMENT_3D('',#3931,#3932,#3933);
#3931 = CARTESIAN_POINT('',(191.01,-66.18,0.));
#3932 = DIRECTION('',(-0.,0.,-1.));
#3933 = DIRECTION('',(-0.,-1.,0.));
#3934 = FACE_BOUND('',#3935,.F.);
#3935 = EDGE_LOOP('',(#3936));
#3936 = ORIENTED_EDGE('',*,*,#3937,.T.);
#3937 = EDGE_CURVE('',#3938,#3938,#3940,.T.);
#3938 = VERTEX_POINT('',#3939);
#3939 = CARTESIAN_POINT('',(193.55,-66.6245,0.));
#3940 = CIRCLE('',#3941,0.4445);
#3941 = AXIS2_PLACEMENT_3D('',#3942,#3943,#3944);
#3942 = CARTESIAN_POINT('',(193.55,-66.18,0.));
#3943 = DIRECTION('',(-0.,0.,-1.));
#3944 = DIRECTION('',(-0.,-1.,0.));
#3945 = FACE_BOUND('',#3946,.F.);
#3946 = EDGE_LOOP('',(#3947));
#3947 = ORIENTED_EDGE('',*,*,#3948,.T.);
#3948 = EDGE_CURVE('',#3949,#3949,#3951,.T.);
#3949 = VERTEX_POINT('',#3950);
#3950 = CARTESIAN_POINT('',(196.09,-66.6245,0.));
#3951 = CIRCLE('',#3952,0.4445);
#3952 = AXIS2_PLACEMENT_3D('',#3953,#3954,#3955);
#3953 = CARTESIAN_POINT('',(196.09,-66.18,0.));
#3954 = DIRECTION('',(-0.,0.,-1.));
#3955 = DIRECTION('',(-0.,-1.,0.));
#3956 = FACE_BOUND('',#3957,.F.);
#3957 = EDGE_LOOP('',(#3958));
#3958 = ORIENTED_EDGE('',*,*,#3959,.T.);
#3959 = EDGE_CURVE('',#3960,#3960,#3962,.T.);
#3960 = VERTEX_POINT('',#3961);
#3961 = CARTESIAN_POINT('',(198.63,-66.6245,0.));
#3962 = CIRCLE('',#3963,0.4445);
#3963 = AXIS2_PLACEMENT_3D('',#3964,#3965,#3966);
#3964 = CARTESIAN_POINT('',(198.63,-66.18,0.));
#3965 = DIRECTION('',(-0.,0.,-1.));
#3966 = DIRECTION('',(-0.,-1.,0.));
#3967 = FACE_BOUND('',#3968,.F.);
#3968 = EDGE_LOOP('',(#3969));
#3969 = ORIENTED_EDGE('',*,*,#3970,.T.);
#3970 = EDGE_CURVE('',#3971,#3971,#3973,.T.);
#3971 = VERTEX_POINT('',#3972);
#3972 = CARTESIAN_POINT('',(201.17,-66.6245,0.));
#3973 = CIRCLE('',#3974,0.4445);
#3974 = AXIS2_PLACEMENT_3D('',#3975,#3976,#3977);
#3975 = CARTESIAN_POINT('',(201.17,-66.18,0.));
#3976 = DIRECTION('',(-0.,0.,-1.));
#3977 = DIRECTION('',(-6.394085361171E-14,-1.,0.));
#3978 = FACE_BOUND('',#3979,.F.);
#3979 = EDGE_LOOP('',(#3980));
#3980 = ORIENTED_EDGE('',*,*,#3981,.T.);
#3981 = EDGE_CURVE('',#3982,#3982,#3984,.T.);
#3982 = VERTEX_POINT('',#3983);
#3983 = CARTESIAN_POINT('',(181.19,-60.27,0.));
#3984 = CIRCLE('',#3985,0.5);
#3985 = AXIS2_PLACEMENT_3D('',#3986,#3987,#3988);
#3986 = CARTESIAN_POINT('',(181.19,-59.77,0.));
#3987 = DIRECTION('',(-0.,0.,-1.));
#3988 = DIRECTION('',(-0.,-1.,0.));
#3989 = FACE_BOUND('',#3990,.F.);
#3990 = EDGE_LOOP('',(#3991));
#3991 = ORIENTED_EDGE('',*,*,#3992,.T.);
#3992 = EDGE_CURVE('',#3993,#3993,#3995,.T.);
#3993 = VERTEX_POINT('',#3994);
#3994 = CARTESIAN_POINT('',(183.73,-60.27,0.));
#3995 = CIRCLE('',#3996,0.5);
#3996 = AXIS2_PLACEMENT_3D('',#3997,#3998,#3999);
#3997 = CARTESIAN_POINT('',(183.73,-59.77,0.));
#3998 = DIRECTION('',(-0.,0.,-1.));
#3999 = DIRECTION('',(-0.,-1.,0.));
#4000 = FACE_BOUND('',#4001,.F.);
#4001 = EDGE_LOOP('',(#4002));
#4002 = ORIENTED_EDGE('',*,*,#4003,.T.);
#4003 = EDGE_CURVE('',#4004,#4004,#4006,.T.);
#4004 = VERTEX_POINT('',#4005);
#4005 = CARTESIAN_POINT('',(186.27,-60.27,0.));
#4006 = CIRCLE('',#4007,0.5);
#4007 = AXIS2_PLACEMENT_3D('',#4008,#4009,#4010);
#4008 = CARTESIAN_POINT('',(186.27,-59.77,0.));
#4009 = DIRECTION('',(-0.,0.,-1.));
#4010 = DIRECTION('',(-0.,-1.,0.));
#4011 = FACE_BOUND('',#4012,.F.);
#4012 = EDGE_LOOP('',(#4013));
#4013 = ORIENTED_EDGE('',*,*,#4014,.T.);
#4014 = EDGE_CURVE('',#4015,#4015,#4017,.T.);
#4015 = VERTEX_POINT('',#4016);
#4016 = CARTESIAN_POINT('',(188.81,-60.27,0.));
#4017 = CIRCLE('',#4018,0.5);
#4018 = AXIS2_PLACEMENT_3D('',#4019,#4020,#4021);
#4019 = CARTESIAN_POINT('',(188.81,-59.77,0.));
#4020 = DIRECTION('',(-0.,0.,-1.));
#4021 = DIRECTION('',(-0.,-1.,0.));
#4022 = PLANE('',#4023);
#4023 = AXIS2_PLACEMENT_3D('',#4024,#4025,#4026);
#4024 = CARTESIAN_POINT('',(0.,0.,0.));
#4025 = DIRECTION('',(0.,0.,1.));
#4026 = DIRECTION('',(1.,0.,-0.));
#4027 = ADVANCED_FACE('',(#4028,#4074,#4085,#4121,#4132,#4143,#4154,
    #4165,#4176,#4187,#4198,#4209,#4220,#4231,#4242,#4253,#4289,#4300,
    #4311,#4322,#4333,#4344,#4355,#4366,#4377,#4388,#4399,#4410),#4421,
  .T.);
#4028 = FACE_BOUND('',#4029,.T.);
#4029 = EDGE_LOOP('',(#4030,#4031,#4032,#4041,#4049,#4058,#4066,#4073));
#4030 = ORIENTED_EDGE('',*,*,#3538,.F.);
#4031 = ORIENTED_EDGE('',*,*,#3580,.F.);
#4032 = ORIENTED_EDGE('',*,*,#4033,.F.);
#4033 = EDGE_CURVE('',#4034,#3573,#4036,.T.);
#4034 = VERTEX_POINT('',#4035);
#4035 = CARTESIAN_POINT('',(152.73,-61.5,1.51));
#4036 = CIRCLE('',#4037,4.999999678834);
#4037 = AXIS2_PLACEMENT_3D('',#4038,#4039,#4040);
#4038 = CARTESIAN_POINT('',(157.72999967883,-61.49999967883,1.51));
#4039 = DIRECTION('',(0.,0.,-1.));
#4040 = DIRECTION('',(-1.,-6.42331370718E-08,-0.));
#4041 = ORIENTED_EDGE('',*,*,#4042,.F.);
#4042 = EDGE_CURVE('',#4043,#4034,#4045,.T.);
#4043 = VERTEX_POINT('',#4044);
#4044 = CARTESIAN_POINT('',(152.73,-80.32,1.51));
#4045 = LINE('',#4046,#4047);
#4046 = CARTESIAN_POINT('',(152.73,-80.32,1.51));
#4047 = VECTOR('',#4048,1.);
#4048 = DIRECTION('',(0.,1.,0.));
#4049 = ORIENTED_EDGE('',*,*,#4050,.F.);
#4050 = EDGE_CURVE('',#4051,#4043,#4053,.T.);
#4051 = VERTEX_POINT('',#4052);
#4052 = CARTESIAN_POINT('',(157.73,-85.32,1.51));
#4053 = CIRCLE('',#4054,4.999999678834);
#4054 = AXIS2_PLACEMENT_3D('',#4055,#4056,#4057);
#4055 = CARTESIAN_POINT('',(157.72999967883,-80.32000032116,1.51));
#4056 = DIRECTION('',(0.,0.,-1.));
#4057 = DIRECTION('',(6.423314133505E-08,-1.,0.));
#4058 = ORIENTED_EDGE('',*,*,#4059,.F.);
#4059 = EDGE_CURVE('',#4060,#4051,#4062,.T.);
#4060 = VERTEX_POINT('',#4061);
#4061 = CARTESIAN_POINT('',(199.13,-85.32,1.51));
#4062 = LINE('',#4063,#4064);
#4063 = CARTESIAN_POINT('',(199.13,-85.32,1.51));
#4064 = VECTOR('',#4065,1.);
#4065 = DIRECTION('',(-1.,0.,0.));
#4066 = ORIENTED_EDGE('',*,*,#4067,.F.);
#4067 = EDGE_CURVE('',#3603,#4060,#4068,.T.);
#4068 = CIRCLE('',#4069,4.999999678834);
#4069 = AXIS2_PLACEMENT_3D('',#4070,#4071,#4072);
#4070 = CARTESIAN_POINT('',(199.13000032116,-80.32000032116,1.51));
#4071 = DIRECTION('',(0.,0.,-1.));
#4072 = DIRECTION('',(1.,6.423315270374E-08,0.));
#4073 = ORIENTED_EDGE('',*,*,#3602,.F.);
#4074 = FACE_BOUND('',#4075,.T.);
#4075 = EDGE_LOOP('',(#4076));
#4076 = ORIENTED_EDGE('',*,*,#4077,.T.);
#4077 = EDGE_CURVE('',#4078,#4078,#4080,.T.);
#4078 = VERTEX_POINT('',#4079);
#4079 = CARTESIAN_POINT('',(159.11,-81.27,1.51));
#4080 = CIRCLE('',#4081,0.4);
#4081 = AXIS2_PLACEMENT_3D('',#4082,#4083,#4084);
#4082 = CARTESIAN_POINT('',(159.11,-80.87,1.51));
#4083 = DIRECTION('',(-0.,0.,-1.));
#4084 = DIRECTION('',(-0.,-1.,0.));
#4085 = FACE_BOUND('',#4086,.T.);
#4086 = EDGE_LOOP('',(#4087,#4098,#4106,#4115));
#4087 = ORIENTED_EDGE('',*,*,#4088,.T.);
#4088 = EDGE_CURVE('',#4089,#4091,#4093,.T.);
#4089 = VERTEX_POINT('',#4090);
#4090 = CARTESIAN_POINT('',(163.25,-75.74,1.51));
#4091 = VERTEX_POINT('',#4092);
#4092 = CARTESIAN_POINT('',(163.25,-77.24,1.51));
#4093 = CIRCLE('',#4094,0.75);
#4094 = AXIS2_PLACEMENT_3D('',#4095,#4096,#4097);
#4095 = CARTESIAN_POINT('',(163.25,-76.49,1.51));
#4096 = DIRECTION('',(-0.,0.,-1.));
#4097 = DIRECTION('',(-0.,-1.,0.));
#4098 = ORIENTED_EDGE('',*,*,#4099,.T.);
#4099 = EDGE_CURVE('',#4091,#4100,#4102,.T.);
#4100 = VERTEX_POINT('',#4101);
#4101 = CARTESIAN_POINT('',(161.95,-77.24,1.51));
#4102 = LINE('',#4103,#4104);
#4103 = CARTESIAN_POINT('',(80.975,-77.24,1.51));
#4104 = VECTOR('',#4105,1.);
#4105 = DIRECTION('',(-1.,0.,0.));
#4106 = ORIENTED_EDGE('',*,*,#4107,.T.);
#4107 = EDGE_CURVE('',#4100,#4108,#4110,.T.);
#4108 = VERTEX_POINT('',#4109);
#4109 = CARTESIAN_POINT('',(161.95,-75.74,1.51));
#4110 = CIRCLE('',#4111,0.75);
#4111 = AXIS2_PLACEMENT_3D('',#4112,#4113,#4114);
#4112 = CARTESIAN_POINT('',(161.95,-76.49,1.51));
#4113 = DIRECTION('',(-0.,0.,-1.));
#4114 = DIRECTION('',(0.,1.,0.));
#4115 = ORIENTED_EDGE('',*,*,#4116,.T.);
#4116 = EDGE_CURVE('',#4108,#4089,#4117,.T.);
#4117 = LINE('',#4118,#4119);
#4118 = CARTESIAN_POINT('',(81.625,-75.74,1.51));
#4119 = VECTOR('',#4120,1.);
#4120 = DIRECTION('',(1.,0.,-0.));
#4121 = FACE_BOUND('',#4122,.T.);
#4122 = EDGE_LOOP('',(#4123));
#4123 = ORIENTED_EDGE('',*,*,#4124,.T.);
#4124 = EDGE_CURVE('',#4125,#4125,#4127,.T.);
#4125 = VERTEX_POINT('',#4126);
#4126 = CARTESIAN_POINT('',(166.73,-81.27,1.51));
#4127 = CIRCLE('',#4128,0.4);
#4128 = AXIS2_PLACEMENT_3D('',#4129,#4130,#4131);
#4129 = CARTESIAN_POINT('',(166.73,-80.87,1.51));
#4130 = DIRECTION('',(-0.,0.,-1.));
#4131 = DIRECTION('',(-7.105427357601E-14,-1.,0.));
#4132 = FACE_BOUND('',#4133,.T.);
#4133 = EDGE_LOOP('',(#4134));
#4134 = ORIENTED_EDGE('',*,*,#4135,.T.);
#4135 = EDGE_CURVE('',#4136,#4136,#4138,.T.);
#4136 = VERTEX_POINT('',#4137);
#4137 = CARTESIAN_POINT('',(155.1,-73.89,1.51));
#4138 = CIRCLE('',#4139,0.5);
#4139 = AXIS2_PLACEMENT_3D('',#4140,#4141,#4142);
#4140 = CARTESIAN_POINT('',(155.1,-73.39,1.51));
#4141 = DIRECTION('',(-0.,0.,-1.));
#4142 = DIRECTION('',(-0.,-1.,0.));
#4143 = FACE_BOUND('',#4144,.T.);
#4144 = EDGE_LOOP('',(#4145));
#4145 = ORIENTED_EDGE('',*,*,#4146,.T.);
#4146 = EDGE_CURVE('',#4147,#4147,#4149,.T.);
#4147 = VERTEX_POINT('',#4148);
#4148 = CARTESIAN_POINT('',(155.1,-71.39,1.51));
#4149 = CIRCLE('',#4150,0.5);
#4150 = AXIS2_PLACEMENT_3D('',#4151,#4152,#4153);
#4151 = CARTESIAN_POINT('',(155.1,-70.89,1.51));
#4152 = DIRECTION('',(-0.,0.,-1.));
#4153 = DIRECTION('',(-0.,-1.,0.));
#4154 = FACE_BOUND('',#4155,.T.);
#4155 = EDGE_LOOP('',(#4156));
#4156 = ORIENTED_EDGE('',*,*,#4157,.T.);
#4157 = EDGE_CURVE('',#4158,#4158,#4160,.T.);
#4158 = VERTEX_POINT('',#4159);
#4159 = CARTESIAN_POINT('',(169.6,-73.89,1.51));
#4160 = CIRCLE('',#4161,0.5);
#4161 = AXIS2_PLACEMENT_3D('',#4162,#4163,#4164);
#4162 = CARTESIAN_POINT('',(169.6,-73.39,1.51));
#4163 = DIRECTION('',(-0.,0.,-1.));
#4164 = DIRECTION('',(-0.,-1.,0.));
#4165 = FACE_BOUND('',#4166,.T.);
#4166 = EDGE_LOOP('',(#4167));
#4167 = ORIENTED_EDGE('',*,*,#4168,.T.);
#4168 = EDGE_CURVE('',#4169,#4169,#4171,.T.);
#4169 = VERTEX_POINT('',#4170);
#4170 = CARTESIAN_POINT('',(185.93,-81.8645,1.51));
#4171 = CIRCLE('',#4172,0.4445);
#4172 = AXIS2_PLACEMENT_3D('',#4173,#4174,#4175);
#4173 = CARTESIAN_POINT('',(185.93,-81.42,1.51));
#4174 = DIRECTION('',(-0.,0.,-1.));
#4175 = DIRECTION('',(-0.,-1.,0.));
#4176 = FACE_BOUND('',#4177,.T.);
#4177 = EDGE_LOOP('',(#4178));
#4178 = ORIENTED_EDGE('',*,*,#4179,.T.);
#4179 = EDGE_CURVE('',#4180,#4180,#4182,.T.);
#4180 = VERTEX_POINT('',#4181);
#4181 = CARTESIAN_POINT('',(188.47,-81.8645,1.51));
#4182 = CIRCLE('',#4183,0.4445);
#4183 = AXIS2_PLACEMENT_3D('',#4184,#4185,#4186);
#4184 = CARTESIAN_POINT('',(188.47,-81.42,1.51));
#4185 = DIRECTION('',(-0.,0.,-1.));
#4186 = DIRECTION('',(-0.,-1.,0.));
#4187 = FACE_BOUND('',#4188,.T.);
#4188 = EDGE_LOOP('',(#4189));
#4189 = ORIENTED_EDGE('',*,*,#4190,.T.);
#4190 = EDGE_CURVE('',#4191,#4191,#4193,.T.);
#4191 = VERTEX_POINT('',#4192);
#4192 = CARTESIAN_POINT('',(191.01,-81.8645,1.51));
#4193 = CIRCLE('',#4194,0.4445);
#4194 = AXIS2_PLACEMENT_3D('',#4195,#4196,#4197);
#4195 = CARTESIAN_POINT('',(191.01,-81.42,1.51));
#4196 = DIRECTION('',(-0.,0.,-1.));
#4197 = DIRECTION('',(-0.,-1.,0.));
#4198 = FACE_BOUND('',#4199,.T.);
#4199 = EDGE_LOOP('',(#4200));
#4200 = ORIENTED_EDGE('',*,*,#4201,.T.);
#4201 = EDGE_CURVE('',#4202,#4202,#4204,.T.);
#4202 = VERTEX_POINT('',#4203);
#4203 = CARTESIAN_POINT('',(193.55,-81.8645,1.51));
#4204 = CIRCLE('',#4205,0.4445);
#4205 = AXIS2_PLACEMENT_3D('',#4206,#4207,#4208);
#4206 = CARTESIAN_POINT('',(193.55,-81.42,1.51));
#4207 = DIRECTION('',(-0.,0.,-1.));
#4208 = DIRECTION('',(-0.,-1.,0.));
#4209 = FACE_BOUND('',#4210,.T.);
#4210 = EDGE_LOOP('',(#4211));
#4211 = ORIENTED_EDGE('',*,*,#4212,.T.);
#4212 = EDGE_CURVE('',#4213,#4213,#4215,.T.);
#4213 = VERTEX_POINT('',#4214);
#4214 = CARTESIAN_POINT('',(196.09,-81.8645,1.51));
#4215 = CIRCLE('',#4216,0.4445);
#4216 = AXIS2_PLACEMENT_3D('',#4217,#4218,#4219);
#4217 = CARTESIAN_POINT('',(196.09,-81.42,1.51));
#4218 = DIRECTION('',(-0.,0.,-1.));
#4219 = DIRECTION('',(-0.,-1.,0.));
#4220 = FACE_BOUND('',#4221,.T.);
#4221 = EDGE_LOOP('',(#4222));
#4222 = ORIENTED_EDGE('',*,*,#4223,.T.);
#4223 = EDGE_CURVE('',#4224,#4224,#4226,.T.);
#4224 = VERTEX_POINT('',#4225);
#4225 = CARTESIAN_POINT('',(198.63,-81.8645,1.51));
#4226 = CIRCLE('',#4227,0.4445);
#4227 = AXIS2_PLACEMENT_3D('',#4228,#4229,#4230);
#4228 = CARTESIAN_POINT('',(198.63,-81.42,1.51));
#4229 = DIRECTION('',(-0.,0.,-1.));
#4230 = DIRECTION('',(-0.,-1.,0.));
#4231 = FACE_BOUND('',#4232,.T.);
#4232 = EDGE_LOOP('',(#4233));
#4233 = ORIENTED_EDGE('',*,*,#4234,.T.);
#4234 = EDGE_CURVE('',#4235,#4235,#4237,.T.);
#4235 = VERTEX_POINT('',#4236);
#4236 = CARTESIAN_POINT('',(201.17,-81.8645,1.51));
#4237 = CIRCLE('',#4238,0.4445);
#4238 = AXIS2_PLACEMENT_3D('',#4239,#4240,#4241);
#4239 = CARTESIAN_POINT('',(201.17,-81.42,1.51));
#4240 = DIRECTION('',(-0.,0.,-1.));
#4241 = DIRECTION('',(-6.394085361171E-14,-1.,0.));
#4242 = FACE_BOUND('',#4243,.T.);
#4243 = EDGE_LOOP('',(#4244));
#4244 = ORIENTED_EDGE('',*,*,#4245,.T.);
#4245 = EDGE_CURVE('',#4246,#4246,#4248,.T.);
#4246 = VERTEX_POINT('',#4247);
#4247 = CARTESIAN_POINT('',(155.1,-68.89,1.51));
#4248 = CIRCLE('',#4249,0.5);
#4249 = AXIS2_PLACEMENT_3D('',#4250,#4251,#4252);
#4250 = CARTESIAN_POINT('',(155.1,-68.39,1.51));
#4251 = DIRECTION('',(-0.,0.,-1.));
#4252 = DIRECTION('',(-0.,-1.,0.));
#4253 = FACE_BOUND('',#4254,.T.);
#4254 = EDGE_LOOP('',(#4255,#4266,#4274,#4283));
#4255 = ORIENTED_EDGE('',*,*,#4256,.T.);
#4256 = EDGE_CURVE('',#4257,#4259,#4261,.T.);
#4257 = VERTEX_POINT('',#4258);
#4258 = CARTESIAN_POINT('',(163.25,-64.54,1.51));
#4259 = VERTEX_POINT('',#4260);
#4260 = CARTESIAN_POINT('',(163.25,-66.04,1.51));
#4261 = CIRCLE('',#4262,0.75);
#4262 = AXIS2_PLACEMENT_3D('',#4263,#4264,#4265);
#4263 = CARTESIAN_POINT('',(163.25,-65.29,1.51));
#4264 = DIRECTION('',(-0.,0.,-1.));
#4265 = DIRECTION('',(-0.,-1.,0.));
#4266 = ORIENTED_EDGE('',*,*,#4267,.T.);
#4267 = EDGE_CURVE('',#4259,#4268,#4270,.T.);
#4268 = VERTEX_POINT('',#4269);
#4269 = CARTESIAN_POINT('',(161.95,-66.04,1.51));
#4270 = LINE('',#4271,#4272);
#4271 = CARTESIAN_POINT('',(80.975,-66.04,1.51));
#4272 = VECTOR('',#4273,1.);
#4273 = DIRECTION('',(-1.,0.,0.));
#4274 = ORIENTED_EDGE('',*,*,#4275,.T.);
#4275 = EDGE_CURVE('',#4268,#4276,#4278,.T.);
#4276 = VERTEX_POINT('',#4277);
#4277 = CARTESIAN_POINT('',(161.95,-64.54,1.51));
#4278 = CIRCLE('',#4279,0.75);
#4279 = AXIS2_PLACEMENT_3D('',#4280,#4281,#4282);
#4280 = CARTESIAN_POINT('',(161.95,-65.29,1.51));
#4281 = DIRECTION('',(-0.,0.,-1.));
#4282 = DIRECTION('',(0.,1.,0.));
#4283 = ORIENTED_EDGE('',*,*,#4284,.T.);
#4284 = EDGE_CURVE('',#4276,#4257,#4285,.T.);
#4285 = LINE('',#4286,#4287);
#4286 = CARTESIAN_POINT('',(81.625,-64.54,1.51));
#4287 = VECTOR('',#4288,1.);
#4288 = DIRECTION('',(1.,0.,-0.));
#4289 = FACE_BOUND('',#4290,.T.);
#4290 = EDGE_LOOP('',(#4291));
#4291 = ORIENTED_EDGE('',*,*,#4292,.T.);
#4292 = EDGE_CURVE('',#4293,#4293,#4295,.T.);
#4293 = VERTEX_POINT('',#4294);
#4294 = CARTESIAN_POINT('',(169.6,-68.89,1.51));
#4295 = CIRCLE('',#4296,0.5);
#4296 = AXIS2_PLACEMENT_3D('',#4297,#4298,#4299);
#4297 = CARTESIAN_POINT('',(169.6,-68.39,1.51));
#4298 = DIRECTION('',(-0.,0.,-1.));
#4299 = DIRECTION('',(-0.,-1.,0.));
#4300 = FACE_BOUND('',#4301,.T.);
#4301 = EDGE_LOOP('',(#4302));
#4302 = ORIENTED_EDGE('',*,*,#4303,.T.);
#4303 = EDGE_CURVE('',#4304,#4304,#4306,.T.);
#4304 = VERTEX_POINT('',#4305);
#4305 = CARTESIAN_POINT('',(185.93,-66.6245,1.51));
#4306 = CIRCLE('',#4307,0.4445);
#4307 = AXIS2_PLACEMENT_3D('',#4308,#4309,#4310);
#4308 = CARTESIAN_POINT('',(185.93,-66.18,1.51));
#4309 = DIRECTION('',(-0.,0.,-1.));
#4310 = DIRECTION('',(-0.,-1.,0.));
#4311 = FACE_BOUND('',#4312,.T.);
#4312 = EDGE_LOOP('',(#4313));
#4313 = ORIENTED_EDGE('',*,*,#4314,.T.);
#4314 = EDGE_CURVE('',#4315,#4315,#4317,.T.);
#4315 = VERTEX_POINT('',#4316);
#4316 = CARTESIAN_POINT('',(188.47,-66.6245,1.51));
#4317 = CIRCLE('',#4318,0.4445);
#4318 = AXIS2_PLACEMENT_3D('',#4319,#4320,#4321);
#4319 = CARTESIAN_POINT('',(188.47,-66.18,1.51));
#4320 = DIRECTION('',(-0.,0.,-1.));
#4321 = DIRECTION('',(-0.,-1.,0.));
#4322 = FACE_BOUND('',#4323,.T.);
#4323 = EDGE_LOOP('',(#4324));
#4324 = ORIENTED_EDGE('',*,*,#4325,.T.);
#4325 = EDGE_CURVE('',#4326,#4326,#4328,.T.);
#4326 = VERTEX_POINT('',#4327);
#4327 = CARTESIAN_POINT('',(191.01,-66.6245,1.51));
#4328 = CIRCLE('',#4329,0.4445);
#4329 = AXIS2_PLACEMENT_3D('',#4330,#4331,#4332);
#4330 = CARTESIAN_POINT('',(191.01,-66.18,1.51));
#4331 = DIRECTION('',(-0.,0.,-1.));
#4332 = DIRECTION('',(-0.,-1.,0.));
#4333 = FACE_BOUND('',#4334,.T.);
#4334 = EDGE_LOOP('',(#4335));
#4335 = ORIENTED_EDGE('',*,*,#4336,.T.);
#4336 = EDGE_CURVE('',#4337,#4337,#4339,.T.);
#4337 = VERTEX_POINT('',#4338);
#4338 = CARTESIAN_POINT('',(193.55,-66.6245,1.51));
#4339 = CIRCLE('',#4340,0.4445);
#4340 = AXIS2_PLACEMENT_3D('',#4341,#4342,#4343);
#4341 = CARTESIAN_POINT('',(193.55,-66.18,1.51));
#4342 = DIRECTION('',(-0.,0.,-1.));
#4343 = DIRECTION('',(-0.,-1.,0.));
#4344 = FACE_BOUND('',#4345,.T.);
#4345 = EDGE_LOOP('',(#4346));
#4346 = ORIENTED_EDGE('',*,*,#4347,.T.);
#4347 = EDGE_CURVE('',#4348,#4348,#4350,.T.);
#4348 = VERTEX_POINT('',#4349);
#4349 = CARTESIAN_POINT('',(196.09,-66.6245,1.51));
#4350 = CIRCLE('',#4351,0.4445);
#4351 = AXIS2_PLACEMENT_3D('',#4352,#4353,#4354);
#4352 = CARTESIAN_POINT('',(196.09,-66.18,1.51));
#4353 = DIRECTION('',(-0.,0.,-1.));
#4354 = DIRECTION('',(-0.,-1.,0.));
#4355 = FACE_BOUND('',#4356,.T.);
#4356 = EDGE_LOOP('',(#4357));
#4357 = ORIENTED_EDGE('',*,*,#4358,.T.);
#4358 = EDGE_CURVE('',#4359,#4359,#4361,.T.);
#4359 = VERTEX_POINT('',#4360);
#4360 = CARTESIAN_POINT('',(198.63,-66.6245,1.51));
#4361 = CIRCLE('',#4362,0.4445);
#4362 = AXIS2_PLACEMENT_3D('',#4363,#4364,#4365);
#4363 = CARTESIAN_POINT('',(198.63,-66.18,1.51));
#4364 = DIRECTION('',(-0.,0.,-1.));
#4365 = DIRECTION('',(-0.,-1.,0.));
#4366 = FACE_BOUND('',#4367,.T.);
#4367 = EDGE_LOOP('',(#4368));
#4368 = ORIENTED_EDGE('',*,*,#4369,.T.);
#4369 = EDGE_CURVE('',#4370,#4370,#4372,.T.);
#4370 = VERTEX_POINT('',#4371);
#4371 = CARTESIAN_POINT('',(201.17,-66.6245,1.51));
#4372 = CIRCLE('',#4373,0.4445);
#4373 = AXIS2_PLACEMENT_3D('',#4374,#4375,#4376);
#4374 = CARTESIAN_POINT('',(201.17,-66.18,1.51));
#4375 = DIRECTION('',(-0.,0.,-1.));
#4376 = DIRECTION('',(-6.394085361171E-14,-1.,0.));
#4377 = FACE_BOUND('',#4378,.T.);
#4378 = EDGE_LOOP('',(#4379));
#4379 = ORIENTED_EDGE('',*,*,#4380,.T.);
#4380 = EDGE_CURVE('',#4381,#4381,#4383,.T.);
#4381 = VERTEX_POINT('',#4382);
#4382 = CARTESIAN_POINT('',(181.19,-60.27,1.51));
#4383 = CIRCLE('',#4384,0.5);
#4384 = AXIS2_PLACEMENT_3D('',#4385,#4386,#4387);
#4385 = CARTESIAN_POINT('',(181.19,-59.77,1.51));
#4386 = DIRECTION('',(-0.,0.,-1.));
#4387 = DIRECTION('',(-0.,-1.,0.));
#4388 = FACE_BOUND('',#4389,.T.);
#4389 = EDGE_LOOP('',(#4390));
#4390 = ORIENTED_EDGE('',*,*,#4391,.T.);
#4391 = EDGE_CURVE('',#4392,#4392,#4394,.T.);
#4392 = VERTEX_POINT('',#4393);
#4393 = CARTESIAN_POINT('',(183.73,-60.27,1.51));
#4394 = CIRCLE('',#4395,0.5);
#4395 = AXIS2_PLACEMENT_3D('',#4396,#4397,#4398);
#4396 = CARTESIAN_POINT('',(183.73,-59.77,1.51));
#4397 = DIRECTION('',(-0.,0.,-1.));
#4398 = DIRECTION('',(-0.,-1.,0.));
#4399 = FACE_BOUND('',#4400,.T.);
#4400 = EDGE_LOOP('',(#4401));
#4401 = ORIENTED_EDGE('',*,*,#4402,.T.);
#4402 = EDGE_CURVE('',#4403,#4403,#4405,.T.);
#4403 = VERTEX_POINT('',#4404);
#4404 = CARTESIAN_POINT('',(186.27,-60.27,1.51));
#4405 = CIRCLE('',#4406,0.5);
#4406 = AXIS2_PLACEMENT_3D('',#4407,#4408,#4409);
#4407 = CARTESIAN_POINT('',(186.27,-59.77,1.51));
#4408 = DIRECTION('',(-0.,0.,-1.));
#4409 = DIRECTION('',(-0.,-1.,0.));
#4410 = FACE_BOUND('',#4411,.T.);
#4411 = EDGE_LOOP('',(#4412));
#4412 = ORIENTED_EDGE('',*,*,#4413,.T.);
#4413 = EDGE_CURVE('',#4414,#4414,#4416,.T.);
#4414 = VERTEX_POINT('',#4415);
#4415 = CARTESIAN_POINT('',(188.81,-60.27,1.51));
#4416 = CIRCLE('',#4417,0.5);
#4417 = AXIS2_PLACEMENT_3D('',#4418,#4419,#4420);
#4418 = CARTESIAN_POINT('',(188.81,-59.77,1.51));
#4419 = DIRECTION('',(-0.,0.,-1.));
#4420 = DIRECTION('',(-0.,-1.,0.));
#4421 = PLANE('',#4422);
#4422 = AXIS2_PLACEMENT_3D('',#4423,#4424,#4425);
#4423 = CARTESIAN_POINT('',(0.,0.,1.51));
#4424 = DIRECTION('',(0.,0.,1.));
#4425 = DIRECTION('',(1.,0.,-0.));
#4426 = ADVANCED_FACE('',(#4427),#4438,.T.);
#4427 = FACE_BOUND('',#4428,.T.);
#4428 = EDGE_LOOP('',(#4429,#4435,#4436,#4437));
#4429 = ORIENTED_EDGE('',*,*,#4430,.T.);
#4430 = EDGE_CURVE('',#3635,#4034,#4431,.T.);
#4431 = LINE('',#4432,#4433);
#4432 = CARTESIAN_POINT('',(152.73,-61.5,0.));
#4433 = VECTOR('',#4434,1.);
#4434 = DIRECTION('',(0.,0.,1.));
#4435 = ORIENTED_EDGE('',*,*,#4033,.T.);
#4436 = ORIENTED_EDGE('',*,*,#3570,.F.);
#4437 = ORIENTED_EDGE('',*,*,#3634,.F.);
#4438 = CYLINDRICAL_SURFACE('',#4439,4.999999678834);
#4439 = AXIS2_PLACEMENT_3D('',#4440,#4441,#4442);
#4440 = CARTESIAN_POINT('',(157.72999967883,-61.49999967883,0.));
#4441 = DIRECTION('',(0.,0.,-1.));
#4442 = DIRECTION('',(-1.,-6.42331370718E-08,-0.));
#4443 = ADVANCED_FACE('',(#4444),#4455,.T.);
#4444 = FACE_BOUND('',#4445,.T.);
#4445 = EDGE_LOOP('',(#4446,#4447,#4448,#4454));
#4446 = ORIENTED_EDGE('',*,*,#3610,.T.);
#4447 = ORIENTED_EDGE('',*,*,#4067,.T.);
#4448 = ORIENTED_EDGE('',*,*,#4449,.F.);
#4449 = EDGE_CURVE('',#3661,#4060,#4450,.T.);
#4450 = LINE('',#4451,#4452);
#4451 = CARTESIAN_POINT('',(199.13,-85.32,0.));
#4452 = VECTOR('',#4453,1.);
#4453 = DIRECTION('',(0.,0.,1.));
#4454 = ORIENTED_EDGE('',*,*,#3668,.F.);
#4455 = CYLINDRICAL_SURFACE('',#4456,4.999999678834);
#4456 = AXIS2_PLACEMENT_3D('',#4457,#4458,#4459);
#4457 = CARTESIAN_POINT('',(199.13000032116,-80.32000032116,0.));
#4458 = DIRECTION('',(0.,0.,-1.));
#4459 = DIRECTION('',(1.,6.423315270374E-08,0.));
#4460 = ADVANCED_FACE('',(#4461),#4472,.T.);
#4461 = FACE_BOUND('',#4462,.T.);
#4462 = EDGE_LOOP('',(#4463,#4469,#4470,#4471));
#4463 = ORIENTED_EDGE('',*,*,#4464,.T.);
#4464 = EDGE_CURVE('',#3644,#4043,#4465,.T.);
#4465 = LINE('',#4466,#4467);
#4466 = CARTESIAN_POINT('',(152.73,-80.32,0.));
#4467 = VECTOR('',#4468,1.);
#4468 = DIRECTION('',(0.,0.,1.));
#4469 = ORIENTED_EDGE('',*,*,#4042,.T.);
#4470 = ORIENTED_EDGE('',*,*,#4430,.F.);
#4471 = ORIENTED_EDGE('',*,*,#3643,.F.);
#4472 = PLANE('',#4473);
#4473 = AXIS2_PLACEMENT_3D('',#4474,#4475,#4476);
#4474 = CARTESIAN_POINT('',(152.73,-80.32,0.));
#4475 = DIRECTION('',(-1.,0.,0.));
#4476 = DIRECTION('',(0.,1.,0.));
#4477 = ADVANCED_FACE('',(#4478),#4489,.T.);
#4478 = FACE_BOUND('',#4479,.T.);
#4479 = EDGE_LOOP('',(#4480,#4481,#4482,#4488));
#4480 = ORIENTED_EDGE('',*,*,#4449,.T.);
#4481 = ORIENTED_EDGE('',*,*,#4059,.T.);
#4482 = ORIENTED_EDGE('',*,*,#4483,.F.);
#4483 = EDGE_CURVE('',#3652,#4051,#4484,.T.);
#4484 = LINE('',#4485,#4486);
#4485 = CARTESIAN_POINT('',(157.73,-85.32,0.));
#4486 = VECTOR('',#4487,1.);
#4487 = DIRECTION('',(0.,0.,1.));
#4488 = ORIENTED_EDGE('',*,*,#3660,.F.);
#4489 = PLANE('',#4490);
#4490 = AXIS2_PLACEMENT_3D('',#4491,#4492,#4493);
#4491 = CARTESIAN_POINT('',(199.13,-85.32,0.));
#4492 = DIRECTION('',(0.,-1.,0.));
#4493 = DIRECTION('',(-1.,0.,0.));
#4494 = ADVANCED_FACE('',(#4495),#4501,.T.);
#4495 = FACE_BOUND('',#4496,.T.);
#4496 = EDGE_LOOP('',(#4497,#4498,#4499,#4500));
#4497 = ORIENTED_EDGE('',*,*,#4483,.T.);
#4498 = ORIENTED_EDGE('',*,*,#4050,.T.);
#4499 = ORIENTED_EDGE('',*,*,#4464,.F.);
#4500 = ORIENTED_EDGE('',*,*,#3651,.F.);
#4501 = CYLINDRICAL_SURFACE('',#4502,4.999999678834);
#4502 = AXIS2_PLACEMENT_3D('',#4503,#4504,#4505);
#4503 = CARTESIAN_POINT('',(157.72999967883,-80.32000032116,0.));
#4504 = DIRECTION('',(0.,0.,-1.));
#4505 = DIRECTION('',(6.423314133505E-08,-1.,0.));
#4506 = ADVANCED_FACE('',(#4507),#4518,.F.);
#4507 = FACE_BOUND('',#4508,.T.);
#4508 = EDGE_LOOP('',(#4509,#4510,#4516,#4517));
#4509 = ORIENTED_EDGE('',*,*,#3678,.T.);
#4510 = ORIENTED_EDGE('',*,*,#4511,.T.);
#4511 = EDGE_CURVE('',#3679,#4078,#4512,.T.);
#4512 = LINE('',#4513,#4514);
#4513 = CARTESIAN_POINT('',(159.11,-81.27,-4.6E-02));
#4514 = VECTOR('',#4515,1.);
#4515 = DIRECTION('',(0.,0.,1.));
#4516 = ORIENTED_EDGE('',*,*,#4077,.F.);
#4517 = ORIENTED_EDGE('',*,*,#4511,.F.);
#4518 = CYLINDRICAL_SURFACE('',#4519,0.4);
#4519 = AXIS2_PLACEMENT_3D('',#4520,#4521,#4522);
#4520 = CARTESIAN_POINT('',(159.11,-80.87,-4.6E-02));
#4521 = DIRECTION('',(-0.,-0.,-1.));
#4522 = DIRECTION('',(-0.,-1.,0.));
#4523 = ADVANCED_FACE('',(#4524),#4540,.F.);
#4524 = FACE_BOUND('',#4525,.T.);
#4525 = EDGE_LOOP('',(#4526,#4527,#4533,#4534));
#4526 = ORIENTED_EDGE('',*,*,#3689,.T.);
#4527 = ORIENTED_EDGE('',*,*,#4528,.T.);
#4528 = EDGE_CURVE('',#3692,#4091,#4529,.T.);
#4529 = LINE('',#4530,#4531);
#4530 = CARTESIAN_POINT('',(163.25,-77.24,-4.6E-02));
#4531 = VECTOR('',#4532,1.);
#4532 = DIRECTION('',(0.,0.,1.));
#4533 = ORIENTED_EDGE('',*,*,#4088,.F.);
#4534 = ORIENTED_EDGE('',*,*,#4535,.F.);
#4535 = EDGE_CURVE('',#3690,#4089,#4536,.T.);
#4536 = LINE('',#4537,#4538);
#4537 = CARTESIAN_POINT('',(163.25,-75.74,-4.6E-02));
#4538 = VECTOR('',#4539,1.);
#4539 = DIRECTION('',(0.,0.,1.));
#4540 = CYLINDRICAL_SURFACE('',#4541,0.75);
#4541 = AXIS2_PLACEMENT_3D('',#4542,#4543,#4544);
#4542 = CARTESIAN_POINT('',(163.25,-76.49,-4.6E-02));
#4543 = DIRECTION('',(-0.,-0.,-1.));
#4544 = DIRECTION('',(-0.,-1.,0.));
#4545 = ADVANCED_FACE('',(#4546),#4557,.T.);
#4546 = FACE_BOUND('',#4547,.T.);
#4547 = EDGE_LOOP('',(#4548,#4549,#4550,#4551));
#4548 = ORIENTED_EDGE('',*,*,#3717,.T.);
#4549 = ORIENTED_EDGE('',*,*,#4535,.T.);
#4550 = ORIENTED_EDGE('',*,*,#4116,.F.);
#4551 = ORIENTED_EDGE('',*,*,#4552,.F.);
#4552 = EDGE_CURVE('',#3709,#4108,#4553,.T.);
#4553 = LINE('',#4554,#4555);
#4554 = CARTESIAN_POINT('',(161.95,-75.74,-4.6E-02));
#4555 = VECTOR('',#4556,1.);
#4556 = DIRECTION('',(0.,0.,1.));
#4557 = PLANE('',#4558);
#4558 = AXIS2_PLACEMENT_3D('',#4559,#4560,#4561);
#4559 = CARTESIAN_POINT('',(163.25,-75.74,-4.6E-02));
#4560 = DIRECTION('',(0.,-1.,0.));
#4561 = DIRECTION('',(-1.,0.,0.));
#4562 = ADVANCED_FACE('',(#4563),#4574,.F.);
#4563 = FACE_BOUND('',#4564,.T.);
#4564 = EDGE_LOOP('',(#4565,#4566,#4567,#4568));
#4565 = ORIENTED_EDGE('',*,*,#3708,.T.);
#4566 = ORIENTED_EDGE('',*,*,#4552,.T.);
#4567 = ORIENTED_EDGE('',*,*,#4107,.F.);
#4568 = ORIENTED_EDGE('',*,*,#4569,.F.);
#4569 = EDGE_CURVE('',#3701,#4100,#4570,.T.);
#4570 = LINE('',#4571,#4572);
#4571 = CARTESIAN_POINT('',(161.95,-77.24,-4.6E-02));
#4572 = VECTOR('',#4573,1.);
#4573 = DIRECTION('',(0.,0.,1.));
#4574 = CYLINDRICAL_SURFACE('',#4575,0.75);
#4575 = AXIS2_PLACEMENT_3D('',#4576,#4577,#4578);
#4576 = CARTESIAN_POINT('',(161.95,-76.49,-4.6E-02));
#4577 = DIRECTION('',(-0.,0.,-1.));
#4578 = DIRECTION('',(0.,1.,0.));
#4579 = ADVANCED_FACE('',(#4580),#4586,.T.);
#4580 = FACE_BOUND('',#4581,.T.);
#4581 = EDGE_LOOP('',(#4582,#4583,#4584,#4585));
#4582 = ORIENTED_EDGE('',*,*,#3700,.T.);
#4583 = ORIENTED_EDGE('',*,*,#4569,.T.);
#4584 = ORIENTED_EDGE('',*,*,#4099,.F.);
#4585 = ORIENTED_EDGE('',*,*,#4528,.F.);
#4586 = PLANE('',#4587);
#4587 = AXIS2_PLACEMENT_3D('',#4588,#4589,#4590);
#4588 = CARTESIAN_POINT('',(161.95,-77.24,-4.6E-02));
#4589 = DIRECTION('',(0.,1.,0.));
#4590 = DIRECTION('',(1.,0.,0.));
#4591 = ADVANCED_FACE('',(#4592),#4603,.F.);
#4592 = FACE_BOUND('',#4593,.T.);
#4593 = EDGE_LOOP('',(#4594,#4595,#4601,#4602));
#4594 = ORIENTED_EDGE('',*,*,#3725,.T.);
#4595 = ORIENTED_EDGE('',*,*,#4596,.T.);
#4596 = EDGE_CURVE('',#3726,#4125,#4597,.T.);
#4597 = LINE('',#4598,#4599);
#4598 = CARTESIAN_POINT('',(166.73,-81.27,-4.6E-02));
#4599 = VECTOR('',#4600,1.);
#4600 = DIRECTION('',(0.,0.,1.));
#4601 = ORIENTED_EDGE('',*,*,#4124,.F.);
#4602 = ORIENTED_EDGE('',*,*,#4596,.F.);
#4603 = CYLINDRICAL_SURFACE('',#4604,0.4);
#4604 = AXIS2_PLACEMENT_3D('',#4605,#4606,#4607);
#4605 = CARTESIAN_POINT('',(166.73,-80.87,-4.6E-02));
#4606 = DIRECTION('',(-0.,-0.,-1.));
#4607 = DIRECTION('',(-7.105427357601E-14,-1.,0.));
#4608 = ADVANCED_FACE('',(#4609),#4620,.F.);
#4609 = FACE_BOUND('',#4610,.T.);
#4610 = EDGE_LOOP('',(#4611,#4612,#4618,#4619));
#4611 = ORIENTED_EDGE('',*,*,#3736,.T.);
#4612 = ORIENTED_EDGE('',*,*,#4613,.T.);
#4613 = EDGE_CURVE('',#3737,#4136,#4614,.T.);
#4614 = LINE('',#4615,#4616);
#4615 = CARTESIAN_POINT('',(155.1,-73.89,-4.6E-02));
#4616 = VECTOR('',#4617,1.);
#4617 = DIRECTION('',(0.,0.,1.));
#4618 = ORIENTED_EDGE('',*,*,#4135,.F.);
#4619 = ORIENTED_EDGE('',*,*,#4613,.F.);
#4620 = CYLINDRICAL_SURFACE('',#4621,0.5);
#4621 = AXIS2_PLACEMENT_3D('',#4622,#4623,#4624);
#4622 = CARTESIAN_POINT('',(155.1,-73.39,-4.6E-02));
#4623 = DIRECTION('',(-0.,-0.,-1.));
#4624 = DIRECTION('',(-0.,-1.,0.));
#4625 = ADVANCED_FACE('',(#4626),#4637,.F.);
#4626 = FACE_BOUND('',#4627,.T.);
#4627 = EDGE_LOOP('',(#4628,#4629,#4635,#4636));
#4628 = ORIENTED_EDGE('',*,*,#3747,.T.);
#4629 = ORIENTED_EDGE('',*,*,#4630,.T.);
#4630 = EDGE_CURVE('',#3748,#4147,#4631,.T.);
#4631 = LINE('',#4632,#4633);
#4632 = CARTESIAN_POINT('',(155.1,-71.39,-4.6E-02));
#4633 = VECTOR('',#4634,1.);
#4634 = DIRECTION('',(0.,0.,1.));
#4635 = ORIENTED_EDGE('',*,*,#4146,.F.);
#4636 = ORIENTED_EDGE('',*,*,#4630,.F.);
#4637 = CYLINDRICAL_SURFACE('',#4638,0.5);
#4638 = AXIS2_PLACEMENT_3D('',#4639,#4640,#4641);
#4639 = CARTESIAN_POINT('',(155.1,-70.89,-4.6E-02));
#4640 = DIRECTION('',(-0.,-0.,-1.));
#4641 = DIRECTION('',(-0.,-1.,0.));
#4642 = ADVANCED_FACE('',(#4643),#4654,.F.);
#4643 = FACE_BOUND('',#4644,.T.);
#4644 = EDGE_LOOP('',(#4645,#4646,#4652,#4653));
#4645 = ORIENTED_EDGE('',*,*,#3758,.T.);
#4646 = ORIENTED_EDGE('',*,*,#4647,.T.);
#4647 = EDGE_CURVE('',#3759,#4158,#4648,.T.);
#4648 = LINE('',#4649,#4650);
#4649 = CARTESIAN_POINT('',(169.6,-73.89,-4.6E-02));
#4650 = VECTOR('',#4651,1.);
#4651 = DIRECTION('',(0.,0.,1.));
#4652 = ORIENTED_EDGE('',*,*,#4157,.F.);
#4653 = ORIENTED_EDGE('',*,*,#4647,.F.);
#4654 = CYLINDRICAL_SURFACE('',#4655,0.5);
#4655 = AXIS2_PLACEMENT_3D('',#4656,#4657,#4658);
#4656 = CARTESIAN_POINT('',(169.6,-73.39,-4.6E-02));
#4657 = DIRECTION('',(-0.,-0.,-1.));
#4658 = DIRECTION('',(-0.,-1.,0.));
#4659 = ADVANCED_FACE('',(#4660),#4671,.F.);
#4660 = FACE_BOUND('',#4661,.T.);
#4661 = EDGE_LOOP('',(#4662,#4663,#4669,#4670));
#4662 = ORIENTED_EDGE('',*,*,#3769,.T.);
#4663 = ORIENTED_EDGE('',*,*,#4664,.T.);
#4664 = EDGE_CURVE('',#3770,#4169,#4665,.T.);
#4665 = LINE('',#4666,#4667);
#4666 = CARTESIAN_POINT('',(185.93,-81.8645,-4.6E-02));
#4667 = VECTOR('',#4668,1.);
#4668 = DIRECTION('',(0.,0.,1.));
#4669 = ORIENTED_EDGE('',*,*,#4168,.F.);
#4670 = ORIENTED_EDGE('',*,*,#4664,.F.);
#4671 = CYLINDRICAL_SURFACE('',#4672,0.4445);
#4672 = AXIS2_PLACEMENT_3D('',#4673,#4674,#4675);
#4673 = CARTESIAN_POINT('',(185.93,-81.42,-4.6E-02));
#4674 = DIRECTION('',(-0.,-0.,-1.));
#4675 = DIRECTION('',(-0.,-1.,0.));
#4676 = ADVANCED_FACE('',(#4677),#4688,.F.);
#4677 = FACE_BOUND('',#4678,.T.);
#4678 = EDGE_LOOP('',(#4679,#4680,#4686,#4687));
#4679 = ORIENTED_EDGE('',*,*,#3780,.T.);
#4680 = ORIENTED_EDGE('',*,*,#4681,.T.);
#4681 = EDGE_CURVE('',#3781,#4180,#4682,.T.);
#4682 = LINE('',#4683,#4684);
#4683 = CARTESIAN_POINT('',(188.47,-81.8645,-4.6E-02));
#4684 = VECTOR('',#4685,1.);
#4685 = DIRECTION('',(0.,0.,1.));
#4686 = ORIENTED_EDGE('',*,*,#4179,.F.);
#4687 = ORIENTED_EDGE('',*,*,#4681,.F.);
#4688 = CYLINDRICAL_SURFACE('',#4689,0.4445);
#4689 = AXIS2_PLACEMENT_3D('',#4690,#4691,#4692);
#4690 = CARTESIAN_POINT('',(188.47,-81.42,-4.6E-02));
#4691 = DIRECTION('',(-0.,-0.,-1.));
#4692 = DIRECTION('',(-0.,-1.,0.));
#4693 = ADVANCED_FACE('',(#4694),#4705,.F.);
#4694 = FACE_BOUND('',#4695,.T.);
#4695 = EDGE_LOOP('',(#4696,#4697,#4703,#4704));
#4696 = ORIENTED_EDGE('',*,*,#3791,.T.);
#4697 = ORIENTED_EDGE('',*,*,#4698,.T.);
#4698 = EDGE_CURVE('',#3792,#4191,#4699,.T.);
#4699 = LINE('',#4700,#4701);
#4700 = CARTESIAN_POINT('',(191.01,-81.8645,-4.6E-02));
#4701 = VECTOR('',#4702,1.);
#4702 = DIRECTION('',(0.,0.,1.));
#4703 = ORIENTED_EDGE('',*,*,#4190,.F.);
#4704 = ORIENTED_EDGE('',*,*,#4698,.F.);
#4705 = CYLINDRICAL_SURFACE('',#4706,0.4445);
#4706 = AXIS2_PLACEMENT_3D('',#4707,#4708,#4709);
#4707 = CARTESIAN_POINT('',(191.01,-81.42,-4.6E-02));
#4708 = DIRECTION('',(-0.,-0.,-1.));
#4709 = DIRECTION('',(-0.,-1.,0.));
#4710 = ADVANCED_FACE('',(#4711),#4722,.F.);
#4711 = FACE_BOUND('',#4712,.T.);
#4712 = EDGE_LOOP('',(#4713,#4714,#4720,#4721));
#4713 = ORIENTED_EDGE('',*,*,#3802,.T.);
#4714 = ORIENTED_EDGE('',*,*,#4715,.T.);
#4715 = EDGE_CURVE('',#3803,#4202,#4716,.T.);
#4716 = LINE('',#4717,#4718);
#4717 = CARTESIAN_POINT('',(193.55,-81.8645,-4.6E-02));
#4718 = VECTOR('',#4719,1.);
#4719 = DIRECTION('',(0.,0.,1.));
#4720 = ORIENTED_EDGE('',*,*,#4201,.F.);
#4721 = ORIENTED_EDGE('',*,*,#4715,.F.);
#4722 = CYLINDRICAL_SURFACE('',#4723,0.4445);
#4723 = AXIS2_PLACEMENT_3D('',#4724,#4725,#4726);
#4724 = CARTESIAN_POINT('',(193.55,-81.42,-4.6E-02));
#4725 = DIRECTION('',(-0.,-0.,-1.));
#4726 = DIRECTION('',(-0.,-1.,0.));
#4727 = ADVANCED_FACE('',(#4728),#4739,.F.);
#4728 = FACE_BOUND('',#4729,.T.);
#4729 = EDGE_LOOP('',(#4730,#4731,#4737,#4738));
#4730 = ORIENTED_EDGE('',*,*,#3813,.T.);
#4731 = ORIENTED_EDGE('',*,*,#4732,.T.);
#4732 = EDGE_CURVE('',#3814,#4213,#4733,.T.);
#4733 = LINE('',#4734,#4735);
#4734 = CARTESIAN_POINT('',(196.09,-81.8645,-4.6E-02));
#4735 = VECTOR('',#4736,1.);
#4736 = DIRECTION('',(0.,0.,1.));
#4737 = ORIENTED_EDGE('',*,*,#4212,.F.);
#4738 = ORIENTED_EDGE('',*,*,#4732,.F.);
#4739 = CYLINDRICAL_SURFACE('',#4740,0.4445);
#4740 = AXIS2_PLACEMENT_3D('',#4741,#4742,#4743);
#4741 = CARTESIAN_POINT('',(196.09,-81.42,-4.6E-02));
#4742 = DIRECTION('',(-0.,-0.,-1.));
#4743 = DIRECTION('',(-0.,-1.,0.));
#4744 = ADVANCED_FACE('',(#4745),#4756,.F.);
#4745 = FACE_BOUND('',#4746,.T.);
#4746 = EDGE_LOOP('',(#4747,#4748,#4754,#4755));
#4747 = ORIENTED_EDGE('',*,*,#3824,.T.);
#4748 = ORIENTED_EDGE('',*,*,#4749,.T.);
#4749 = EDGE_CURVE('',#3825,#4224,#4750,.T.);
#4750 = LINE('',#4751,#4752);
#4751 = CARTESIAN_POINT('',(198.63,-81.8645,-4.6E-02));
#4752 = VECTOR('',#4753,1.);
#4753 = DIRECTION('',(0.,0.,1.));
#4754 = ORIENTED_EDGE('',*,*,#4223,.F.);
#4755 = ORIENTED_EDGE('',*,*,#4749,.F.);
#4756 = CYLINDRICAL_SURFACE('',#4757,0.4445);
#4757 = AXIS2_PLACEMENT_3D('',#4758,#4759,#4760);
#4758 = CARTESIAN_POINT('',(198.63,-81.42,-4.6E-02));
#4759 = DIRECTION('',(-0.,-0.,-1.));
#4760 = DIRECTION('',(-0.,-1.,0.));
#4761 = ADVANCED_FACE('',(#4762),#4773,.F.);
#4762 = FACE_BOUND('',#4763,.T.);
#4763 = EDGE_LOOP('',(#4764,#4765,#4771,#4772));
#4764 = ORIENTED_EDGE('',*,*,#3835,.T.);
#4765 = ORIENTED_EDGE('',*,*,#4766,.T.);
#4766 = EDGE_CURVE('',#3836,#4235,#4767,.T.);
#4767 = LINE('',#4768,#4769);
#4768 = CARTESIAN_POINT('',(201.17,-81.8645,-4.6E-02));
#4769 = VECTOR('',#4770,1.);
#4770 = DIRECTION('',(0.,0.,1.));
#4771 = ORIENTED_EDGE('',*,*,#4234,.F.);
#4772 = ORIENTED_EDGE('',*,*,#4766,.F.);
#4773 = CYLINDRICAL_SURFACE('',#4774,0.4445);
#4774 = AXIS2_PLACEMENT_3D('',#4775,#4776,#4777);
#4775 = CARTESIAN_POINT('',(201.17,-81.42,-4.6E-02));
#4776 = DIRECTION('',(-0.,-0.,-1.));
#4777 = DIRECTION('',(-6.394085361171E-14,-1.,0.));
#4778 = ADVANCED_FACE('',(#4779),#4790,.F.);
#4779 = FACE_BOUND('',#4780,.T.);
#4780 = EDGE_LOOP('',(#4781,#4782,#4788,#4789));
#4781 = ORIENTED_EDGE('',*,*,#3846,.T.);
#4782 = ORIENTED_EDGE('',*,*,#4783,.T.);
#4783 = EDGE_CURVE('',#3847,#4246,#4784,.T.);
#4784 = LINE('',#4785,#4786);
#4785 = CARTESIAN_POINT('',(155.1,-68.89,-4.6E-02));
#4786 = VECTOR('',#4787,1.);
#4787 = DIRECTION('',(0.,0.,1.));
#4788 = ORIENTED_EDGE('',*,*,#4245,.F.);
#4789 = ORIENTED_EDGE('',*,*,#4783,.F.);
#4790 = CYLINDRICAL_SURFACE('',#4791,0.5);
#4791 = AXIS2_PLACEMENT_3D('',#4792,#4793,#4794);
#4792 = CARTESIAN_POINT('',(155.1,-68.39,-4.6E-02));
#4793 = DIRECTION('',(-0.,-0.,-1.));
#4794 = DIRECTION('',(-0.,-1.,0.));
#4795 = ADVANCED_FACE('',(#4796),#4812,.F.);
#4796 = FACE_BOUND('',#4797,.T.);
#4797 = EDGE_LOOP('',(#4798,#4799,#4805,#4806));
#4798 = ORIENTED_EDGE('',*,*,#3857,.T.);
#4799 = ORIENTED_EDGE('',*,*,#4800,.T.);
#4800 = EDGE_CURVE('',#3860,#4259,#4801,.T.);
#4801 = LINE('',#4802,#4803);
#4802 = CARTESIAN_POINT('',(163.25,-66.04,-4.6E-02));
#4803 = VECTOR('',#4804,1.);
#4804 = DIRECTION('',(0.,0.,1.));
#4805 = ORIENTED_EDGE('',*,*,#4256,.F.);
#4806 = ORIENTED_EDGE('',*,*,#4807,.F.);
#4807 = EDGE_CURVE('',#3858,#4257,#4808,.T.);
#4808 = LINE('',#4809,#4810);
#4809 = CARTESIAN_POINT('',(163.25,-64.54,-4.6E-02));
#4810 = VECTOR('',#4811,1.);
#4811 = DIRECTION('',(0.,0.,1.));
#4812 = CYLINDRICAL_SURFACE('',#4813,0.75);
#4813 = AXIS2_PLACEMENT_3D('',#4814,#4815,#4816);
#4814 = CARTESIAN_POINT('',(163.25,-65.29,-4.6E-02));
#4815 = DIRECTION('',(-0.,-0.,-1.));
#4816 = DIRECTION('',(-0.,-1.,0.));
#4817 = ADVANCED_FACE('',(#4818),#4829,.T.);
#4818 = FACE_BOUND('',#4819,.T.);
#4819 = EDGE_LOOP('',(#4820,#4821,#4822,#4823));
#4820 = ORIENTED_EDGE('',*,*,#3885,.T.);
#4821 = ORIENTED_EDGE('',*,*,#4807,.T.);
#4822 = ORIENTED_EDGE('',*,*,#4284,.F.);
#4823 = ORIENTED_EDGE('',*,*,#4824,.F.);
#4824 = EDGE_CURVE('',#3877,#4276,#4825,.T.);
#4825 = LINE('',#4826,#4827);
#4826 = CARTESIAN_POINT('',(161.95,-64.54,-4.6E-02));
#4827 = VECTOR('',#4828,1.);
#4828 = DIRECTION('',(0.,0.,1.));
#4829 = PLANE('',#4830);
#4830 = AXIS2_PLACEMENT_3D('',#4831,#4832,#4833);
#4831 = CARTESIAN_POINT('',(163.25,-64.54,-4.6E-02));
#4832 = DIRECTION('',(0.,-1.,0.));
#4833 = DIRECTION('',(-1.,0.,0.));
#4834 = ADVANCED_FACE('',(#4835),#4846,.F.);
#4835 = FACE_BOUND('',#4836,.T.);
#4836 = EDGE_LOOP('',(#4837,#4838,#4839,#4840));
#4837 = ORIENTED_EDGE('',*,*,#3876,.T.);
#4838 = ORIENTED_EDGE('',*,*,#4824,.T.);
#4839 = ORIENTED_EDGE('',*,*,#4275,.F.);
#4840 = ORIENTED_EDGE('',*,*,#4841,.F.);
#4841 = EDGE_CURVE('',#3869,#4268,#4842,.T.);
#4842 = LINE('',#4843,#4844);
#4843 = CARTESIAN_POINT('',(161.95,-66.04,-4.6E-02));
#4844 = VECTOR('',#4845,1.);
#4845 = DIRECTION('',(0.,0.,1.));
#4846 = CYLINDRICAL_SURFACE('',#4847,0.75);
#4847 = AXIS2_PLACEMENT_3D('',#4848,#4849,#4850);
#4848 = CARTESIAN_POINT('',(161.95,-65.29,-4.6E-02));
#4849 = DIRECTION('',(-0.,0.,-1.));
#4850 = DIRECTION('',(0.,1.,0.));
#4851 = ADVANCED_FACE('',(#4852),#4858,.T.);
#4852 = FACE_BOUND('',#4853,.T.);
#4853 = EDGE_LOOP('',(#4854,#4855,#4856,#4857));
#4854 = ORIENTED_EDGE('',*,*,#3868,.T.);
#4855 = ORIENTED_EDGE('',*,*,#4841,.T.);
#4856 = ORIENTED_EDGE('',*,*,#4267,.F.);
#4857 = ORIENTED_EDGE('',*,*,#4800,.F.);
#4858 = PLANE('',#4859);
#4859 = AXIS2_PLACEMENT_3D('',#4860,#4861,#4862);
#4860 = CARTESIAN_POINT('',(161.95,-66.04,-4.6E-02));
#4861 = DIRECTION('',(0.,1.,0.));
#4862 = DIRECTION('',(1.,0.,0.));
#4863 = ADVANCED_FACE('',(#4864),#4875,.F.);
#4864 = FACE_BOUND('',#4865,.T.);
#4865 = EDGE_LOOP('',(#4866,#4867,#4873,#4874));
#4866 = ORIENTED_EDGE('',*,*,#3893,.T.);
#4867 = ORIENTED_EDGE('',*,*,#4868,.T.);
#4868 = EDGE_CURVE('',#3894,#4293,#4869,.T.);
#4869 = LINE('',#4870,#4871);
#4870 = CARTESIAN_POINT('',(169.6,-68.89,-4.6E-02));
#4871 = VECTOR('',#4872,1.);
#4872 = DIRECTION('',(0.,0.,1.));
#4873 = ORIENTED_EDGE('',*,*,#4292,.F.);
#4874 = ORIENTED_EDGE('',*,*,#4868,.F.);
#4875 = CYLINDRICAL_SURFACE('',#4876,0.5);
#4876 = AXIS2_PLACEMENT_3D('',#4877,#4878,#4879);
#4877 = CARTESIAN_POINT('',(169.6,-68.39,-4.6E-02));
#4878 = DIRECTION('',(-0.,-0.,-1.));
#4879 = DIRECTION('',(-0.,-1.,0.));
#4880 = ADVANCED_FACE('',(#4881),#4892,.F.);
#4881 = FACE_BOUND('',#4882,.T.);
#4882 = EDGE_LOOP('',(#4883,#4884,#4890,#4891));
#4883 = ORIENTED_EDGE('',*,*,#3904,.T.);
#4884 = ORIENTED_EDGE('',*,*,#4885,.T.);
#4885 = EDGE_CURVE('',#3905,#4304,#4886,.T.);
#4886 = LINE('',#4887,#4888);
#4887 = CARTESIAN_POINT('',(185.93,-66.6245,-4.6E-02));
#4888 = VECTOR('',#4889,1.);
#4889 = DIRECTION('',(0.,0.,1.));
#4890 = ORIENTED_EDGE('',*,*,#4303,.F.);
#4891 = ORIENTED_EDGE('',*,*,#4885,.F.);
#4892 = CYLINDRICAL_SURFACE('',#4893,0.4445);
#4893 = AXIS2_PLACEMENT_3D('',#4894,#4895,#4896);
#4894 = CARTESIAN_POINT('',(185.93,-66.18,-4.6E-02));
#4895 = DIRECTION('',(-0.,-0.,-1.));
#4896 = DIRECTION('',(-0.,-1.,0.));
#4897 = ADVANCED_FACE('',(#4898),#4909,.F.);
#4898 = FACE_BOUND('',#4899,.T.);
#4899 = EDGE_LOOP('',(#4900,#4901,#4907,#4908));
#4900 = ORIENTED_EDGE('',*,*,#3915,.T.);
#4901 = ORIENTED_EDGE('',*,*,#4902,.T.);
#4902 = EDGE_CURVE('',#3916,#4315,#4903,.T.);
#4903 = LINE('',#4904,#4905);
#4904 = CARTESIAN_POINT('',(188.47,-66.6245,-4.6E-02));
#4905 = VECTOR('',#4906,1.);
#4906 = DIRECTION('',(0.,0.,1.));
#4907 = ORIENTED_EDGE('',*,*,#4314,.F.);
#4908 = ORIENTED_EDGE('',*,*,#4902,.F.);
#4909 = CYLINDRICAL_SURFACE('',#4910,0.4445);
#4910 = AXIS2_PLACEMENT_3D('',#4911,#4912,#4913);
#4911 = CARTESIAN_POINT('',(188.47,-66.18,-4.6E-02));
#4912 = DIRECTION('',(-0.,-0.,-1.));
#4913 = DIRECTION('',(-0.,-1.,0.));
#4914 = ADVANCED_FACE('',(#4915),#4926,.F.);
#4915 = FACE_BOUND('',#4916,.T.);
#4916 = EDGE_LOOP('',(#4917,#4918,#4924,#4925));
#4917 = ORIENTED_EDGE('',*,*,#3926,.T.);
#4918 = ORIENTED_EDGE('',*,*,#4919,.T.);
#4919 = EDGE_CURVE('',#3927,#4326,#4920,.T.);
#4920 = LINE('',#4921,#4922);
#4921 = CARTESIAN_POINT('',(191.01,-66.6245,-4.6E-02));
#4922 = VECTOR('',#4923,1.);
#4923 = DIRECTION('',(0.,0.,1.));
#4924 = ORIENTED_EDGE('',*,*,#4325,.F.);
#4925 = ORIENTED_EDGE('',*,*,#4919,.F.);
#4926 = CYLINDRICAL_SURFACE('',#4927,0.4445);
#4927 = AXIS2_PLACEMENT_3D('',#4928,#4929,#4930);
#4928 = CARTESIAN_POINT('',(191.01,-66.18,-4.6E-02));
#4929 = DIRECTION('',(-0.,-0.,-1.));
#4930 = DIRECTION('',(-0.,-1.,0.));
#4931 = ADVANCED_FACE('',(#4932),#4943,.F.);
#4932 = FACE_BOUND('',#4933,.T.);
#4933 = EDGE_LOOP('',(#4934,#4935,#4941,#4942));
#4934 = ORIENTED_EDGE('',*,*,#3937,.T.);
#4935 = ORIENTED_EDGE('',*,*,#4936,.T.);
#4936 = EDGE_CURVE('',#3938,#4337,#4937,.T.);
#4937 = LINE('',#4938,#4939);
#4938 = CARTESIAN_POINT('',(193.55,-66.6245,-4.6E-02));
#4939 = VECTOR('',#4940,1.);
#4940 = DIRECTION('',(0.,0.,1.));
#4941 = ORIENTED_EDGE('',*,*,#4336,.F.);
#4942 = ORIENTED_EDGE('',*,*,#4936,.F.);
#4943 = CYLINDRICAL_SURFACE('',#4944,0.4445);
#4944 = AXIS2_PLACEMENT_3D('',#4945,#4946,#4947);
#4945 = CARTESIAN_POINT('',(193.55,-66.18,-4.6E-02));
#4946 = DIRECTION('',(-0.,-0.,-1.));
#4947 = DIRECTION('',(-0.,-1.,0.));
#4948 = ADVANCED_FACE('',(#4949),#4960,.F.);
#4949 = FACE_BOUND('',#4950,.T.);
#4950 = EDGE_LOOP('',(#4951,#4952,#4958,#4959));
#4951 = ORIENTED_EDGE('',*,*,#3948,.T.);
#4952 = ORIENTED_EDGE('',*,*,#4953,.T.);
#4953 = EDGE_CURVE('',#3949,#4348,#4954,.T.);
#4954 = LINE('',#4955,#4956);
#4955 = CARTESIAN_POINT('',(196.09,-66.6245,-4.6E-02));
#4956 = VECTOR('',#4957,1.);
#4957 = DIRECTION('',(0.,0.,1.));
#4958 = ORIENTED_EDGE('',*,*,#4347,.F.);
#4959 = ORIENTED_EDGE('',*,*,#4953,.F.);
#4960 = CYLINDRICAL_SURFACE('',#4961,0.4445);
#4961 = AXIS2_PLACEMENT_3D('',#4962,#4963,#4964);
#4962 = CARTESIAN_POINT('',(196.09,-66.18,-4.6E-02));
#4963 = DIRECTION('',(-0.,-0.,-1.));
#4964 = DIRECTION('',(-0.,-1.,0.));
#4965 = ADVANCED_FACE('',(#4966),#4977,.F.);
#4966 = FACE_BOUND('',#4967,.T.);
#4967 = EDGE_LOOP('',(#4968,#4969,#4975,#4976));
#4968 = ORIENTED_EDGE('',*,*,#3959,.T.);
#4969 = ORIENTED_EDGE('',*,*,#4970,.T.);
#4970 = EDGE_CURVE('',#3960,#4359,#4971,.T.);
#4971 = LINE('',#4972,#4973);
#4972 = CARTESIAN_POINT('',(198.63,-66.6245,-4.6E-02));
#4973 = VECTOR('',#4974,1.);
#4974 = DIRECTION('',(0.,0.,1.));
#4975 = ORIENTED_EDGE('',*,*,#4358,.F.);
#4976 = ORIENTED_EDGE('',*,*,#4970,.F.);
#4977 = CYLINDRICAL_SURFACE('',#4978,0.4445);
#4978 = AXIS2_PLACEMENT_3D('',#4979,#4980,#4981);
#4979 = CARTESIAN_POINT('',(198.63,-66.18,-4.6E-02));
#4980 = DIRECTION('',(-0.,-0.,-1.));
#4981 = DIRECTION('',(-0.,-1.,0.));
#4982 = ADVANCED_FACE('',(#4983),#4994,.F.);
#4983 = FACE_BOUND('',#4984,.T.);
#4984 = EDGE_LOOP('',(#4985,#4986,#4992,#4993));
#4985 = ORIENTED_EDGE('',*,*,#3970,.T.);
#4986 = ORIENTED_EDGE('',*,*,#4987,.T.);
#4987 = EDGE_CURVE('',#3971,#4370,#4988,.T.);
#4988 = LINE('',#4989,#4990);
#4989 = CARTESIAN_POINT('',(201.17,-66.6245,-4.6E-02));
#4990 = VECTOR('',#4991,1.);
#4991 = DIRECTION('',(0.,0.,1.));
#4992 = ORIENTED_EDGE('',*,*,#4369,.F.);
#4993 = ORIENTED_EDGE('',*,*,#4987,.F.);
#4994 = CYLINDRICAL_SURFACE('',#4995,0.4445);
#4995 = AXIS2_PLACEMENT_3D('',#4996,#4997,#4998);
#4996 = CARTESIAN_POINT('',(201.17,-66.18,-4.6E-02));
#4997 = DIRECTION('',(-0.,-0.,-1.));
#4998 = DIRECTION('',(-6.394085361171E-14,-1.,0.));
#4999 = ADVANCED_FACE('',(#5000),#5011,.F.);
#5000 = FACE_BOUND('',#5001,.T.);
#5001 = EDGE_LOOP('',(#5002,#5003,#5009,#5010));
#5002 = ORIENTED_EDGE('',*,*,#3981,.T.);
#5003 = ORIENTED_EDGE('',*,*,#5004,.T.);
#5004 = EDGE_CURVE('',#3982,#4381,#5005,.T.);
#5005 = LINE('',#5006,#5007);
#5006 = CARTESIAN_POINT('',(181.19,-60.27,-4.6E-02));
#5007 = VECTOR('',#5008,1.);
#5008 = DIRECTION('',(0.,0.,1.));
#5009 = ORIENTED_EDGE('',*,*,#4380,.F.);
#5010 = ORIENTED_EDGE('',*,*,#5004,.F.);
#5011 = CYLINDRICAL_SURFACE('',#5012,0.5);
#5012 = AXIS2_PLACEMENT_3D('',#5013,#5014,#5015);
#5013 = CARTESIAN_POINT('',(181.19,-59.77,-4.6E-02));
#5014 = DIRECTION('',(-0.,-0.,-1.));
#5015 = DIRECTION('',(-0.,-1.,0.));
#5016 = ADVANCED_FACE('',(#5017),#5028,.F.);
#5017 = FACE_BOUND('',#5018,.T.);
#5018 = EDGE_LOOP('',(#5019,#5020,#5026,#5027));
#5019 = ORIENTED_EDGE('',*,*,#3992,.T.);
#5020 = ORIENTED_EDGE('',*,*,#5021,.T.);
#5021 = EDGE_CURVE('',#3993,#4392,#5022,.T.);
#5022 = LINE('',#5023,#5024);
#5023 = CARTESIAN_POINT('',(183.73,-60.27,-4.6E-02));
#5024 = VECTOR('',#5025,1.);
#5025 = DIRECTION('',(0.,0.,1.));
#5026 = ORIENTED_EDGE('',*,*,#4391,.F.);
#5027 = ORIENTED_EDGE('',*,*,#5021,.F.);
#5028 = CYLINDRICAL_SURFACE('',#5029,0.5);
#5029 = AXIS2_PLACEMENT_3D('',#5030,#5031,#5032);
#5030 = CARTESIAN_POINT('',(183.73,-59.77,-4.6E-02));
#5031 = DIRECTION('',(-0.,-0.,-1.));
#5032 = DIRECTION('',(-0.,-1.,0.));
#5033 = ADVANCED_FACE('',(#5034),#5045,.F.);
#5034 = FACE_BOUND('',#5035,.T.);
#5035 = EDGE_LOOP('',(#5036,#5037,#5043,#5044));
#5036 = ORIENTED_EDGE('',*,*,#4003,.T.);
#5037 = ORIENTED_EDGE('',*,*,#5038,.T.);
#5038 = EDGE_CURVE('',#4004,#4403,#5039,.T.);
#5039 = LINE('',#5040,#5041);
#5040 = CARTESIAN_POINT('',(186.27,-60.27,-4.6E-02));
#5041 = VECTOR('',#5042,1.);
#5042 = DIRECTION('',(0.,0.,1.));
#5043 = ORIENTED_EDGE('',*,*,#4402,.F.);
#5044 = ORIENTED_EDGE('',*,*,#5038,.F.);
#5045 = CYLINDRICAL_SURFACE('',#5046,0.5);
#5046 = AXIS2_PLACEMENT_3D('',#5047,#5048,#5049);
#5047 = CARTESIAN_POINT('',(186.27,-59.77,-4.6E-02));
#5048 = DIRECTION('',(-0.,-0.,-1.));
#5049 = DIRECTION('',(-0.,-1.,0.));
#5050 = ADVANCED_FACE('',(#5051),#5062,.F.);
#5051 = FACE_BOUND('',#5052,.T.);
#5052 = EDGE_LOOP('',(#5053,#5054,#5060,#5061));
#5053 = ORIENTED_EDGE('',*,*,#4014,.T.);
#5054 = ORIENTED_EDGE('',*,*,#5055,.T.);
#5055 = EDGE_CURVE('',#4015,#4414,#5056,.T.);
#5056 = LINE('',#5057,#5058);
#5057 = CARTESIAN_POINT('',(188.81,-60.27,-4.6E-02));
#5058 = VECTOR('',#5059,1.);
#5059 = DIRECTION('',(0.,0.,1.));
#5060 = ORIENTED_EDGE('',*,*,#4413,.F.);
#5061 = ORIENTED_EDGE('',*,*,#5055,.F.);
#5062 = CYLINDRICAL_SURFACE('',#5063,0.5);
#5063 = AXIS2_PLACEMENT_3D('',#5064,#5065,#5066);
#5064 = CARTESIAN_POINT('',(188.81,-59.77,-4.6E-02));
#5065 = DIRECTION('',(-0.,-0.,-1.));
#5066 = DIRECTION('',(-0.,-1.,0.));
#5067 = ( GEOMETRIC_REPRESENTATION_CONTEXT(3) 
GLOBAL_UNCERTAINTY_ASSIGNED_CONTEXT((#5071)) 
GLOBAL_UNIT_ASSIGNED_CONTEXT((#5068,#5069,#5070)) REPRESENTATION_CONTEXT
('Context #1','3D Context with UNIT and UNCERTAINTY') );
#5068 = ( LENGTH_UNIT() NAMED_UNIT(*) SI_UNIT(.MILLI.,.METRE.) );
#5069 = ( NAMED_UNIT(*) PLANE_ANGLE_UNIT() SI_UNIT($,.RADIAN.) );
#5070 = ( NAMED_UNIT(*) SI_UNIT($,.STERADIAN.) SOLID_ANGLE_UNIT() );
#5071 = UNCERTAINTY_MEASURE_WITH_UNIT(LENGTH_MEASURE(1.E-07),#5068,
  'distance_accuracy_value','confusion accuracy');
#5072 = CONTEXT_DEPENDENT_SHAPE_REPRESENTATION(#5073,#5075);
#5073 = ( REPRESENTATION_RELATIONSHIP('','',#3521,#10) 
REPRESENTATION_RELATIONSHIP_WITH_TRANSFORMATION(#5074) 
SHAPE_REPRESENTATION_RELATIONSHIP() );
#5074 = ITEM_DEFINED_TRANSFORMATION('','',#11,#23);
#5075 = PRODUCT_DEFINITION_SHAPE('Placement','Placement of an item',
  #5076);
#5076 = NEXT_ASSEMBLY_USAGE_OCCURRENCE('3','=>[0:1:1:4]','',#5,#3516,$);
#5077 = PRODUCT_RELATED_PRODUCT_CATEGORY('part',$,(#3518));
#5078 = MECHANICAL_DESIGN_GEOMETRIC_PRESENTATION_REPRESENTATION('',(
    #5079),#5067);
#5079 = STYLED_ITEM('color',(#5080),#3522);
#5080 = PRESENTATION_STYLE_ASSIGNMENT((#5081));
#5081 = SURFACE_STYLE_USAGE(.BOTH.,#5082);
#5082 = SURFACE_SIDE_STYLE('',(#5083));
#5083 = SURFACE_STYLE_FILL_AREA(#5084);
#5084 = FILL_AREA_STYLE('',(#5085));
#5085 = FILL_AREA_STYLE_COLOUR('',#5086);
#5086 = COLOUR_RGB('',0.313304153717,0.484529207832,0.410020903123);
#5087 = MECHANICAL_DESIGN_GEOMETRIC_PRESENTATION_REPRESENTATION('',(
    #5088,#5096,#5103,#5110,#5117,#5124,#5132,#5139,#5146,#5153,#5160,
    #5167,#5174,#5181,#5188),#704);
#5088 = STYLED_ITEM('color',(#5089),#43);
#5089 = PRESENTATION_STYLE_ASSIGNMENT((#5090));
#5090 = SURFACE_STYLE_USAGE(.BOTH.,#5091);
#5091 = SURFACE_SIDE_STYLE('',(#5092));
#5092 = SURFACE_STYLE_FILL_AREA(#5093);
#5093 = FILL_AREA_STYLE('',(#5094));
#5094 = FILL_AREA_STYLE_COLOUR('',#5095);
#5095 = COLOUR_RGB('',0.883000012551,0.711000022565,0.492000011028);
#5096 = STYLED_ITEM('color',(#5097),#76);
#5097 = PRESENTATION_STYLE_ASSIGNMENT((#5098));
#5098 = SURFACE_STYLE_USAGE(.BOTH.,#5099);
#5099 = SURFACE_SIDE_STYLE('',(#5100));
#5100 = SURFACE_STYLE_FILL_AREA(#5101);
#5101 = FILL_AREA_STYLE('',(#5102));
#5102 = FILL_AREA_STYLE_COLOUR('',#5095);
#5103 = STYLED_ITEM('color',(#5104),#102);
#5104 = PRESENTATION_STYLE_ASSIGNMENT((#5105));
#5105 = SURFACE_STYLE_USAGE(.BOTH.,#5106);
#5106 = SURFACE_SIDE_STYLE('',(#5107));
#5107 = SURFACE_STYLE_FILL_AREA(#5108);
#5108 = FILL_AREA_STYLE('',(#5109));
#5109 = FILL_AREA_STYLE_COLOUR('',#5095);
#5110 = STYLED_ITEM('color',(#5111),#122);
#5111 = PRESENTATION_STYLE_ASSIGNMENT((#5112));
#5112 = SURFACE_STYLE_USAGE(.BOTH.,#5113);
#5113 = SURFACE_SIDE_STYLE('',(#5114));
#5114 = SURFACE_STYLE_FILL_AREA(#5115);
#5115 = FILL_AREA_STYLE('',(#5116));
#5116 = FILL_AREA_STYLE_COLOUR('',#5095);
#5117 = STYLED_ITEM('color',(#5118),#305);
#5118 = PRESENTATION_STYLE_ASSIGNMENT((#5119));
#5119 = SURFACE_STYLE_USAGE(.BOTH.,#5120);
#5120 = SURFACE_SIDE_STYLE('',(#5121));
#5121 = SURFACE_STYLE_FILL_AREA(#5122);
#5122 = FILL_AREA_STYLE('',(#5123));
#5123 = FILL_AREA_STYLE_COLOUR('',#5095);
#5124 = STYLED_ITEM('color',(#5125),#330);
#5125 = PRESENTATION_STYLE_ASSIGNMENT((#5126));
#5126 = SURFACE_STYLE_USAGE(.BOTH.,#5127);
#5127 = SURFACE_SIDE_STYLE('',(#5128));
#5128 = SURFACE_STYLE_FILL_AREA(#5129);
#5129 = FILL_AREA_STYLE('',(#5130));
#5130 = FILL_AREA_STYLE_COLOUR('',#5131);
#5131 = COLOUR_RGB('',0.823999987314,0.819999987296,0.781000009244);
#5132 = STYLED_ITEM('color',(#5133),#356);
#5133 = PRESENTATION_STYLE_ASSIGNMENT((#5134));
#5134 = SURFACE_STYLE_USAGE(.BOTH.,#5135);
#5135 = SURFACE_SIDE_STYLE('',(#5136));
#5136 = SURFACE_STYLE_FILL_AREA(#5137);
#5137 = FILL_AREA_STYLE('',(#5138));
#5138 = FILL_AREA_STYLE_COLOUR('',#5095);
#5139 = STYLED_ITEM('color',(#5140),#376);
#5140 = PRESENTATION_STYLE_ASSIGNMENT((#5141));
#5141 = SURFACE_STYLE_USAGE(.BOTH.,#5142);
#5142 = SURFACE_SIDE_STYLE('',(#5143));
#5143 = SURFACE_STYLE_FILL_AREA(#5144);
#5144 = FILL_AREA_STYLE('',(#5145));
#5145 = FILL_AREA_STYLE_COLOUR('',#5131);
#5146 = STYLED_ITEM('color',(#5147),#401);
#5147 = PRESENTATION_STYLE_ASSIGNMENT((#5148));
#5148 = SURFACE_STYLE_USAGE(.BOTH.,#5149);
#5149 = SURFACE_SIDE_STYLE('',(#5150));
#5150 = SURFACE_STYLE_FILL_AREA(#5151);
#5151 = FILL_AREA_STYLE('',(#5152));
#5152 = FILL_AREA_STYLE_COLOUR('',#5095);
#5153 = STYLED_ITEM('color',(#5154),#426);
#5154 = PRESENTATION_STYLE_ASSIGNMENT((#5155));
#5155 = SURFACE_STYLE_USAGE(.BOTH.,#5156);
#5156 = SURFACE_SIDE_STYLE('',(#5157));
#5157 = SURFACE_STYLE_FILL_AREA(#5158);
#5158 = FILL_AREA_STYLE('',(#5159));
#5159 = FILL_AREA_STYLE_COLOUR('',#5131);
#5160 = STYLED_ITEM('color',(#5161),#435);
#5161 = PRESENTATION_STYLE_ASSIGNMENT((#5162));
#5162 = SURFACE_STYLE_USAGE(.BOTH.,#5163);
#5163 = SURFACE_SIDE_STYLE('',(#5164));
#5164 = SURFACE_STYLE_FILL_AREA(#5165);
#5165 = FILL_AREA_STYLE('',(#5166));
#5166 = FILL_AREA_STYLE_COLOUR('',#5095);
#5167 = STYLED_ITEM('color',(#5168),#461);
#5168 = PRESENTATION_STYLE_ASSIGNMENT((#5169));
#5169 = SURFACE_STYLE_USAGE(.BOTH.,#5170);
#5170 = SURFACE_SIDE_STYLE('',(#5171));
#5171 = SURFACE_STYLE_FILL_AREA(#5172);
#5172 = FILL_AREA_STYLE('',(#5173));
#5173 = FILL_AREA_STYLE_COLOUR('',#5095);
#5174 = STYLED_ITEM('color',(#5175),#644);
#5175 = PRESENTATION_STYLE_ASSIGNMENT((#5176));
#5176 = SURFACE_STYLE_USAGE(.BOTH.,#5177);
#5177 = SURFACE_SIDE_STYLE('',(#5178));
#5178 = SURFACE_STYLE_FILL_AREA(#5179);
#5179 = FILL_AREA_STYLE('',(#5180));
#5180 = FILL_AREA_STYLE_COLOUR('',#5131);
#5181 = STYLED_ITEM('color',(#5182),#670);
#5182 = PRESENTATION_STYLE_ASSIGNMENT((#5183));
#5183 = SURFACE_STYLE_USAGE(.BOTH.,#5184);
#5184 = SURFACE_SIDE_STYLE('',(#5185));
#5185 = SURFACE_STYLE_FILL_AREA(#5186);
#5186 = FILL_AREA_STYLE('',(#5187));
#5187 = FILL_AREA_STYLE_COLOUR('',#5131);
#5188 = STYLED_ITEM('color',(#5189),#695);
#5189 = PRESENTATION_STYLE_ASSIGNMENT((#5190));
#5190 = SURFACE_STYLE_USAGE(.BOTH.,#5191);
#5191 = SURFACE_SIDE_STYLE('',(#5192));
#5192 = SURFACE_STYLE_FILL_AREA(#5193);
#5193 = FILL_AREA_STYLE('',(#5194));
#5194 = FILL_AREA_STYLE_COLOUR('',#5131);
#5195 = MECHANICAL_DESIGN_GEOMETRIC_PRESENTATION_REPRESENTATION('',(
    #5196,#5204,#5211,#5218,#5225,#5232,#5239,#5246,#5253,#5260,#5267,
    #5274,#5281,#5288,#5295,#5302,#5309,#5316,#5323,#5330,#5337,#5344,
    #5351,#5358,#5365,#5372,#5379,#5386,#5393,#5401,#5408,#5415,#5422,
    #5429,#5436,#5443,#5450,#5457,#5464,#5471,#5478,#5485,#5492,#5499,
    #5506,#5513,#5520,#5527,#5534,#5541,#5548,#5555,#5562,#5569,#5576,
    #5583,#5590,#5597,#5604,#5611,#5618,#5625,#5632,#5639,#5646,#5653,
    #5660,#5667,#5674,#5681,#5688,#5695,#5702,#5709,#5716,#5723,#5730,
    #5737,#5744,#5751,#5758,#5765,#5772,#5779,#5786,#5793,#5800,#5807,
    #5814,#5821,#5828,#5835,#5842,#5849,#5856,#5863,#5870,#5877,#5884,
    #5891),#3503);
#5196 = STYLED_ITEM('color',(#5197),#725);
#5197 = PRESENTATION_STYLE_ASSIGNMENT((#5198));
#5198 = SURFACE_STYLE_USAGE(.BOTH.,#5199);
#5199 = SURFACE_SIDE_STYLE('',(#5200));
#5200 = SURFACE_STYLE_FILL_AREA(#5201);
#5201 = FILL_AREA_STYLE('',(#5202));
#5202 = FILL_AREA_STYLE_COLOUR('',#5203);
#5203 = COLOUR_RGB('',0.147999998088,0.144999993226,0.144999993226);
#5204 = STYLED_ITEM('color',(#5205),#765);
#5205 = PRESENTATION_STYLE_ASSIGNMENT((#5206));
#5206 = SURFACE_STYLE_USAGE(.BOTH.,#5207);
#5207 = SURFACE_SIDE_STYLE('',(#5208));
#5208 = SURFACE_STYLE_FILL_AREA(#5209);
#5209 = FILL_AREA_STYLE('',(#5210));
#5210 = FILL_AREA_STYLE_COLOUR('',#5203);
#5211 = STYLED_ITEM('color',(#5212),#796);
#5212 = PRESENTATION_STYLE_ASSIGNMENT((#5213));
#5213 = SURFACE_STYLE_USAGE(.BOTH.,#5214);
#5214 = SURFACE_SIDE_STYLE('',(#5215));
#5215 = SURFACE_STYLE_FILL_AREA(#5216);
#5216 = FILL_AREA_STYLE('',(#5217));
#5217 = FILL_AREA_STYLE_COLOUR('',#5203);
#5218 = STYLED_ITEM('color',(#5219),#827);
#5219 = PRESENTATION_STYLE_ASSIGNMENT((#5220));
#5220 = SURFACE_STYLE_USAGE(.BOTH.,#5221);
#5221 = SURFACE_SIDE_STYLE('',(#5222));
#5222 = SURFACE_STYLE_FILL_AREA(#5223);
#5223 = FILL_AREA_STYLE('',(#5224));
#5224 = FILL_AREA_STYLE_COLOUR('',#5203);
#5225 = STYLED_ITEM('color',(#5226),#1156);
#5226 = PRESENTATION_STYLE_ASSIGNMENT((#5227));
#5227 = SURFACE_STYLE_USAGE(.BOTH.,#5228);
#5228 = SURFACE_SIDE_STYLE('',(#5229));
#5229 = SURFACE_STYLE_FILL_AREA(#5230);
#5230 = FILL_AREA_STYLE('',(#5231));
#5231 = FILL_AREA_STYLE_COLOUR('',#5203);
#5232 = STYLED_ITEM('color',(#5233),#1485);
#5233 = PRESENTATION_STYLE_ASSIGNMENT((#5234));
#5234 = SURFACE_STYLE_USAGE(.BOTH.,#5235);
#5235 = SURFACE_SIDE_STYLE('',(#5236));
#5236 = SURFACE_STYLE_FILL_AREA(#5237);
#5237 = FILL_AREA_STYLE('',(#5238));
#5238 = FILL_AREA_STYLE_COLOUR('',#5203);
#5239 = STYLED_ITEM('color',(#5240),#1502);
#5240 = PRESENTATION_STYLE_ASSIGNMENT((#5241));
#5241 = SURFACE_STYLE_USAGE(.BOTH.,#5242);
#5242 = SURFACE_SIDE_STYLE('',(#5243));
#5243 = SURFACE_STYLE_FILL_AREA(#5244);
#5244 = FILL_AREA_STYLE('',(#5245));
#5245 = FILL_AREA_STYLE_COLOUR('',#5203);
#5246 = STYLED_ITEM('color',(#5247),#1519);
#5247 = PRESENTATION_STYLE_ASSIGNMENT((#5248));
#5248 = SURFACE_STYLE_USAGE(.BOTH.,#5249);
#5249 = SURFACE_SIDE_STYLE('',(#5250));
#5250 = SURFACE_STYLE_FILL_AREA(#5251);
#5251 = FILL_AREA_STYLE('',(#5252));
#5252 = FILL_AREA_STYLE_COLOUR('',#5203);
#5253 = STYLED_ITEM('color',(#5254),#1536);
#5254 = PRESENTATION_STYLE_ASSIGNMENT((#5255));
#5255 = SURFACE_STYLE_USAGE(.BOTH.,#5256);
#5256 = SURFACE_SIDE_STYLE('',(#5257));
#5257 = SURFACE_STYLE_FILL_AREA(#5258);
#5258 = FILL_AREA_STYLE('',(#5259));
#5259 = FILL_AREA_STYLE_COLOUR('',#5203);
#5260 = STYLED_ITEM('color',(#5261),#1553);
#5261 = PRESENTATION_STYLE_ASSIGNMENT((#5262));
#5262 = SURFACE_STYLE_USAGE(.BOTH.,#5263);
#5263 = SURFACE_SIDE_STYLE('',(#5264));
#5264 = SURFACE_STYLE_FILL_AREA(#5265);
#5265 = FILL_AREA_STYLE('',(#5266));
#5266 = FILL_AREA_STYLE_COLOUR('',#5203);
#5267 = STYLED_ITEM('color',(#5268),#1570);
#5268 = PRESENTATION_STYLE_ASSIGNMENT((#5269));
#5269 = SURFACE_STYLE_USAGE(.BOTH.,#5270);
#5270 = SURFACE_SIDE_STYLE('',(#5271));
#5271 = SURFACE_STYLE_FILL_AREA(#5272);
#5272 = FILL_AREA_STYLE('',(#5273));
#5273 = FILL_AREA_STYLE_COLOUR('',#5203);
#5274 = STYLED_ITEM('color',(#5275),#1587);
#5275 = PRESENTATION_STYLE_ASSIGNMENT((#5276));
#5276 = SURFACE_STYLE_USAGE(.BOTH.,#5277);
#5277 = SURFACE_SIDE_STYLE('',(#5278));
#5278 = SURFACE_STYLE_FILL_AREA(#5279);
#5279 = FILL_AREA_STYLE('',(#5280));
#5280 = FILL_AREA_STYLE_COLOUR('',#5203);
#5281 = STYLED_ITEM('color',(#5282),#1604);
#5282 = PRESENTATION_STYLE_ASSIGNMENT((#5283));
#5283 = SURFACE_STYLE_USAGE(.BOTH.,#5284);
#5284 = SURFACE_SIDE_STYLE('',(#5285));
#5285 = SURFACE_STYLE_FILL_AREA(#5286);
#5286 = FILL_AREA_STYLE('',(#5287));
#5287 = FILL_AREA_STYLE_COLOUR('',#5203);
#5288 = STYLED_ITEM('color',(#5289),#1621);
#5289 = PRESENTATION_STYLE_ASSIGNMENT((#5290));
#5290 = SURFACE_STYLE_USAGE(.BOTH.,#5291);
#5291 = SURFACE_SIDE_STYLE('',(#5292));
#5292 = SURFACE_STYLE_FILL_AREA(#5293);
#5293 = FILL_AREA_STYLE('',(#5294));
#5294 = FILL_AREA_STYLE_COLOUR('',#5203);
#5295 = STYLED_ITEM('color',(#5296),#1638);
#5296 = PRESENTATION_STYLE_ASSIGNMENT((#5297));
#5297 = SURFACE_STYLE_USAGE(.BOTH.,#5298);
#5298 = SURFACE_SIDE_STYLE('',(#5299));
#5299 = SURFACE_STYLE_FILL_AREA(#5300);
#5300 = FILL_AREA_STYLE('',(#5301));
#5301 = FILL_AREA_STYLE_COLOUR('',#5203);
#5302 = STYLED_ITEM('color',(#5303),#1655);
#5303 = PRESENTATION_STYLE_ASSIGNMENT((#5304));
#5304 = SURFACE_STYLE_USAGE(.BOTH.,#5305);
#5305 = SURFACE_SIDE_STYLE('',(#5306));
#5306 = SURFACE_STYLE_FILL_AREA(#5307);
#5307 = FILL_AREA_STYLE('',(#5308));
#5308 = FILL_AREA_STYLE_COLOUR('',#5203);
#5309 = STYLED_ITEM('color',(#5310),#1672);
#5310 = PRESENTATION_STYLE_ASSIGNMENT((#5311));
#5311 = SURFACE_STYLE_USAGE(.BOTH.,#5312);
#5312 = SURFACE_SIDE_STYLE('',(#5313));
#5313 = SURFACE_STYLE_FILL_AREA(#5314);
#5314 = FILL_AREA_STYLE('',(#5315));
#5315 = FILL_AREA_STYLE_COLOUR('',#5203);
#5316 = STYLED_ITEM('color',(#5317),#1689);
#5317 = PRESENTATION_STYLE_ASSIGNMENT((#5318));
#5318 = SURFACE_STYLE_USAGE(.BOTH.,#5319);
#5319 = SURFACE_SIDE_STYLE('',(#5320));
#5320 = SURFACE_STYLE_FILL_AREA(#5321);
#5321 = FILL_AREA_STYLE('',(#5322));
#5322 = FILL_AREA_STYLE_COLOUR('',#5203);
#5323 = STYLED_ITEM('color',(#5324),#1706);
#5324 = PRESENTATION_STYLE_ASSIGNMENT((#5325));
#5325 = SURFACE_STYLE_USAGE(.BOTH.,#5326);
#5326 = SURFACE_SIDE_STYLE('',(#5327));
#5327 = SURFACE_STYLE_FILL_AREA(#5328);
#5328 = FILL_AREA_STYLE('',(#5329));
#5329 = FILL_AREA_STYLE_COLOUR('',#5203);
#5330 = STYLED_ITEM('color',(#5331),#1723);
#5331 = PRESENTATION_STYLE_ASSIGNMENT((#5332));
#5332 = SURFACE_STYLE_USAGE(.BOTH.,#5333);
#5333 = SURFACE_SIDE_STYLE('',(#5334));
#5334 = SURFACE_STYLE_FILL_AREA(#5335);
#5335 = FILL_AREA_STYLE('',(#5336));
#5336 = FILL_AREA_STYLE_COLOUR('',#5203);
#5337 = STYLED_ITEM('color',(#5338),#1740);
#5338 = PRESENTATION_STYLE_ASSIGNMENT((#5339));
#5339 = SURFACE_STYLE_USAGE(.BOTH.,#5340);
#5340 = SURFACE_SIDE_STYLE('',(#5341));
#5341 = SURFACE_STYLE_FILL_AREA(#5342);
#5342 = FILL_AREA_STYLE('',(#5343));
#5343 = FILL_AREA_STYLE_COLOUR('',#5203);
#5344 = STYLED_ITEM('color',(#5345),#1757);
#5345 = PRESENTATION_STYLE_ASSIGNMENT((#5346));
#5346 = SURFACE_STYLE_USAGE(.BOTH.,#5347);
#5347 = SURFACE_SIDE_STYLE('',(#5348));
#5348 = SURFACE_STYLE_FILL_AREA(#5349);
#5349 = FILL_AREA_STYLE('',(#5350));
#5350 = FILL_AREA_STYLE_COLOUR('',#5203);
#5351 = STYLED_ITEM('color',(#5352),#1774);
#5352 = PRESENTATION_STYLE_ASSIGNMENT((#5353));
#5353 = SURFACE_STYLE_USAGE(.BOTH.,#5354);
#5354 = SURFACE_SIDE_STYLE('',(#5355));
#5355 = SURFACE_STYLE_FILL_AREA(#5356);
#5356 = FILL_AREA_STYLE('',(#5357));
#5357 = FILL_AREA_STYLE_COLOUR('',#5203);
#5358 = STYLED_ITEM('color',(#5359),#1791);
#5359 = PRESENTATION_STYLE_ASSIGNMENT((#5360));
#5360 = SURFACE_STYLE_USAGE(.BOTH.,#5361);
#5361 = SURFACE_SIDE_STYLE('',(#5362));
#5362 = SURFACE_STYLE_FILL_AREA(#5363);
#5363 = FILL_AREA_STYLE('',(#5364));
#5364 = FILL_AREA_STYLE_COLOUR('',#5203);
#5365 = STYLED_ITEM('color',(#5366),#1808);
#5366 = PRESENTATION_STYLE_ASSIGNMENT((#5367));
#5367 = SURFACE_STYLE_USAGE(.BOTH.,#5368);
#5368 = SURFACE_SIDE_STYLE('',(#5369));
#5369 = SURFACE_STYLE_FILL_AREA(#5370);
#5370 = FILL_AREA_STYLE('',(#5371));
#5371 = FILL_AREA_STYLE_COLOUR('',#5203);
#5372 = STYLED_ITEM('color',(#5373),#1825);
#5373 = PRESENTATION_STYLE_ASSIGNMENT((#5374));
#5374 = SURFACE_STYLE_USAGE(.BOTH.,#5375);
#5375 = SURFACE_SIDE_STYLE('',(#5376));
#5376 = SURFACE_STYLE_FILL_AREA(#5377);
#5377 = FILL_AREA_STYLE('',(#5378));
#5378 = FILL_AREA_STYLE_COLOUR('',#5203);
#5379 = STYLED_ITEM('color',(#5380),#1842);
#5380 = PRESENTATION_STYLE_ASSIGNMENT((#5381));
#5381 = SURFACE_STYLE_USAGE(.BOTH.,#5382);
#5382 = SURFACE_SIDE_STYLE('',(#5383));
#5383 = SURFACE_STYLE_FILL_AREA(#5384);
#5384 = FILL_AREA_STYLE('',(#5385));
#5385 = FILL_AREA_STYLE_COLOUR('',#5203);
#5386 = STYLED_ITEM('color',(#5387),#1859);
#5387 = PRESENTATION_STYLE_ASSIGNMENT((#5388));
#5388 = SURFACE_STYLE_USAGE(.BOTH.,#5389);
#5389 = SURFACE_SIDE_STYLE('',(#5390));
#5390 = SURFACE_STYLE_FILL_AREA(#5391);
#5391 = FILL_AREA_STYLE('',(#5392));
#5392 = FILL_AREA_STYLE_COLOUR('',#5203);
#5393 = STYLED_ITEM('color',(#5394),#1871);
#5394 = PRESENTATION_STYLE_ASSIGNMENT((#5395));
#5395 = SURFACE_STYLE_USAGE(.BOTH.,#5396);
#5396 = SURFACE_SIDE_STYLE('',(#5397));
#5397 = SURFACE_STYLE_FILL_AREA(#5398);
#5398 = FILL_AREA_STYLE('',(#5399));
#5399 = FILL_AREA_STYLE_COLOUR('',#5400);
#5400 = COLOUR_RGB('',0.859000020776,0.737999965183,0.495999988746);
#5401 = STYLED_ITEM('color',(#5402),#1902);
#5402 = PRESENTATION_STYLE_ASSIGNMENT((#5403));
#5403 = SURFACE_STYLE_USAGE(.BOTH.,#5404);
#5404 = SURFACE_SIDE_STYLE('',(#5405));
#5405 = SURFACE_STYLE_FILL_AREA(#5406);
#5406 = FILL_AREA_STYLE('',(#5407));
#5407 = FILL_AREA_STYLE_COLOUR('',#5400);
#5408 = STYLED_ITEM('color',(#5409),#1926);
#5409 = PRESENTATION_STYLE_ASSIGNMENT((#5410));
#5410 = SURFACE_STYLE_USAGE(.BOTH.,#5411);
#5411 = SURFACE_SIDE_STYLE('',(#5412));
#5412 = SURFACE_STYLE_FILL_AREA(#5413);
#5413 = FILL_AREA_STYLE('',(#5414));
#5414 = FILL_AREA_STYLE_COLOUR('',#5400);
#5415 = STYLED_ITEM('color',(#5416),#1950);
#5416 = PRESENTATION_STYLE_ASSIGNMENT((#5417));
#5417 = SURFACE_STYLE_USAGE(.BOTH.,#5418);
#5418 = SURFACE_SIDE_STYLE('',(#5419));
#5419 = SURFACE_STYLE_FILL_AREA(#5420);
#5420 = FILL_AREA_STYLE('',(#5421));
#5421 = FILL_AREA_STYLE_COLOUR('',#5400);
#5422 = STYLED_ITEM('color',(#5423),#1967);
#5423 = PRESENTATION_STYLE_ASSIGNMENT((#5424));
#5424 = SURFACE_STYLE_USAGE(.BOTH.,#5425);
#5425 = SURFACE_SIDE_STYLE('',(#5426));
#5426 = SURFACE_STYLE_FILL_AREA(#5427);
#5427 = FILL_AREA_STYLE('',(#5428));
#5428 = FILL_AREA_STYLE_COLOUR('',#5400);
#5429 = STYLED_ITEM('color',(#5430),#1998);
#5430 = PRESENTATION_STYLE_ASSIGNMENT((#5431));
#5431 = SURFACE_STYLE_USAGE(.BOTH.,#5432);
#5432 = SURFACE_SIDE_STYLE('',(#5433));
#5433 = SURFACE_STYLE_FILL_AREA(#5434);
#5434 = FILL_AREA_STYLE('',(#5435));
#5435 = FILL_AREA_STYLE_COLOUR('',#5400);
#5436 = STYLED_ITEM('color',(#5437),#2022);
#5437 = PRESENTATION_STYLE_ASSIGNMENT((#5438));
#5438 = SURFACE_STYLE_USAGE(.BOTH.,#5439);
#5439 = SURFACE_SIDE_STYLE('',(#5440));
#5440 = SURFACE_STYLE_FILL_AREA(#5441);
#5441 = FILL_AREA_STYLE('',(#5442));
#5442 = FILL_AREA_STYLE_COLOUR('',#5400);
#5443 = STYLED_ITEM('color',(#5444),#2046);
#5444 = PRESENTATION_STYLE_ASSIGNMENT((#5445));
#5445 = SURFACE_STYLE_USAGE(.BOTH.,#5446);
#5446 = SURFACE_SIDE_STYLE('',(#5447));
#5447 = SURFACE_STYLE_FILL_AREA(#5448);
#5448 = FILL_AREA_STYLE('',(#5449));
#5449 = FILL_AREA_STYLE_COLOUR('',#5400);
#5450 = STYLED_ITEM('color',(#5451),#2063);
#5451 = PRESENTATION_STYLE_ASSIGNMENT((#5452));
#5452 = SURFACE_STYLE_USAGE(.BOTH.,#5453);
#5453 = SURFACE_SIDE_STYLE('',(#5454));
#5454 = SURFACE_STYLE_FILL_AREA(#5455);
#5455 = FILL_AREA_STYLE('',(#5456));
#5456 = FILL_AREA_STYLE_COLOUR('',#5400);
#5457 = STYLED_ITEM('color',(#5458),#2094);
#5458 = PRESENTATION_STYLE_ASSIGNMENT((#5459));
#5459 = SURFACE_STYLE_USAGE(.BOTH.,#5460);
#5460 = SURFACE_SIDE_STYLE('',(#5461));
#5461 = SURFACE_STYLE_FILL_AREA(#5462);
#5462 = FILL_AREA_STYLE('',(#5463));
#5463 = FILL_AREA_STYLE_COLOUR('',#5400);
#5464 = STYLED_ITEM('color',(#5465),#2118);
#5465 = PRESENTATION_STYLE_ASSIGNMENT((#5466));
#5466 = SURFACE_STYLE_USAGE(.BOTH.,#5467);
#5467 = SURFACE_SIDE_STYLE('',(#5468));
#5468 = SURFACE_STYLE_FILL_AREA(#5469);
#5469 = FILL_AREA_STYLE('',(#5470));
#5470 = FILL_AREA_STYLE_COLOUR('',#5400);
#5471 = STYLED_ITEM('color',(#5472),#2142);
#5472 = PRESENTATION_STYLE_ASSIGNMENT((#5473));
#5473 = SURFACE_STYLE_USAGE(.BOTH.,#5474);
#5474 = SURFACE_SIDE_STYLE('',(#5475));
#5475 = SURFACE_STYLE_FILL_AREA(#5476);
#5476 = FILL_AREA_STYLE('',(#5477));
#5477 = FILL_AREA_STYLE_COLOUR('',#5400);
#5478 = STYLED_ITEM('color',(#5479),#2159);
#5479 = PRESENTATION_STYLE_ASSIGNMENT((#5480));
#5480 = SURFACE_STYLE_USAGE(.BOTH.,#5481);
#5481 = SURFACE_SIDE_STYLE('',(#5482));
#5482 = SURFACE_STYLE_FILL_AREA(#5483);
#5483 = FILL_AREA_STYLE('',(#5484));
#5484 = FILL_AREA_STYLE_COLOUR('',#5400);
#5485 = STYLED_ITEM('color',(#5486),#2190);
#5486 = PRESENTATION_STYLE_ASSIGNMENT((#5487));
#5487 = SURFACE_STYLE_USAGE(.BOTH.,#5488);
#5488 = SURFACE_SIDE_STYLE('',(#5489));
#5489 = SURFACE_STYLE_FILL_AREA(#5490);
#5490 = FILL_AREA_STYLE('',(#5491));
#5491 = FILL_AREA_STYLE_COLOUR('',#5400);
#5492 = STYLED_ITEM('color',(#5493),#2214);
#5493 = PRESENTATION_STYLE_ASSIGNMENT((#5494));
#5494 = SURFACE_STYLE_USAGE(.BOTH.,#5495);
#5495 = SURFACE_SIDE_STYLE('',(#5496));
#5496 = SURFACE_STYLE_FILL_AREA(#5497);
#5497 = FILL_AREA_STYLE('',(#5498));
#5498 = FILL_AREA_STYLE_COLOUR('',#5400);
#5499 = STYLED_ITEM('color',(#5500),#2238);
#5500 = PRESENTATION_STYLE_ASSIGNMENT((#5501));
#5501 = SURFACE_STYLE_USAGE(.BOTH.,#5502);
#5502 = SURFACE_SIDE_STYLE('',(#5503));
#5503 = SURFACE_STYLE_FILL_AREA(#5504);
#5504 = FILL_AREA_STYLE('',(#5505));
#5505 = FILL_AREA_STYLE_COLOUR('',#5400);
#5506 = STYLED_ITEM('color',(#5507),#2255);
#5507 = PRESENTATION_STYLE_ASSIGNMENT((#5508));
#5508 = SURFACE_STYLE_USAGE(.BOTH.,#5509);
#5509 = SURFACE_SIDE_STYLE('',(#5510));
#5510 = SURFACE_STYLE_FILL_AREA(#5511);
#5511 = FILL_AREA_STYLE('',(#5512));
#5512 = FILL_AREA_STYLE_COLOUR('',#5400);
#5513 = STYLED_ITEM('color',(#5514),#2286);
#5514 = PRESENTATION_STYLE_ASSIGNMENT((#5515));
#5515 = SURFACE_STYLE_USAGE(.BOTH.,#5516);
#5516 = SURFACE_SIDE_STYLE('',(#5517));
#5517 = SURFACE_STYLE_FILL_AREA(#5518);
#5518 = FILL_AREA_STYLE('',(#5519));
#5519 = FILL_AREA_STYLE_COLOUR('',#5400);
#5520 = STYLED_ITEM('color',(#5521),#2310);
#5521 = PRESENTATION_STYLE_ASSIGNMENT((#5522));
#5522 = SURFACE_STYLE_USAGE(.BOTH.,#5523);
#5523 = SURFACE_SIDE_STYLE('',(#5524));
#5524 = SURFACE_STYLE_FILL_AREA(#5525);
#5525 = FILL_AREA_STYLE('',(#5526));
#5526 = FILL_AREA_STYLE_COLOUR('',#5400);
#5527 = STYLED_ITEM('color',(#5528),#2334);
#5528 = PRESENTATION_STYLE_ASSIGNMENT((#5529));
#5529 = SURFACE_STYLE_USAGE(.BOTH.,#5530);
#5530 = SURFACE_SIDE_STYLE('',(#5531));
#5531 = SURFACE_STYLE_FILL_AREA(#5532);
#5532 = FILL_AREA_STYLE('',(#5533));
#5533 = FILL_AREA_STYLE_COLOUR('',#5400);
#5534 = STYLED_ITEM('color',(#5535),#2351);
#5535 = PRESENTATION_STYLE_ASSIGNMENT((#5536));
#5536 = SURFACE_STYLE_USAGE(.BOTH.,#5537);
#5537 = SURFACE_SIDE_STYLE('',(#5538));
#5538 = SURFACE_STYLE_FILL_AREA(#5539);
#5539 = FILL_AREA_STYLE('',(#5540));
#5540 = FILL_AREA_STYLE_COLOUR('',#5400);
#5541 = STYLED_ITEM('color',(#5542),#2382);
#5542 = PRESENTATION_STYLE_ASSIGNMENT((#5543));
#5543 = SURFACE_STYLE_USAGE(.BOTH.,#5544);
#5544 = SURFACE_SIDE_STYLE('',(#5545));
#5545 = SURFACE_STYLE_FILL_AREA(#5546);
#5546 = FILL_AREA_STYLE('',(#5547));
#5547 = FILL_AREA_STYLE_COLOUR('',#5400);
#5548 = STYLED_ITEM('color',(#5549),#2406);
#5549 = PRESENTATION_STYLE_ASSIGNMENT((#5550));
#5550 = SURFACE_STYLE_USAGE(.BOTH.,#5551);
#5551 = SURFACE_SIDE_STYLE('',(#5552));
#5552 = SURFACE_STYLE_FILL_AREA(#5553);
#5553 = FILL_AREA_STYLE('',(#5554));
#5554 = FILL_AREA_STYLE_COLOUR('',#5400);
#5555 = STYLED_ITEM('color',(#5556),#2430);
#5556 = PRESENTATION_STYLE_ASSIGNMENT((#5557));
#5557 = SURFACE_STYLE_USAGE(.BOTH.,#5558);
#5558 = SURFACE_SIDE_STYLE('',(#5559));
#5559 = SURFACE_STYLE_FILL_AREA(#5560);
#5560 = FILL_AREA_STYLE('',(#5561));
#5561 = FILL_AREA_STYLE_COLOUR('',#5400);
#5562 = STYLED_ITEM('color',(#5563),#2447);
#5563 = PRESENTATION_STYLE_ASSIGNMENT((#5564));
#5564 = SURFACE_STYLE_USAGE(.BOTH.,#5565);
#5565 = SURFACE_SIDE_STYLE('',(#5566));
#5566 = SURFACE_STYLE_FILL_AREA(#5567);
#5567 = FILL_AREA_STYLE('',(#5568));
#5568 = FILL_AREA_STYLE_COLOUR('',#5400);
#5569 = STYLED_ITEM('color',(#5570),#2478);
#5570 = PRESENTATION_STYLE_ASSIGNMENT((#5571));
#5571 = SURFACE_STYLE_USAGE(.BOTH.,#5572);
#5572 = SURFACE_SIDE_STYLE('',(#5573));
#5573 = SURFACE_STYLE_FILL_AREA(#5574);
#5574 = FILL_AREA_STYLE('',(#5575));
#5575 = FILL_AREA_STYLE_COLOUR('',#5400);
#5576 = STYLED_ITEM('color',(#5577),#2502);
#5577 = PRESENTATION_STYLE_ASSIGNMENT((#5578));
#5578 = SURFACE_STYLE_USAGE(.BOTH.,#5579);
#5579 = SURFACE_SIDE_STYLE('',(#5580));
#5580 = SURFACE_STYLE_FILL_AREA(#5581);
#5581 = FILL_AREA_STYLE('',(#5582));
#5582 = FILL_AREA_STYLE_COLOUR('',#5400);
#5583 = STYLED_ITEM('color',(#5584),#2526);
#5584 = PRESENTATION_STYLE_ASSIGNMENT((#5585));
#5585 = SURFACE_STYLE_USAGE(.BOTH.,#5586);
#5586 = SURFACE_SIDE_STYLE('',(#5587));
#5587 = SURFACE_STYLE_FILL_AREA(#5588);
#5588 = FILL_AREA_STYLE('',(#5589));
#5589 = FILL_AREA_STYLE_COLOUR('',#5400);
#5590 = STYLED_ITEM('color',(#5591),#2543);
#5591 = PRESENTATION_STYLE_ASSIGNMENT((#5592));
#5592 = SURFACE_STYLE_USAGE(.BOTH.,#5593);
#5593 = SURFACE_SIDE_STYLE('',(#5594));
#5594 = SURFACE_STYLE_FILL_AREA(#5595);
#5595 = FILL_AREA_STYLE('',(#5596));
#5596 = FILL_AREA_STYLE_COLOUR('',#5400);
#5597 = STYLED_ITEM('color',(#5598),#2574);
#5598 = PRESENTATION_STYLE_ASSIGNMENT((#5599));
#5599 = SURFACE_STYLE_USAGE(.BOTH.,#5600);
#5600 = SURFACE_SIDE_STYLE('',(#5601));
#5601 = SURFACE_STYLE_FILL_AREA(#5602);
#5602 = FILL_AREA_STYLE('',(#5603));
#5603 = FILL_AREA_STYLE_COLOUR('',#5400);
#5604 = STYLED_ITEM('color',(#5605),#2598);
#5605 = PRESENTATION_STYLE_ASSIGNMENT((#5606));
#5606 = SURFACE_STYLE_USAGE(.BOTH.,#5607);
#5607 = SURFACE_SIDE_STYLE('',(#5608));
#5608 = SURFACE_STYLE_FILL_AREA(#5609);
#5609 = FILL_AREA_STYLE('',(#5610));
#5610 = FILL_AREA_STYLE_COLOUR('',#5400);
#5611 = STYLED_ITEM('color',(#5612),#2622);
#5612 = PRESENTATION_STYLE_ASSIGNMENT((#5613));
#5613 = SURFACE_STYLE_USAGE(.BOTH.,#5614);
#5614 = SURFACE_SIDE_STYLE('',(#5615));
#5615 = SURFACE_STYLE_FILL_AREA(#5616);
#5616 = FILL_AREA_STYLE('',(#5617));
#5617 = FILL_AREA_STYLE_COLOUR('',#5400);
#5618 = STYLED_ITEM('color',(#5619),#2639);
#5619 = PRESENTATION_STYLE_ASSIGNMENT((#5620));
#5620 = SURFACE_STYLE_USAGE(.BOTH.,#5621);
#5621 = SURFACE_SIDE_STYLE('',(#5622));
#5622 = SURFACE_STYLE_FILL_AREA(#5623);
#5623 = FILL_AREA_STYLE('',(#5624));
#5624 = FILL_AREA_STYLE_COLOUR('',#5400);
#5625 = STYLED_ITEM('color',(#5626),#2670);
#5626 = PRESENTATION_STYLE_ASSIGNMENT((#5627));
#5627 = SURFACE_STYLE_USAGE(.BOTH.,#5628);
#5628 = SURFACE_SIDE_STYLE('',(#5629));
#5629 = SURFACE_STYLE_FILL_AREA(#5630);
#5630 = FILL_AREA_STYLE('',(#5631));
#5631 = FILL_AREA_STYLE_COLOUR('',#5400);
#5632 = STYLED_ITEM('color',(#5633),#2694);
#5633 = PRESENTATION_STYLE_ASSIGNMENT((#5634));
#5634 = SURFACE_STYLE_USAGE(.BOTH.,#5635);
#5635 = SURFACE_SIDE_STYLE('',(#5636));
#5636 = SURFACE_STYLE_FILL_AREA(#5637);
#5637 = FILL_AREA_STYLE('',(#5638));
#5638 = FILL_AREA_STYLE_COLOUR('',#5400);
#5639 = STYLED_ITEM('color',(#5640),#2718);
#5640 = PRESENTATION_STYLE_ASSIGNMENT((#5641));
#5641 = SURFACE_STYLE_USAGE(.BOTH.,#5642);
#5642 = SURFACE_SIDE_STYLE('',(#5643));
#5643 = SURFACE_STYLE_FILL_AREA(#5644);
#5644 = FILL_AREA_STYLE('',(#5645));
#5645 = FILL_AREA_STYLE_COLOUR('',#5400);
#5646 = STYLED_ITEM('color',(#5647),#2735);
#5647 = PRESENTATION_STYLE_ASSIGNMENT((#5648));
#5648 = SURFACE_STYLE_USAGE(.BOTH.,#5649);
#5649 = SURFACE_SIDE_STYLE('',(#5650));
#5650 = SURFACE_STYLE_FILL_AREA(#5651);
#5651 = FILL_AREA_STYLE('',(#5652));
#5652 = FILL_AREA_STYLE_COLOUR('',#5400);
#5653 = STYLED_ITEM('color',(#5654),#2766);
#5654 = PRESENTATION_STYLE_ASSIGNMENT((#5655));
#5655 = SURFACE_STYLE_USAGE(.BOTH.,#5656);
#5656 = SURFACE_SIDE_STYLE('',(#5657));
#5657 = SURFACE_STYLE_FILL_AREA(#5658);
#5658 = FILL_AREA_STYLE('',(#5659));
#5659 = FILL_AREA_STYLE_COLOUR('',#5400);
#5660 = STYLED_ITEM('color',(#5661),#2790);
#5661 = PRESENTATION_STYLE_ASSIGNMENT((#5662));
#5662 = SURFACE_STYLE_USAGE(.BOTH.,#5663);
#5663 = SURFACE_SIDE_STYLE('',(#5664));
#5664 = SURFACE_STYLE_FILL_AREA(#5665);
#5665 = FILL_AREA_STYLE('',(#5666));
#5666 = FILL_AREA_STYLE_COLOUR('',#5400);
#5667 = STYLED_ITEM('color',(#5668),#2814);
#5668 = PRESENTATION_STYLE_ASSIGNMENT((#5669));
#5669 = SURFACE_STYLE_USAGE(.BOTH.,#5670);
#5670 = SURFACE_SIDE_STYLE('',(#5671));
#5671 = SURFACE_STYLE_FILL_AREA(#5672);
#5672 = FILL_AREA_STYLE('',(#5673));
#5673 = FILL_AREA_STYLE_COLOUR('',#5400);
#5674 = STYLED_ITEM('color',(#5675),#2831);
#5675 = PRESENTATION_STYLE_ASSIGNMENT((#5676));
#5676 = SURFACE_STYLE_USAGE(.BOTH.,#5677);
#5677 = SURFACE_SIDE_STYLE('',(#5678));
#5678 = SURFACE_STYLE_FILL_AREA(#5679);
#5679 = FILL_AREA_STYLE('',(#5680));
#5680 = FILL_AREA_STYLE_COLOUR('',#5400);
#5681 = STYLED_ITEM('color',(#5682),#2862);
#5682 = PRESENTATION_STYLE_ASSIGNMENT((#5683));
#5683 = SURFACE_STYLE_USAGE(.BOTH.,#5684);
#5684 = SURFACE_SIDE_STYLE('',(#5685));
#5685 = SURFACE_STYLE_FILL_AREA(#5686);
#5686 = FILL_AREA_STYLE('',(#5687));
#5687 = FILL_AREA_STYLE_COLOUR('',#5400);
#5688 = STYLED_ITEM('color',(#5689),#2886);
#5689 = PRESENTATION_STYLE_ASSIGNMENT((#5690));
#5690 = SURFACE_STYLE_USAGE(.BOTH.,#5691);
#5691 = SURFACE_SIDE_STYLE('',(#5692));
#5692 = SURFACE_STYLE_FILL_AREA(#5693);
#5693 = FILL_AREA_STYLE('',(#5694));
#5694 = FILL_AREA_STYLE_COLOUR('',#5400);
#5695 = STYLED_ITEM('color',(#5696),#2910);
#5696 = PRESENTATION_STYLE_ASSIGNMENT((#5697));
#5697 = SURFACE_STYLE_USAGE(.BOTH.,#5698);
#5698 = SURFACE_SIDE_STYLE('',(#5699));
#5699 = SURFACE_STYLE_FILL_AREA(#5700);
#5700 = FILL_AREA_STYLE('',(#5701));
#5701 = FILL_AREA_STYLE_COLOUR('',#5400);
#5702 = STYLED_ITEM('color',(#5703),#2927);
#5703 = PRESENTATION_STYLE_ASSIGNMENT((#5704));
#5704 = SURFACE_STYLE_USAGE(.BOTH.,#5705);
#5705 = SURFACE_SIDE_STYLE('',(#5706));
#5706 = SURFACE_STYLE_FILL_AREA(#5707);
#5707 = FILL_AREA_STYLE('',(#5708));
#5708 = FILL_AREA_STYLE_COLOUR('',#5400);
#5709 = STYLED_ITEM('color',(#5710),#2958);
#5710 = PRESENTATION_STYLE_ASSIGNMENT((#5711));
#5711 = SURFACE_STYLE_USAGE(.BOTH.,#5712);
#5712 = SURFACE_SIDE_STYLE('',(#5713));
#5713 = SURFACE_STYLE_FILL_AREA(#5714);
#5714 = FILL_AREA_STYLE('',(#5715));
#5715 = FILL_AREA_STYLE_COLOUR('',#5400);
#5716 = STYLED_ITEM('color',(#5717),#2982);
#5717 = PRESENTATION_STYLE_ASSIGNMENT((#5718));
#5718 = SURFACE_STYLE_USAGE(.BOTH.,#5719);
#5719 = SURFACE_SIDE_STYLE('',(#5720));
#5720 = SURFACE_STYLE_FILL_AREA(#5721);
#5721 = FILL_AREA_STYLE('',(#5722));
#5722 = FILL_AREA_STYLE_COLOUR('',#5400);
#5723 = STYLED_ITEM('color',(#5724),#3006);
#5724 = PRESENTATION_STYLE_ASSIGNMENT((#5725));
#5725 = SURFACE_STYLE_USAGE(.BOTH.,#5726);
#5726 = SURFACE_SIDE_STYLE('',(#5727));
#5727 = SURFACE_STYLE_FILL_AREA(#5728);
#5728 = FILL_AREA_STYLE('',(#5729));
#5729 = FILL_AREA_STYLE_COLOUR('',#5400);
#5730 = STYLED_ITEM('color',(#5731),#3023);
#5731 = PRESENTATION_STYLE_ASSIGNMENT((#5732));
#5732 = SURFACE_STYLE_USAGE(.BOTH.,#5733);
#5733 = SURFACE_SIDE_STYLE('',(#5734));
#5734 = SURFACE_STYLE_FILL_AREA(#5735);
#5735 = FILL_AREA_STYLE('',(#5736));
#5736 = FILL_AREA_STYLE_COLOUR('',#5400);
#5737 = STYLED_ITEM('color',(#5738),#3054);
#5738 = PRESENTATION_STYLE_ASSIGNMENT((#5739));
#5739 = SURFACE_STYLE_USAGE(.BOTH.,#5740);
#5740 = SURFACE_SIDE_STYLE('',(#5741));
#5741 = SURFACE_STYLE_FILL_AREA(#5742);
#5742 = FILL_AREA_STYLE('',(#5743));
#5743 = FILL_AREA_STYLE_COLOUR('',#5400);
#5744 = STYLED_ITEM('color',(#5745),#3078);
#5745 = PRESENTATION_STYLE_ASSIGNMENT((#5746));
#5746 = SURFACE_STYLE_USAGE(.BOTH.,#5747);
#5747 = SURFACE_SIDE_STYLE('',(#5748));
#5748 = SURFACE_STYLE_FILL_AREA(#5749);
#5749 = FILL_AREA_STYLE('',(#5750));
#5750 = FILL_AREA_STYLE_COLOUR('',#5400);
#5751 = STYLED_ITEM('color',(#5752),#3102);
#5752 = PRESENTATION_STYLE_ASSIGNMENT((#5753));
#5753 = SURFACE_STYLE_USAGE(.BOTH.,#5754);
#5754 = SURFACE_SIDE_STYLE('',(#5755));
#5755 = SURFACE_STYLE_FILL_AREA(#5756);
#5756 = FILL_AREA_STYLE('',(#5757));
#5757 = FILL_AREA_STYLE_COLOUR('',#5400);
#5758 = STYLED_ITEM('color',(#5759),#3119);
#5759 = PRESENTATION_STYLE_ASSIGNMENT((#5760));
#5760 = SURFACE_STYLE_USAGE(.BOTH.,#5761);
#5761 = SURFACE_SIDE_STYLE('',(#5762));
#5762 = SURFACE_STYLE_FILL_AREA(#5763);
#5763 = FILL_AREA_STYLE('',(#5764));
#5764 = FILL_AREA_STYLE_COLOUR('',#5400);
#5765 = STYLED_ITEM('color',(#5766),#3150);
#5766 = PRESENTATION_STYLE_ASSIGNMENT((#5767));
#5767 = SURFACE_STYLE_USAGE(.BOTH.,#5768);
#5768 = SURFACE_SIDE_STYLE('',(#5769));
#5769 = SURFACE_STYLE_FILL_AREA(#5770);
#5770 = FILL_AREA_STYLE('',(#5771));
#5771 = FILL_AREA_STYLE_COLOUR('',#5400);
#5772 = STYLED_ITEM('color',(#5773),#3174);
#5773 = PRESENTATION_STYLE_ASSIGNMENT((#5774));
#5774 = SURFACE_STYLE_USAGE(.BOTH.,#5775);
#5775 = SURFACE_SIDE_STYLE('',(#5776));
#5776 = SURFACE_STYLE_FILL_AREA(#5777);
#5777 = FILL_AREA_STYLE('',(#5778));
#5778 = FILL_AREA_STYLE_COLOUR('',#5400);
#5779 = STYLED_ITEM('color',(#5780),#3198);
#5780 = PRESENTATION_STYLE_ASSIGNMENT((#5781));
#5781 = SURFACE_STYLE_USAGE(.BOTH.,#5782);
#5782 = SURFACE_SIDE_STYLE('',(#5783));
#5783 = SURFACE_STYLE_FILL_AREA(#5784);
#5784 = FILL_AREA_STYLE('',(#5785));
#5785 = FILL_AREA_STYLE_COLOUR('',#5400);
#5786 = STYLED_ITEM('color',(#5787),#3215);
#5787 = PRESENTATION_STYLE_ASSIGNMENT((#5788));
#5788 = SURFACE_STYLE_USAGE(.BOTH.,#5789);
#5789 = SURFACE_SIDE_STYLE('',(#5790));
#5790 = SURFACE_STYLE_FILL_AREA(#5791);
#5791 = FILL_AREA_STYLE('',(#5792));
#5792 = FILL_AREA_STYLE_COLOUR('',#5400);
#5793 = STYLED_ITEM('color',(#5794),#3246);
#5794 = PRESENTATION_STYLE_ASSIGNMENT((#5795));
#5795 = SURFACE_STYLE_USAGE(.BOTH.,#5796);
#5796 = SURFACE_SIDE_STYLE('',(#5797));
#5797 = SURFACE_STYLE_FILL_AREA(#5798);
#5798 = FILL_AREA_STYLE('',(#5799));
#5799 = FILL_AREA_STYLE_COLOUR('',#5400);
#5800 = STYLED_ITEM('color',(#5801),#3270);
#5801 = PRESENTATION_STYLE_ASSIGNMENT((#5802));
#5802 = SURFACE_STYLE_USAGE(.BOTH.,#5803);
#5803 = SURFACE_SIDE_STYLE('',(#5804));
#5804 = SURFACE_STYLE_FILL_AREA(#5805);
#5805 = FILL_AREA_STYLE('',(#5806));
#5806 = FILL_AREA_STYLE_COLOUR('',#5400);
#5807 = STYLED_ITEM('color',(#5808),#3294);
#5808 = PRESENTATION_STYLE_ASSIGNMENT((#5809));
#5809 = SURFACE_STYLE_USAGE(.BOTH.,#5810);
#5810 = SURFACE_SIDE_STYLE('',(#5811));
#5811 = SURFACE_STYLE_FILL_AREA(#5812);
#5812 = FILL_AREA_STYLE('',(#5813));
#5813 = FILL_AREA_STYLE_COLOUR('',#5400);
#5814 = STYLED_ITEM('color',(#5815),#3311);
#5815 = PRESENTATION_STYLE_ASSIGNMENT((#5816));
#5816 = SURFACE_STYLE_USAGE(.BOTH.,#5817);
#5817 = SURFACE_SIDE_STYLE('',(#5818));
#5818 = SURFACE_STYLE_FILL_AREA(#5819);
#5819 = FILL_AREA_STYLE('',(#5820));
#5820 = FILL_AREA_STYLE_COLOUR('',#5400);
#5821 = STYLED_ITEM('color',(#5822),#3342);
#5822 = PRESENTATION_STYLE_ASSIGNMENT((#5823));
#5823 = SURFACE_STYLE_USAGE(.BOTH.,#5824);
#5824 = SURFACE_SIDE_STYLE('',(#5825));
#5825 = SURFACE_STYLE_FILL_AREA(#5826);
#5826 = FILL_AREA_STYLE('',(#5827));
#5827 = FILL_AREA_STYLE_COLOUR('',#5400);
#5828 = STYLED_ITEM('color',(#5829),#3366);
#5829 = PRESENTATION_STYLE_ASSIGNMENT((#5830));
#5830 = SURFACE_STYLE_USAGE(.BOTH.,#5831);
#5831 = SURFACE_SIDE_STYLE('',(#5832));
#5832 = SURFACE_STYLE_FILL_AREA(#5833);
#5833 = FILL_AREA_STYLE('',(#5834));
#5834 = FILL_AREA_STYLE_COLOUR('',#5400);
#5835 = STYLED_ITEM('color',(#5836),#3390);
#5836 = PRESENTATION_STYLE_ASSIGNMENT((#5837));
#5837 = SURFACE_STYLE_USAGE(.BOTH.,#5838);
#5838 = SURFACE_SIDE_STYLE('',(#5839));
#5839 = SURFACE_STYLE_FILL_AREA(#5840);
#5840 = FILL_AREA_STYLE('',(#5841));
#5841 = FILL_AREA_STYLE_COLOUR('',#5400);
#5842 = STYLED_ITEM('color',(#5843),#3407);
#5843 = PRESENTATION_STYLE_ASSIGNMENT((#5844));
#5844 = SURFACE_STYLE_USAGE(.BOTH.,#5845);
#5845 = SURFACE_SIDE_STYLE('',(#5846));
#5846 = SURFACE_STYLE_FILL_AREA(#5847);
#5847 = FILL_AREA_STYLE('',(#5848));
#5848 = FILL_AREA_STYLE_COLOUR('',#5400);
#5849 = STYLED_ITEM('color',(#5850),#3419);
#5850 = PRESENTATION_STYLE_ASSIGNMENT((#5851));
#5851 = SURFACE_STYLE_USAGE(.BOTH.,#5852);
#5852 = SURFACE_SIDE_STYLE('',(#5853));
#5853 = SURFACE_STYLE_FILL_AREA(#5854);
#5854 = FILL_AREA_STYLE('',(#5855));
#5855 = FILL_AREA_STYLE_COLOUR('',#5400);
#5856 = STYLED_ITEM('color',(#5857),#3431);
#5857 = PRESENTATION_STYLE_ASSIGNMENT((#5858));
#5858 = SURFACE_STYLE_USAGE(.BOTH.,#5859);
#5859 = SURFACE_SIDE_STYLE('',(#5860));
#5860 = SURFACE_STYLE_FILL_AREA(#5861);
#5861 = FILL_AREA_STYLE('',(#5862));
#5862 = FILL_AREA_STYLE_COLOUR('',#5400);
#5863 = STYLED_ITEM('color',(#5864),#3443);
#5864 = PRESENTATION_STYLE_ASSIGNMENT((#5865));
#5865 = SURFACE_STYLE_USAGE(.BOTH.,#5866);
#5866 = SURFACE_SIDE_STYLE('',(#5867));
#5867 = SURFACE_STYLE_FILL_AREA(#5868);
#5868 = FILL_AREA_STYLE('',(#5869));
#5869 = FILL_AREA_STYLE_COLOUR('',#5400);
#5870 = STYLED_ITEM('color',(#5871),#3455);
#5871 = PRESENTATION_STYLE_ASSIGNMENT((#5872));
#5872 = SURFACE_STYLE_USAGE(.BOTH.,#5873);
#5873 = SURFACE_SIDE_STYLE('',(#5874));
#5874 = SURFACE_STYLE_FILL_AREA(#5875);
#5875 = FILL_AREA_STYLE('',(#5876));
#5876 = FILL_AREA_STYLE_COLOUR('',#5400);
#5877 = STYLED_ITEM('color',(#5878),#3467);
#5878 = PRESENTATION_STYLE_ASSIGNMENT((#5879));
#5879 = SURFACE_STYLE_USAGE(.BOTH.,#5880);
#5880 = SURFACE_SIDE_STYLE('',(#5881));
#5881 = SURFACE_STYLE_FILL_AREA(#5882);
#5882 = FILL_AREA_STYLE('',(#5883));
#5883 = FILL_AREA_STYLE_COLOUR('',#5400);
#5884 = STYLED_ITEM('color',(#5885),#3479);
#5885 = PRESENTATION_STYLE_ASSIGNMENT((#5886));
#5886 = SURFACE_STYLE_USAGE(.BOTH.,#5887);
#5887 = SURFACE_SIDE_STYLE('',(#5888));
#5888 = SURFACE_STYLE_FILL_AREA(#5889);
#5889 = FILL_AREA_STYLE('',(#5890));
#5890 = FILL_AREA_STYLE_COLOUR('',#5400);
#5891 = STYLED_ITEM('color',(#5892),#3491);
#5892 = PRESENTATION_STYLE_ASSIGNMENT((#5893));
#5893 = SURFACE_STYLE_USAGE(.BOTH.,#5894);
#5894 = SURFACE_SIDE_STYLE('',(#5895));
#5895 = SURFACE_STYLE_FILL_AREA(#5896);
#5896 = FILL_AREA_STYLE('',(#5897));
#5897 = FILL_AREA_STYLE_COLOUR('',#5400);
ENDSEC;
END-ISO-10303-21;
