ISO-10303-21;
HEADER;
/* Generated by software containing ST-Developer
 * from STEP Tools, Inc. (www.steptools.com) 
 */

FILE_DESCRIPTION(
/* description */ (''),
/* implementation_level */ '2;1');

FILE_NAME(
/* name */ 'Mini pocket hermes v2 case part 1.step',
/* time_stamp */ '2026-05-17T12:07:29+10:00',
/* author */ (''),
/* organization */ (''),
/* preprocessor_version */ 'ST-DEVELOPER v20.1',
/* originating_system */ 'Autodesk Translation Framework v15.8.0.0',
/* authorisation */ '');

FILE_SCHEMA (('AUTOMOTIVE_DESIGN { 1 0 10303 214 3 1 1 }'));
ENDSEC;

DATA;
#10=MECHANICAL_DESIGN_GEOMETRIC_PRESENTATION_REPRESENTATION('',(#13),#2149);
#11=SHAPE_REPRESENTATION_RELATIONSHIP('SRR','None',#2155,#12);
#12=ADVANCED_BREP_SHAPE_REPRESENTATION('',(#14),#2148);
#13=STYLED_ITEM('',(#2164),#14);
#14=MANIFOLD_SOLID_BREP('Body2',#1226);
#15=SPHERICAL_SURFACE('',#1331,0.500000000000007);
#16=FACE_BOUND('',#163,.T.);
#17=FACE_BOUND('',#170,.T.);
#18=FACE_BOUND('',#171,.T.);
#19=FACE_BOUND('',#172,.T.);
#20=FACE_BOUND('',#173,.T.);
#21=FACE_BOUND('',#202,.T.);
#22=FACE_BOUND('',#209,.T.);
#23=FACE_BOUND('',#210,.T.);
#24=FACE_BOUND('',#211,.T.);
#25=B_SPLINE_CURVE_WITH_KNOTS('',3,(#1784,#1785,#1786,#1787),
 .UNSPECIFIED.,.F.,.F.,(4,4),(0.148133765399275,0.165632237104942),
 .UNSPECIFIED.);
#26=B_SPLINE_CURVE_WITH_KNOTS('',3,(#1789,#1790,#1791,#1792,#1793,#1794,
#1795,#1796),.UNSPECIFIED.,.F.,.F.,(4,2,2,4),(0.661699781734791,0.674327384053728,
0.750422025555275,0.782887357539535),.UNSPECIFIED.);
#27=B_SPLINE_CURVE_WITH_KNOTS('',3,(#1891,#1892,#1893,#1894,#1895,#1896,
#1897,#1898,#1899,#1900,#1901,#1902),.UNSPECIFIED.,.F.,.F.,(4,2,2,2,2,4),
(0.,0.00778854190098164,0.0155770838019633,0.0311541676039266,0.0559376067410853,
0.116074013843914),.UNSPECIFIED.);
#28=B_SPLINE_CURVE_WITH_KNOTS('',3,(#1906,#1907,#1908,#1909,#1910,#1911,
#1912,#1913),.UNSPECIFIED.,.F.,.F.,(4,2,2,4),(0.200498161644662,0.220175136919203,
0.226813741918491,0.233452346917779),.UNSPECIFIED.);
#29=B_SPLINE_CURVE_WITH_KNOTS('',3,(#1915,#1916,#1917,#1918,#1919,#1920,
#1921,#1922,#1923,#1924,#1925,#1926),.UNSPECIFIED.,.F.,.F.,(4,2,2,2,2,4),
(0.0873294434773875,0.0971319469637359,0.106934450450084,0.115948189877021,
0.130994165216078,0.146013262829878),.UNSPECIFIED.);
#30=B_SPLINE_CURVE_WITH_KNOTS('',3,(#1930,#1931,#1932,#1933,#1934,#1935,
#1936,#1937,#1938,#1939),.UNSPECIFIED.,.F.,.F.,(4,2,2,2,4),(-0.0637655600614452,
-0.0533544982988476,-0.0293472604156498,-0.0136567971524388,0.),
 .UNSPECIFIED.);
#31=B_SPLINE_CURVE_WITH_KNOTS('',3,(#1941,#1942,#1943,#1944,#1945,#1946),
 .UNSPECIFIED.,.F.,.F.,(4,2,4),(0.139107930608075,0.173537103507394,0.17973796261585),
 .UNSPECIFIED.);
#32=B_SPLINE_CURVE_WITH_KNOTS('',3,(#1970,#1971,#1972,#1973,#1974,#1975,
#1976,#1977,#1978,#1979),.UNSPECIFIED.,.F.,.F.,(4,2,2,2,4),(0.263566439808616,
0.291366521509568,0.319166603210519,0.353595776109838,0.388024949009157),
 .UNSPECIFIED.);
#33=B_SPLINE_CURVE_WITH_KNOTS('',3,(#1982,#1983,#1984,#1985,#1986,#1987,
#1988,#1989,#1990,#1991),.UNSPECIFIED.,.F.,.F.,(4,2,2,2,4),(0.0767204549773876,
0.0969859838617873,0.117251512746187,0.136108673389241,0.154965834032295),
 .UNSPECIFIED.);
#34=B_SPLINE_CURVE_WITH_KNOTS('',3,(#2003,#2004,#2005,#2006,#2007,#2008,
#2009,#2010,#2011,#2012,#2013,#2014),.UNSPECIFIED.,.F.,.F.,(4,2,2,2,2,4),
(0.,0.0271535194556047,0.0377792674594245,0.0473048090213629,0.0647344676051291,
0.106524178869248),.UNSPECIFIED.);
#35=TOROIDAL_SURFACE('',#1247,3.68652277279358,1.);
#36=TOROIDAL_SURFACE('',#1299,1.25,0.75);
#37=TOROIDAL_SURFACE('',#1322,1.25,0.75);
#38=PLANE('',#1244);
#39=PLANE('',#1246);
#40=PLANE('',#1252);
#41=PLANE('',#1256);
#42=PLANE('',#1257);
#43=PLANE('',#1258);
#44=PLANE('',#1259);
#45=PLANE('',#1261);
#46=PLANE('',#1265);
#47=PLANE('',#1269);
#48=PLANE('',#1273);
#49=PLANE('',#1277);
#50=PLANE('',#1281);
#51=PLANE('',#1287);
#52=PLANE('',#1290);
#53=PLANE('',#1291);
#54=PLANE('',#1296);
#55=PLANE('',#1302);
#56=PLANE('',#1305);
#57=PLANE('',#1310);
#58=PLANE('',#1314);
#59=PLANE('',#1330);
#60=PLANE('',#1334);
#61=PLANE('',#1335);
#62=PLANE('',#1336);
#63=PLANE('',#1337);
#64=PLANE('',#1338);
#65=PLANE('',#1339);
#66=PLANE('',#1340);
#67=PLANE('',#1343);
#68=PLANE('',#1346);
#69=PLANE('',#1349);
#70=ELLIPSE('',#1239,0.353553390593284,0.25);
#71=ELLIPSE('',#1241,0.353553390593277,0.25);
#72=ELLIPSE('',#1329,0.707106781186543,0.5);
#73=FACE_OUTER_BOUND('',#138,.T.);
#74=FACE_OUTER_BOUND('',#139,.T.);
#75=FACE_OUTER_BOUND('',#140,.T.);
#76=FACE_OUTER_BOUND('',#141,.T.);
#77=FACE_OUTER_BOUND('',#142,.T.);
#78=FACE_OUTER_BOUND('',#143,.T.);
#79=FACE_OUTER_BOUND('',#144,.T.);
#80=FACE_OUTER_BOUND('',#145,.T.);
#81=FACE_OUTER_BOUND('',#146,.T.);
#82=FACE_OUTER_BOUND('',#147,.T.);
#83=FACE_OUTER_BOUND('',#148,.T.);
#84=FACE_OUTER_BOUND('',#149,.T.);
#85=FACE_OUTER_BOUND('',#150,.T.);
#86=FACE_OUTER_BOUND('',#151,.T.);
#87=FACE_OUTER_BOUND('',#152,.T.);
#88=FACE_OUTER_BOUND('',#153,.T.);
#89=FACE_OUTER_BOUND('',#154,.T.);
#90=FACE_OUTER_BOUND('',#155,.T.);
#91=FACE_OUTER_BOUND('',#156,.T.);
#92=FACE_OUTER_BOUND('',#157,.T.);
#93=FACE_OUTER_BOUND('',#158,.T.);
#94=FACE_OUTER_BOUND('',#159,.T.);
#95=FACE_OUTER_BOUND('',#160,.T.);
#96=FACE_OUTER_BOUND('',#161,.T.);
#97=FACE_OUTER_BOUND('',#162,.T.);
#98=FACE_OUTER_BOUND('',#164,.T.);
#99=FACE_OUTER_BOUND('',#165,.T.);
#100=FACE_OUTER_BOUND('',#166,.T.);
#101=FACE_OUTER_BOUND('',#167,.T.);
#102=FACE_OUTER_BOUND('',#168,.T.);
#103=FACE_OUTER_BOUND('',#169,.T.);
#104=FACE_OUTER_BOUND('',#174,.T.);
#105=FACE_OUTER_BOUND('',#175,.T.);
#106=FACE_OUTER_BOUND('',#176,.T.);
#107=FACE_OUTER_BOUND('',#177,.T.);
#108=FACE_OUTER_BOUND('',#178,.T.);
#109=FACE_OUTER_BOUND('',#179,.T.);
#110=FACE_OUTER_BOUND('',#180,.T.);
#111=FACE_OUTER_BOUND('',#181,.T.);
#112=FACE_OUTER_BOUND('',#182,.T.);
#113=FACE_OUTER_BOUND('',#183,.T.);
#114=FACE_OUTER_BOUND('',#184,.T.);
#115=FACE_OUTER_BOUND('',#185,.T.);
#116=FACE_OUTER_BOUND('',#186,.T.);
#117=FACE_OUTER_BOUND('',#187,.T.);
#118=FACE_OUTER_BOUND('',#188,.T.);
#119=FACE_OUTER_BOUND('',#189,.T.);
#120=FACE_OUTER_BOUND('',#190,.T.);
#121=FACE_OUTER_BOUND('',#191,.T.);
#122=FACE_OUTER_BOUND('',#192,.T.);
#123=FACE_OUTER_BOUND('',#193,.T.);
#124=FACE_OUTER_BOUND('',#194,.T.);
#125=FACE_OUTER_BOUND('',#195,.T.);
#126=FACE_OUTER_BOUND('',#196,.T.);
#127=FACE_OUTER_BOUND('',#197,.T.);
#128=FACE_OUTER_BOUND('',#198,.T.);
#129=FACE_OUTER_BOUND('',#199,.T.);
#130=FACE_OUTER_BOUND('',#200,.T.);
#131=FACE_OUTER_BOUND('',#201,.T.);
#132=FACE_OUTER_BOUND('',#203,.T.);
#133=FACE_OUTER_BOUND('',#204,.T.);
#134=FACE_OUTER_BOUND('',#205,.T.);
#135=FACE_OUTER_BOUND('',#206,.T.);
#136=FACE_OUTER_BOUND('',#207,.T.);
#137=FACE_OUTER_BOUND('',#208,.T.);
#138=EDGE_LOOP('',(#778,#779,#780,#781));
#139=EDGE_LOOP('',(#782,#783,#784,#785));
#140=EDGE_LOOP('',(#786,#787,#788,#789));
#141=EDGE_LOOP('',(#790,#791,#792,#793));
#142=EDGE_LOOP('',(#794,#795,#796,#797));
#143=EDGE_LOOP('',(#798,#799,#800,#801));
#144=EDGE_LOOP('',(#802,#803,#804,#805,#806,#807,#808,#809,#810,#811,#812,
#813));
#145=EDGE_LOOP('',(#814,#815,#816,#817,#818,#819,#820,#821));
#146=EDGE_LOOP('',(#822,#823,#824,#825,#826,#827,#828));
#147=EDGE_LOOP('',(#829,#830,#831,#832,#833,#834,#835,#836,#837,#838,#839,
#840,#841,#842));
#148=EDGE_LOOP('',(#843,#844,#845,#846));
#149=EDGE_LOOP('',(#847,#848,#849,#850,#851));
#150=EDGE_LOOP('',(#852,#853,#854,#855));
#151=EDGE_LOOP('',(#856,#857,#858,#859,#860,#861,#862,#863));
#152=EDGE_LOOP('',(#864,#865,#866,#867));
#153=EDGE_LOOP('',(#868,#869,#870,#871));
#154=EDGE_LOOP('',(#872,#873,#874,#875));
#155=EDGE_LOOP('',(#876,#877,#878,#879));
#156=EDGE_LOOP('',(#880,#881,#882,#883));
#157=EDGE_LOOP('',(#884,#885,#886,#887));
#158=EDGE_LOOP('',(#888,#889,#890,#891));
#159=EDGE_LOOP('',(#892,#893,#894,#895));
#160=EDGE_LOOP('',(#896,#897,#898,#899));
#161=EDGE_LOOP('',(#900,#901,#902,#903,#904,#905,#906,#907,#908,#909,#910));
#162=EDGE_LOOP('',(#911,#912,#913,#914));
#163=EDGE_LOOP('',(#915,#916,#917,#918,#919,#920,#921,#922));
#164=EDGE_LOOP('',(#923,#924,#925,#926));
#165=EDGE_LOOP('',(#927,#928,#929,#930,#931,#932,#933,#934));
#166=EDGE_LOOP('',(#935,#936,#937,#938));
#167=EDGE_LOOP('',(#939,#940,#941,#942));
#168=EDGE_LOOP('',(#943,#944,#945,#946,#947,#948));
#169=EDGE_LOOP('',(#949,#950,#951,#952,#953,#954,#955,#956));
#170=EDGE_LOOP('',(#957));
#171=EDGE_LOOP('',(#958));
#172=EDGE_LOOP('',(#959));
#173=EDGE_LOOP('',(#960,#961,#962,#963,#964,#965,#966,#967));
#174=EDGE_LOOP('',(#968,#969,#970,#971));
#175=EDGE_LOOP('',(#972,#973,#974,#975));
#176=EDGE_LOOP('',(#976,#977,#978,#979,#980));
#177=EDGE_LOOP('',(#981,#982,#983,#984));
#178=EDGE_LOOP('',(#985,#986,#987,#988));
#179=EDGE_LOOP('',(#989,#990,#991,#992));
#180=EDGE_LOOP('',(#993,#994,#995,#996));
#181=EDGE_LOOP('',(#997,#998,#999,#1000));
#182=EDGE_LOOP('',(#1001));
#183=EDGE_LOOP('',(#1002,#1003,#1004,#1005));
#184=EDGE_LOOP('',(#1006,#1007,#1008,#1009));
#185=EDGE_LOOP('',(#1010,#1011,#1012,#1013));
#186=EDGE_LOOP('',(#1014,#1015,#1016,#1017));
#187=EDGE_LOOP('',(#1018,#1019,#1020,#1021));
#188=EDGE_LOOP('',(#1022,#1023,#1024));
#189=EDGE_LOOP('',(#1025,#1026,#1027,#1028,#1029));
#190=EDGE_LOOP('',(#1030,#1031,#1032,#1033));
#191=EDGE_LOOP('',(#1034,#1035,#1036,#1037));
#192=EDGE_LOOP('',(#1038,#1039,#1040,#1041));
#193=EDGE_LOOP('',(#1042,#1043,#1044,#1045));
#194=EDGE_LOOP('',(#1046,#1047,#1048,#1049,#1050));
#195=EDGE_LOOP('',(#1051,#1052,#1053,#1054,#1055,#1056,#1057,#1058));
#196=EDGE_LOOP('',(#1059,#1060,#1061,#1062,#1063,#1064));
#197=EDGE_LOOP('',(#1065,#1066,#1067,#1068));
#198=EDGE_LOOP('',(#1069,#1070,#1071,#1072,#1073,#1074));
#199=EDGE_LOOP('',(#1075,#1076,#1077,#1078,#1079,#1080,#1081,#1082,#1083,
#1084));
#200=EDGE_LOOP('',(#1085,#1086,#1087,#1088));
#201=EDGE_LOOP('',(#1089,#1090,#1091,#1092));
#202=EDGE_LOOP('',(#1093,#1094,#1095,#1096,#1097,#1098,#1099,#1100));
#203=EDGE_LOOP('',(#1101,#1102,#1103,#1104));
#204=EDGE_LOOP('',(#1105,#1106,#1107,#1108));
#205=EDGE_LOOP('',(#1109,#1110,#1111,#1112));
#206=EDGE_LOOP('',(#1113,#1114,#1115,#1116));
#207=EDGE_LOOP('',(#1117,#1118,#1119,#1120));
#208=EDGE_LOOP('',(#1121,#1122,#1123,#1124,#1125,#1126,#1127,#1128));
#209=EDGE_LOOP('',(#1129));
#210=EDGE_LOOP('',(#1130));
#211=EDGE_LOOP('',(#1131));
#212=LINE('',#1711,#322);
#213=LINE('',#1717,#323);
#214=LINE('',#1723,#324);
#215=LINE('',#1728,#325);
#216=LINE('',#1732,#326);
#217=LINE('',#1736,#327);
#218=LINE('',#1739,#328);
#219=LINE('',#1742,#329);
#220=LINE('',#1745,#330);
#221=LINE('',#1748,#331);
#222=LINE('',#1752,#332);
#223=LINE('',#1754,#333);
#224=LINE('',#1756,#334);
#225=LINE('',#1758,#335);
#226=LINE('',#1760,#336);
#227=LINE('',#1762,#337);
#228=LINE('',#1764,#338);
#229=LINE('',#1766,#339);
#230=LINE('',#1767,#340);
#231=LINE('',#1770,#341);
#232=LINE('',#1772,#342);
#233=LINE('',#1774,#343);
#234=LINE('',#1775,#344);
#235=LINE('',#1799,#345);
#236=LINE('',#1801,#346);
#237=LINE('',#1803,#347);
#238=LINE('',#1805,#348);
#239=LINE('',#1807,#349);
#240=LINE('',#1811,#350);
#241=LINE('',#1815,#351);
#242=LINE('',#1819,#352);
#243=LINE('',#1820,#353);
#244=LINE('',#1823,#354);
#245=LINE('',#1824,#355);
#246=LINE('',#1826,#356);
#247=LINE('',#1829,#357);
#248=LINE('',#1834,#358);
#249=LINE('',#1836,#359);
#250=LINE('',#1838,#360);
#251=LINE('',#1839,#361);
#252=LINE('',#1845,#362);
#253=LINE('',#1848,#363);
#254=LINE('',#1850,#364);
#255=LINE('',#1851,#365);
#256=LINE('',#1857,#366);
#257=LINE('',#1860,#367);
#258=LINE('',#1862,#368);
#259=LINE('',#1863,#369);
#260=LINE('',#1869,#370);
#261=LINE('',#1872,#371);
#262=LINE('',#1874,#372);
#263=LINE('',#1875,#373);
#264=LINE('',#1882,#374);
#265=LINE('',#1884,#375);
#266=LINE('',#1886,#376);
#267=LINE('',#1887,#377);
#268=LINE('',#1904,#378);
#269=LINE('',#1928,#379);
#270=LINE('',#1950,#380);
#271=LINE('',#1953,#381);
#272=LINE('',#1956,#382);
#273=LINE('',#1958,#383);
#274=LINE('',#1959,#384);
#275=LINE('',#1966,#385);
#276=LINE('',#1981,#386);
#277=LINE('',#1993,#387);
#278=LINE('',#1994,#388);
#279=LINE('',#1997,#389);
#280=LINE('',#2001,#390);
#281=LINE('',#2002,#391);
#282=LINE('',#2020,#392);
#283=LINE('',#2025,#393);
#284=LINE('',#2028,#394);
#285=LINE('',#2031,#395);
#286=LINE('',#2033,#396);
#287=LINE('',#2034,#397);
#288=LINE('',#2042,#398);
#289=LINE('',#2045,#399);
#290=LINE('',#2049,#400);
#291=LINE('',#2050,#401);
#292=LINE('',#2054,#402);
#293=LINE('',#2058,#403);
#294=LINE('',#2065,#404);
#295=LINE('',#2068,#405);
#296=LINE('',#2071,#406);
#297=LINE('',#2073,#407);
#298=LINE('',#2074,#408);
#299=LINE('',#2080,#409);
#300=LINE('',#2083,#410);
#301=LINE('',#2088,#411);
#302=LINE('',#2096,#412);
#303=LINE('',#2099,#413);
#304=LINE('',#2104,#414);
#305=LINE('',#2105,#415);
#306=LINE('',#2109,#416);
#307=LINE('',#2110,#417);
#308=LINE('',#2111,#418);
#309=LINE('',#2114,#419);
#310=LINE('',#2116,#420);
#311=LINE('',#2117,#421);
#312=LINE('',#2119,#422);
#313=LINE('',#2121,#423);
#314=LINE('',#2125,#424);
#315=LINE('',#2127,#425);
#316=LINE('',#2128,#426);
#317=LINE('',#2133,#427);
#318=LINE('',#2134,#428);
#319=LINE('',#2138,#429);
#320=LINE('',#2141,#430);
#321=LINE('',#2142,#431);
#322=VECTOR('',#1356,0.600000000000005);
#323=VECTOR('',#1363,0.600000000000005);
#324=VECTOR('',#1370,0.600000000000005);
#325=VECTOR('',#1375,10.);
#326=VECTOR('',#1378,10.);
#327=VECTOR('',#1383,10.);
#328=VECTOR('',#1386,10.);
#329=VECTOR('',#1389,10.);
#330=VECTOR('',#1392,10.);
#331=VECTOR('',#1395,10.);
#332=VECTOR('',#1398,10.);
#333=VECTOR('',#1399,10.);
#334=VECTOR('',#1400,10.);
#335=VECTOR('',#1401,10.);
#336=VECTOR('',#1402,10.);
#337=VECTOR('',#1403,10.);
#338=VECTOR('',#1404,10.);
#339=VECTOR('',#1405,10.);
#340=VECTOR('',#1406,10.);
#341=VECTOR('',#1409,10.);
#342=VECTOR('',#1410,10.);
#343=VECTOR('',#1411,10.);
#344=VECTOR('',#1412,10.);
#345=VECTOR('',#1425,10.);
#346=VECTOR('',#1426,10.);
#347=VECTOR('',#1427,10.);
#348=VECTOR('',#1428,10.);
#349=VECTOR('',#1429,10.);
#350=VECTOR('',#1432,10.);
#351=VECTOR('',#1435,10.);
#352=VECTOR('',#1440,1.);
#353=VECTOR('',#1441,10.);
#354=VECTOR('',#1444,10.);
#355=VECTOR('',#1445,1.);
#356=VECTOR('',#1448,1.);
#357=VECTOR('',#1451,10.);
#358=VECTOR('',#1456,10.);
#359=VECTOR('',#1457,10.);
#360=VECTOR('',#1458,10.);
#361=VECTOR('',#1459,10.);
#362=VECTOR('',#1466,10.);
#363=VECTOR('',#1469,10.);
#364=VECTOR('',#1470,10.);
#365=VECTOR('',#1471,10.);
#366=VECTOR('',#1478,10.);
#367=VECTOR('',#1481,10.);
#368=VECTOR('',#1482,10.);
#369=VECTOR('',#1483,10.);
#370=VECTOR('',#1490,10.);
#371=VECTOR('',#1493,10.);
#372=VECTOR('',#1494,10.);
#373=VECTOR('',#1495,10.);
#374=VECTOR('',#1504,10.);
#375=VECTOR('',#1505,10.);
#376=VECTOR('',#1506,10.);
#377=VECTOR('',#1507,10.);
#378=VECTOR('',#1510,10.);
#379=VECTOR('',#1511,10.);
#380=VECTOR('',#1514,10.);
#381=VECTOR('',#1517,10.);
#382=VECTOR('',#1520,10.);
#383=VECTOR('',#1521,10.);
#384=VECTOR('',#1522,10.);
#385=VECTOR('',#1531,10.);
#386=VECTOR('',#1534,10.);
#387=VECTOR('',#1537,10.);
#388=VECTOR('',#1538,10.);
#389=VECTOR('',#1541,10.);
#390=VECTOR('',#1546,10.);
#391=VECTOR('',#1547,10.);
#392=VECTOR('',#1552,10.);
#393=VECTOR('',#1557,10.);
#394=VECTOR('',#1560,10.);
#395=VECTOR('',#1563,10.);
#396=VECTOR('',#1564,10.);
#397=VECTOR('',#1565,10.);
#398=VECTOR('',#1578,10.);
#399=VECTOR('',#1581,10.);
#400=VECTOR('',#1586,10.);
#401=VECTOR('',#1587,10.);
#402=VECTOR('',#1592,10.);
#403=VECTOR('',#1597,2.68652277279358);
#404=VECTOR('',#1604,10.);
#405=VECTOR('',#1607,10.);
#406=VECTOR('',#1610,10.);
#407=VECTOR('',#1611,10.);
#408=VECTOR('',#1612,10.);
#409=VECTOR('',#1619,10.);
#410=VECTOR('',#1622,10.);
#411=VECTOR('',#1629,10.);
#412=VECTOR('',#1644,10.);
#413=VECTOR('',#1649,10.);
#414=VECTOR('',#1658,10.);
#415=VECTOR('',#1659,10.);
#416=VECTOR('',#1662,10.);
#417=VECTOR('',#1663,10.);
#418=VECTOR('',#1664,10.);
#419=VECTOR('',#1667,10.);
#420=VECTOR('',#1668,10.);
#421=VECTOR('',#1669,10.);
#422=VECTOR('',#1672,10.);
#423=VECTOR('',#1675,10.);
#424=VECTOR('',#1680,10.);
#425=VECTOR('',#1681,10.);
#426=VECTOR('',#1682,10.);
#427=VECTOR('',#1689,10.);
#428=VECTOR('',#1690,10.);
#429=VECTOR('',#1695,10.);
#430=VECTOR('',#1698,10.);
#431=VECTOR('',#1699,10.);
#432=CIRCLE('',#1229,0.600000000000005);
#433=CIRCLE('',#1230,0.600000000000005);
#434=CIRCLE('',#1232,0.600000000000005);
#435=CIRCLE('',#1233,0.600000000000005);
#436=CIRCLE('',#1235,0.600000000000005);
#437=CIRCLE('',#1236,0.600000000000005);
#438=CIRCLE('',#1238,0.25);
#439=CIRCLE('',#1243,0.25);
#440=CIRCLE('',#1245,4.00000000000002);
#441=CIRCLE('',#1248,2.68652277279358);
#442=CIRCLE('',#1249,1.);
#443=CIRCLE('',#1250,3.68652277279358);
#444=CIRCLE('',#1251,3.68652277279358);
#445=CIRCLE('',#1253,1.25);
#446=CIRCLE('',#1254,6.49999999999995);
#447=CIRCLE('',#1255,6.49999999999995);
#448=CIRCLE('',#1260,0.75);
#449=CIRCLE('',#1263,0.999999999999994);
#450=CIRCLE('',#1264,0.999999999999994);
#451=CIRCLE('',#1267,0.999999999999996);
#452=CIRCLE('',#1268,0.999999999999996);
#453=CIRCLE('',#1271,0.999999999999996);
#454=CIRCLE('',#1272,0.999999999999996);
#455=CIRCLE('',#1275,0.999999999999996);
#456=CIRCLE('',#1276,0.999999999999996);
#457=CIRCLE('',#1279,4.00000000000004);
#458=CIRCLE('',#1280,4.00000000000004);
#459=CIRCLE('',#1283,6.49999999999995);
#460=CIRCLE('',#1285,4.00000000000002);
#461=CIRCLE('',#1286,4.00000000000002);
#462=CIRCLE('',#1289,6.49999999999995);
#463=CIRCLE('',#1292,6.49999999999999);
#464=CIRCLE('',#1293,6.5);
#465=CIRCLE('',#1294,4.);
#466=CIRCLE('',#1295,4.);
#467=CIRCLE('',#1298,0.749999999999993);
#468=CIRCLE('',#1300,0.749999999999993);
#469=CIRCLE('',#1301,0.5);
#470=CIRCLE('',#1304,0.500000000000007);
#471=CIRCLE('',#1307,4.);
#472=CIRCLE('',#1309,2.68652277279358);
#473=CIRCLE('',#1312,0.5);
#474=CIRCLE('',#1313,0.5);
#475=CIRCLE('',#1316,0.5);
#476=CIRCLE('',#1317,0.5);
#477=CIRCLE('',#1319,0.75);
#478=CIRCLE('',#1321,0.75);
#479=CIRCLE('',#1323,0.5);
#480=CIRCLE('',#1324,0.749999999999993);
#481=CIRCLE('',#1327,0.500000000000007);
#482=CIRCLE('',#1332,0.5);
#483=CIRCLE('',#1342,6.5);
#484=CIRCLE('',#1345,4.);
#485=CIRCLE('',#1348,6.49999999999999);
#486=VERTEX_POINT('',#1708);
#487=VERTEX_POINT('',#1710);
#488=VERTEX_POINT('',#1714);
#489=VERTEX_POINT('',#1716);
#490=VERTEX_POINT('',#1720);
#491=VERTEX_POINT('',#1722);
#492=VERTEX_POINT('',#1726);
#493=VERTEX_POINT('',#1727);
#494=VERTEX_POINT('',#1729);
#495=VERTEX_POINT('',#1731);
#496=VERTEX_POINT('',#1735);
#497=VERTEX_POINT('',#1737);
#498=VERTEX_POINT('',#1741);
#499=VERTEX_POINT('',#1743);
#500=VERTEX_POINT('',#1747);
#501=VERTEX_POINT('',#1749);
#502=VERTEX_POINT('',#1751);
#503=VERTEX_POINT('',#1753);
#504=VERTEX_POINT('',#1755);
#505=VERTEX_POINT('',#1757);
#506=VERTEX_POINT('',#1759);
#507=VERTEX_POINT('',#1761);
#508=VERTEX_POINT('',#1763);
#509=VERTEX_POINT('',#1765);
#510=VERTEX_POINT('',#1769);
#511=VERTEX_POINT('',#1771);
#512=VERTEX_POINT('',#1773);
#513=VERTEX_POINT('',#1777);
#514=VERTEX_POINT('',#1779);
#515=VERTEX_POINT('',#1781);
#516=VERTEX_POINT('',#1783);
#517=VERTEX_POINT('',#1788);
#518=VERTEX_POINT('',#1800);
#519=VERTEX_POINT('',#1802);
#520=VERTEX_POINT('',#1804);
#521=VERTEX_POINT('',#1806);
#522=VERTEX_POINT('',#1808);
#523=VERTEX_POINT('',#1810);
#524=VERTEX_POINT('',#1812);
#525=VERTEX_POINT('',#1814);
#526=VERTEX_POINT('',#1818);
#527=VERTEX_POINT('',#1822);
#528=VERTEX_POINT('',#1828);
#529=VERTEX_POINT('',#1832);
#530=VERTEX_POINT('',#1833);
#531=VERTEX_POINT('',#1835);
#532=VERTEX_POINT('',#1837);
#533=VERTEX_POINT('',#1841);
#534=VERTEX_POINT('',#1843);
#535=VERTEX_POINT('',#1847);
#536=VERTEX_POINT('',#1849);
#537=VERTEX_POINT('',#1853);
#538=VERTEX_POINT('',#1855);
#539=VERTEX_POINT('',#1859);
#540=VERTEX_POINT('',#1861);
#541=VERTEX_POINT('',#1865);
#542=VERTEX_POINT('',#1867);
#543=VERTEX_POINT('',#1871);
#544=VERTEX_POINT('',#1873);
#545=VERTEX_POINT('',#1880);
#546=VERTEX_POINT('',#1881);
#547=VERTEX_POINT('',#1883);
#548=VERTEX_POINT('',#1885);
#549=VERTEX_POINT('',#1889);
#550=VERTEX_POINT('',#1890);
#551=VERTEX_POINT('',#1903);
#552=VERTEX_POINT('',#1905);
#553=VERTEX_POINT('',#1914);
#554=VERTEX_POINT('',#1927);
#555=VERTEX_POINT('',#1929);
#556=VERTEX_POINT('',#1940);
#557=VERTEX_POINT('',#1947);
#558=VERTEX_POINT('',#1949);
#559=VERTEX_POINT('',#1951);
#560=VERTEX_POINT('',#1955);
#561=VERTEX_POINT('',#1957);
#562=VERTEX_POINT('',#1963);
#563=VERTEX_POINT('',#1965);
#564=VERTEX_POINT('',#1967);
#565=VERTEX_POINT('',#1969);
#566=VERTEX_POINT('',#1980);
#567=VERTEX_POINT('',#1996);
#568=VERTEX_POINT('',#2000);
#569=VERTEX_POINT('',#2016);
#570=VERTEX_POINT('',#2017);
#571=VERTEX_POINT('',#2019);
#572=VERTEX_POINT('',#2022);
#573=VERTEX_POINT('',#2024);
#574=VERTEX_POINT('',#2026);
#575=VERTEX_POINT('',#2030);
#576=VERTEX_POINT('',#2032);
#577=VERTEX_POINT('',#2038);
#578=VERTEX_POINT('',#2044);
#579=VERTEX_POINT('',#2048);
#580=VERTEX_POINT('',#2052);
#581=VERTEX_POINT('',#2056);
#582=VERTEX_POINT('',#2061);
#583=VERTEX_POINT('',#2062);
#584=VERTEX_POINT('',#2064);
#585=VERTEX_POINT('',#2066);
#586=VERTEX_POINT('',#2070);
#587=VERTEX_POINT('',#2072);
#588=VERTEX_POINT('',#2076);
#589=VERTEX_POINT('',#2078);
#590=VERTEX_POINT('',#2082);
#591=VERTEX_POINT('',#2086);
#592=VERTEX_POINT('',#2107);
#593=VERTEX_POINT('',#2108);
#594=VERTEX_POINT('',#2113);
#595=VERTEX_POINT('',#2115);
#596=VERTEX_POINT('',#2124);
#597=VERTEX_POINT('',#2126);
#598=VERTEX_POINT('',#2132);
#599=VERTEX_POINT('',#2136);
#600=VERTEX_POINT('',#2140);
#601=EDGE_CURVE('',#486,#486,#432,.T.);
#602=EDGE_CURVE('',#486,#487,#212,.T.);
#603=EDGE_CURVE('',#487,#487,#433,.T.);
#604=EDGE_CURVE('',#488,#488,#434,.T.);
#605=EDGE_CURVE('',#488,#489,#213,.T.);
#606=EDGE_CURVE('',#489,#489,#435,.T.);
#607=EDGE_CURVE('',#490,#490,#436,.T.);
#608=EDGE_CURVE('',#490,#491,#214,.T.);
#609=EDGE_CURVE('',#491,#491,#437,.T.);
#610=EDGE_CURVE('',#492,#493,#215,.T.);
#611=EDGE_CURVE('',#494,#493,#438,.T.);
#612=EDGE_CURVE('',#494,#495,#216,.T.);
#613=EDGE_CURVE('',#495,#492,#70,.T.);
#614=EDGE_CURVE('',#495,#496,#217,.T.);
#615=EDGE_CURVE('',#496,#497,#71,.T.);
#616=EDGE_CURVE('',#497,#492,#218,.T.);
#617=EDGE_CURVE('',#496,#498,#219,.T.);
#618=EDGE_CURVE('',#499,#498,#439,.T.);
#619=EDGE_CURVE('',#499,#497,#220,.T.);
#620=EDGE_CURVE('',#498,#500,#221,.T.);
#621=EDGE_CURVE('',#500,#501,#440,.T.);
#622=EDGE_CURVE('',#502,#501,#222,.T.);
#623=EDGE_CURVE('',#503,#502,#223,.T.);
#624=EDGE_CURVE('',#503,#504,#224,.T.);
#625=EDGE_CURVE('',#504,#505,#225,.T.);
#626=EDGE_CURVE('',#505,#506,#226,.T.);
#627=EDGE_CURVE('',#506,#507,#227,.T.);
#628=EDGE_CURVE('',#507,#508,#228,.T.);
#629=EDGE_CURVE('',#508,#509,#229,.T.);
#630=EDGE_CURVE('',#509,#499,#230,.T.);
#631=EDGE_CURVE('',#510,#494,#231,.T.);
#632=EDGE_CURVE('',#510,#511,#232,.T.);
#633=EDGE_CURVE('',#512,#511,#233,.T.);
#634=EDGE_CURVE('',#500,#512,#234,.T.);
#635=EDGE_CURVE('',#513,#513,#441,.T.);
#636=EDGE_CURVE('',#513,#514,#442,.T.);
#637=EDGE_CURVE('',#514,#515,#443,.T.);
#638=EDGE_CURVE('',#515,#516,#25,.T.);
#639=EDGE_CURVE('',#516,#517,#26,.T.);
#640=EDGE_CURVE('',#517,#514,#444,.T.);
#641=EDGE_CURVE('',#493,#515,#235,.T.);
#642=EDGE_CURVE('',#517,#518,#236,.T.);
#643=EDGE_CURVE('',#519,#518,#237,.T.);
#644=EDGE_CURVE('',#519,#520,#238,.T.);
#645=EDGE_CURVE('',#521,#520,#239,.T.);
#646=EDGE_CURVE('',#522,#521,#445,.T.);
#647=EDGE_CURVE('',#522,#523,#240,.T.);
#648=EDGE_CURVE('',#523,#524,#446,.T.);
#649=EDGE_CURVE('',#524,#525,#241,.T.);
#650=EDGE_CURVE('',#525,#510,#447,.T.);
#651=EDGE_CURVE('',#509,#526,#242,.T.);
#652=EDGE_CURVE('',#526,#497,#243,.T.);
#653=EDGE_CURVE('',#527,#492,#244,.T.);
#654=EDGE_CURVE('',#516,#527,#245,.T.);
#655=EDGE_CURVE('',#526,#527,#246,.T.);
#656=EDGE_CURVE('',#528,#508,#247,.T.);
#657=EDGE_CURVE('',#518,#528,#448,.T.);
#658=EDGE_CURVE('',#529,#530,#248,.T.);
#659=EDGE_CURVE('',#531,#529,#249,.T.);
#660=EDGE_CURVE('',#532,#531,#250,.T.);
#661=EDGE_CURVE('',#532,#530,#251,.T.);
#662=EDGE_CURVE('',#530,#533,#449,.T.);
#663=EDGE_CURVE('',#534,#532,#450,.T.);
#664=EDGE_CURVE('',#534,#533,#252,.T.);
#665=EDGE_CURVE('',#533,#535,#253,.T.);
#666=EDGE_CURVE('',#536,#534,#254,.T.);
#667=EDGE_CURVE('',#536,#535,#255,.T.);
#668=EDGE_CURVE('',#535,#537,#451,.T.);
#669=EDGE_CURVE('',#538,#536,#452,.T.);
#670=EDGE_CURVE('',#538,#537,#256,.T.);
#671=EDGE_CURVE('',#537,#539,#257,.T.);
#672=EDGE_CURVE('',#540,#538,#258,.T.);
#673=EDGE_CURVE('',#540,#539,#259,.T.);
#674=EDGE_CURVE('',#539,#541,#453,.T.);
#675=EDGE_CURVE('',#542,#540,#454,.T.);
#676=EDGE_CURVE('',#542,#541,#260,.T.);
#677=EDGE_CURVE('',#541,#543,#261,.T.);
#678=EDGE_CURVE('',#544,#542,#262,.T.);
#679=EDGE_CURVE('',#544,#543,#263,.T.);
#680=EDGE_CURVE('',#543,#529,#455,.T.);
#681=EDGE_CURVE('',#531,#544,#456,.T.);
#682=EDGE_CURVE('',#545,#546,#264,.T.);
#683=EDGE_CURVE('',#547,#545,#265,.T.);
#684=EDGE_CURVE('',#547,#548,#266,.T.);
#685=EDGE_CURVE('',#546,#548,#267,.T.);
#686=EDGE_CURVE('',#549,#550,#27,.T.);
#687=EDGE_CURVE('',#551,#549,#268,.T.);
#688=EDGE_CURVE('',#552,#551,#28,.T.);
#689=EDGE_CURVE('',#553,#552,#29,.T.);
#690=EDGE_CURVE('',#554,#553,#269,.T.);
#691=EDGE_CURVE('',#555,#554,#30,.T.);
#692=EDGE_CURVE('',#556,#555,#31,.T.);
#693=EDGE_CURVE('',#557,#556,#457,.T.);
#694=EDGE_CURVE('',#557,#558,#270,.T.);
#695=EDGE_CURVE('',#559,#558,#458,.T.);
#696=EDGE_CURVE('',#550,#559,#271,.T.);
#697=EDGE_CURVE('',#524,#560,#272,.T.);
#698=EDGE_CURVE('',#561,#560,#273,.T.);
#699=EDGE_CURVE('',#525,#561,#274,.T.);
#700=EDGE_CURVE('',#511,#561,#459,.T.);
#701=EDGE_CURVE('',#562,#512,#460,.T.);
#702=EDGE_CURVE('',#563,#562,#275,.T.);
#703=EDGE_CURVE('',#564,#563,#461,.T.);
#704=EDGE_CURVE('',#565,#564,#32,.T.);
#705=EDGE_CURVE('',#566,#565,#276,.T.);
#706=EDGE_CURVE('',#501,#566,#33,.T.);
#707=EDGE_CURVE('',#563,#557,#277,.T.);
#708=EDGE_CURVE('',#558,#562,#278,.T.);
#709=EDGE_CURVE('',#523,#567,#279,.T.);
#710=EDGE_CURVE('',#560,#567,#462,.T.);
#711=EDGE_CURVE('',#550,#568,#280,.T.);
#712=EDGE_CURVE('',#567,#559,#281,.T.);
#713=EDGE_CURVE('',#568,#522,#34,.T.);
#714=EDGE_CURVE('',#569,#570,#463,.T.);
#715=EDGE_CURVE('',#570,#571,#282,.T.);
#716=EDGE_CURVE('',#571,#547,#464,.T.);
#717=EDGE_CURVE('',#545,#572,#465,.T.);
#718=EDGE_CURVE('',#572,#573,#283,.T.);
#719=EDGE_CURVE('',#573,#574,#466,.T.);
#720=EDGE_CURVE('',#574,#569,#284,.T.);
#721=EDGE_CURVE('',#575,#549,#285,.T.);
#722=EDGE_CURVE('',#576,#575,#286,.T.);
#723=EDGE_CURVE('',#551,#576,#287,.T.);
#724=EDGE_CURVE('',#575,#568,#467,.T.);
#725=EDGE_CURVE('',#577,#521,#468,.T.);
#726=EDGE_CURVE('',#577,#575,#469,.T.);
#727=EDGE_CURVE('',#564,#556,#288,.T.);
#728=EDGE_CURVE('',#566,#578,#289,.T.);
#729=EDGE_CURVE('',#578,#502,#470,.F.);
#730=EDGE_CURVE('',#579,#565,#290,.T.);
#731=EDGE_CURVE('',#578,#579,#291,.T.);
#732=EDGE_CURVE('',#580,#546,#471,.T.);
#733=EDGE_CURVE('',#572,#580,#292,.T.);
#734=EDGE_CURVE('',#581,#581,#472,.T.);
#735=EDGE_CURVE('',#581,#513,#293,.T.);
#736=EDGE_CURVE('',#582,#583,#473,.T.);
#737=EDGE_CURVE('',#583,#584,#294,.T.);
#738=EDGE_CURVE('',#584,#585,#474,.T.);
#739=EDGE_CURVE('',#585,#582,#295,.T.);
#740=EDGE_CURVE('',#583,#586,#296,.T.);
#741=EDGE_CURVE('',#587,#586,#297,.T.);
#742=EDGE_CURVE('',#587,#584,#298,.T.);
#743=EDGE_CURVE('',#588,#587,#475,.T.);
#744=EDGE_CURVE('',#586,#589,#476,.T.);
#745=EDGE_CURVE('',#589,#588,#299,.T.);
#746=EDGE_CURVE('',#528,#590,#300,.T.);
#747=EDGE_CURVE('',#519,#590,#477,.T.);
#748=EDGE_CURVE('',#520,#591,#478,.T.);
#749=EDGE_CURVE('',#591,#577,#301,.T.);
#750=EDGE_CURVE('',#554,#579,#479,.T.);
#751=EDGE_CURVE('',#579,#555,#480,.T.);
#752=EDGE_CURVE('',#553,#578,#481,.F.);
#753=EDGE_CURVE('',#577,#503,#302,.T.);
#754=EDGE_CURVE('',#503,#576,#72,.T.);
#755=EDGE_CURVE('',#591,#504,#303,.T.);
#756=EDGE_CURVE('',#502,#552,#482,.F.);
#757=EDGE_CURVE('',#589,#507,#304,.T.);
#758=EDGE_CURVE('',#590,#582,#305,.T.);
#759=EDGE_CURVE('',#592,#593,#306,.T.);
#760=EDGE_CURVE('',#585,#592,#307,.T.);
#761=EDGE_CURVE('',#593,#588,#308,.T.);
#762=EDGE_CURVE('',#593,#594,#309,.T.);
#763=EDGE_CURVE('',#594,#595,#310,.T.);
#764=EDGE_CURVE('',#595,#592,#311,.T.);
#765=EDGE_CURVE('',#594,#506,#312,.T.);
#766=EDGE_CURVE('',#595,#505,#313,.T.);
#767=EDGE_CURVE('',#571,#596,#314,.T.);
#768=EDGE_CURVE('',#597,#570,#315,.T.);
#769=EDGE_CURVE('',#596,#597,#316,.T.);
#770=EDGE_CURVE('',#548,#596,#483,.T.);
#771=EDGE_CURVE('',#598,#580,#317,.T.);
#772=EDGE_CURVE('',#573,#598,#318,.T.);
#773=EDGE_CURVE('',#599,#598,#484,.T.);
#774=EDGE_CURVE('',#574,#599,#319,.T.);
#775=EDGE_CURVE('',#600,#599,#320,.T.);
#776=EDGE_CURVE('',#569,#600,#321,.T.);
#777=EDGE_CURVE('',#597,#600,#485,.T.);
#778=ORIENTED_EDGE('',*,*,#601,.F.);
#779=ORIENTED_EDGE('',*,*,#602,.T.);
#780=ORIENTED_EDGE('',*,*,#603,.F.);
#781=ORIENTED_EDGE('',*,*,#602,.F.);
#782=ORIENTED_EDGE('',*,*,#604,.F.);
#783=ORIENTED_EDGE('',*,*,#605,.T.);
#784=ORIENTED_EDGE('',*,*,#606,.F.);
#785=ORIENTED_EDGE('',*,*,#605,.F.);
#786=ORIENTED_EDGE('',*,*,#607,.F.);
#787=ORIENTED_EDGE('',*,*,#608,.T.);
#788=ORIENTED_EDGE('',*,*,#609,.F.);
#789=ORIENTED_EDGE('',*,*,#608,.F.);
#790=ORIENTED_EDGE('',*,*,#610,.T.);
#791=ORIENTED_EDGE('',*,*,#611,.F.);
#792=ORIENTED_EDGE('',*,*,#612,.T.);
#793=ORIENTED_EDGE('',*,*,#613,.T.);
#794=ORIENTED_EDGE('',*,*,#614,.T.);
#795=ORIENTED_EDGE('',*,*,#615,.T.);
#796=ORIENTED_EDGE('',*,*,#616,.T.);
#797=ORIENTED_EDGE('',*,*,#613,.F.);
#798=ORIENTED_EDGE('',*,*,#617,.T.);
#799=ORIENTED_EDGE('',*,*,#618,.F.);
#800=ORIENTED_EDGE('',*,*,#619,.T.);
#801=ORIENTED_EDGE('',*,*,#615,.F.);
#802=ORIENTED_EDGE('',*,*,#618,.T.);
#803=ORIENTED_EDGE('',*,*,#620,.T.);
#804=ORIENTED_EDGE('',*,*,#621,.T.);
#805=ORIENTED_EDGE('',*,*,#622,.F.);
#806=ORIENTED_EDGE('',*,*,#623,.F.);
#807=ORIENTED_EDGE('',*,*,#624,.T.);
#808=ORIENTED_EDGE('',*,*,#625,.T.);
#809=ORIENTED_EDGE('',*,*,#626,.T.);
#810=ORIENTED_EDGE('',*,*,#627,.T.);
#811=ORIENTED_EDGE('',*,*,#628,.T.);
#812=ORIENTED_EDGE('',*,*,#629,.T.);
#813=ORIENTED_EDGE('',*,*,#630,.T.);
#814=ORIENTED_EDGE('',*,*,#617,.F.);
#815=ORIENTED_EDGE('',*,*,#614,.F.);
#816=ORIENTED_EDGE('',*,*,#612,.F.);
#817=ORIENTED_EDGE('',*,*,#631,.F.);
#818=ORIENTED_EDGE('',*,*,#632,.T.);
#819=ORIENTED_EDGE('',*,*,#633,.F.);
#820=ORIENTED_EDGE('',*,*,#634,.F.);
#821=ORIENTED_EDGE('',*,*,#620,.F.);
#822=ORIENTED_EDGE('',*,*,#635,.T.);
#823=ORIENTED_EDGE('',*,*,#636,.T.);
#824=ORIENTED_EDGE('',*,*,#637,.T.);
#825=ORIENTED_EDGE('',*,*,#638,.T.);
#826=ORIENTED_EDGE('',*,*,#639,.T.);
#827=ORIENTED_EDGE('',*,*,#640,.T.);
#828=ORIENTED_EDGE('',*,*,#636,.F.);
#829=ORIENTED_EDGE('',*,*,#611,.T.);
#830=ORIENTED_EDGE('',*,*,#641,.T.);
#831=ORIENTED_EDGE('',*,*,#637,.F.);
#832=ORIENTED_EDGE('',*,*,#640,.F.);
#833=ORIENTED_EDGE('',*,*,#642,.T.);
#834=ORIENTED_EDGE('',*,*,#643,.F.);
#835=ORIENTED_EDGE('',*,*,#644,.T.);
#836=ORIENTED_EDGE('',*,*,#645,.F.);
#837=ORIENTED_EDGE('',*,*,#646,.F.);
#838=ORIENTED_EDGE('',*,*,#647,.T.);
#839=ORIENTED_EDGE('',*,*,#648,.T.);
#840=ORIENTED_EDGE('',*,*,#649,.T.);
#841=ORIENTED_EDGE('',*,*,#650,.T.);
#842=ORIENTED_EDGE('',*,*,#631,.T.);
#843=ORIENTED_EDGE('',*,*,#619,.F.);
#844=ORIENTED_EDGE('',*,*,#630,.F.);
#845=ORIENTED_EDGE('',*,*,#651,.T.);
#846=ORIENTED_EDGE('',*,*,#652,.T.);
#847=ORIENTED_EDGE('',*,*,#610,.F.);
#848=ORIENTED_EDGE('',*,*,#653,.F.);
#849=ORIENTED_EDGE('',*,*,#654,.F.);
#850=ORIENTED_EDGE('',*,*,#638,.F.);
#851=ORIENTED_EDGE('',*,*,#641,.F.);
#852=ORIENTED_EDGE('',*,*,#616,.F.);
#853=ORIENTED_EDGE('',*,*,#652,.F.);
#854=ORIENTED_EDGE('',*,*,#655,.T.);
#855=ORIENTED_EDGE('',*,*,#653,.T.);
#856=ORIENTED_EDGE('',*,*,#651,.F.);
#857=ORIENTED_EDGE('',*,*,#629,.F.);
#858=ORIENTED_EDGE('',*,*,#656,.F.);
#859=ORIENTED_EDGE('',*,*,#657,.F.);
#860=ORIENTED_EDGE('',*,*,#642,.F.);
#861=ORIENTED_EDGE('',*,*,#639,.F.);
#862=ORIENTED_EDGE('',*,*,#654,.T.);
#863=ORIENTED_EDGE('',*,*,#655,.F.);
#864=ORIENTED_EDGE('',*,*,#658,.F.);
#865=ORIENTED_EDGE('',*,*,#659,.F.);
#866=ORIENTED_EDGE('',*,*,#660,.F.);
#867=ORIENTED_EDGE('',*,*,#661,.T.);
#868=ORIENTED_EDGE('',*,*,#662,.F.);
#869=ORIENTED_EDGE('',*,*,#661,.F.);
#870=ORIENTED_EDGE('',*,*,#663,.F.);
#871=ORIENTED_EDGE('',*,*,#664,.T.);
#872=ORIENTED_EDGE('',*,*,#665,.F.);
#873=ORIENTED_EDGE('',*,*,#664,.F.);
#874=ORIENTED_EDGE('',*,*,#666,.F.);
#875=ORIENTED_EDGE('',*,*,#667,.T.);
#876=ORIENTED_EDGE('',*,*,#668,.F.);
#877=ORIENTED_EDGE('',*,*,#667,.F.);
#878=ORIENTED_EDGE('',*,*,#669,.F.);
#879=ORIENTED_EDGE('',*,*,#670,.T.);
#880=ORIENTED_EDGE('',*,*,#671,.F.);
#881=ORIENTED_EDGE('',*,*,#670,.F.);
#882=ORIENTED_EDGE('',*,*,#672,.F.);
#883=ORIENTED_EDGE('',*,*,#673,.T.);
#884=ORIENTED_EDGE('',*,*,#674,.F.);
#885=ORIENTED_EDGE('',*,*,#673,.F.);
#886=ORIENTED_EDGE('',*,*,#675,.F.);
#887=ORIENTED_EDGE('',*,*,#676,.T.);
#888=ORIENTED_EDGE('',*,*,#677,.F.);
#889=ORIENTED_EDGE('',*,*,#676,.F.);
#890=ORIENTED_EDGE('',*,*,#678,.F.);
#891=ORIENTED_EDGE('',*,*,#679,.T.);
#892=ORIENTED_EDGE('',*,*,#680,.F.);
#893=ORIENTED_EDGE('',*,*,#679,.F.);
#894=ORIENTED_EDGE('',*,*,#681,.F.);
#895=ORIENTED_EDGE('',*,*,#659,.T.);
#896=ORIENTED_EDGE('',*,*,#682,.F.);
#897=ORIENTED_EDGE('',*,*,#683,.F.);
#898=ORIENTED_EDGE('',*,*,#684,.T.);
#899=ORIENTED_EDGE('',*,*,#685,.F.);
#900=ORIENTED_EDGE('',*,*,#686,.F.);
#901=ORIENTED_EDGE('',*,*,#687,.F.);
#902=ORIENTED_EDGE('',*,*,#688,.F.);
#903=ORIENTED_EDGE('',*,*,#689,.F.);
#904=ORIENTED_EDGE('',*,*,#690,.F.);
#905=ORIENTED_EDGE('',*,*,#691,.F.);
#906=ORIENTED_EDGE('',*,*,#692,.F.);
#907=ORIENTED_EDGE('',*,*,#693,.F.);
#908=ORIENTED_EDGE('',*,*,#694,.T.);
#909=ORIENTED_EDGE('',*,*,#695,.F.);
#910=ORIENTED_EDGE('',*,*,#696,.F.);
#911=ORIENTED_EDGE('',*,*,#649,.F.);
#912=ORIENTED_EDGE('',*,*,#697,.T.);
#913=ORIENTED_EDGE('',*,*,#698,.F.);
#914=ORIENTED_EDGE('',*,*,#699,.F.);
#915=ORIENTED_EDGE('',*,*,#671,.T.);
#916=ORIENTED_EDGE('',*,*,#674,.T.);
#917=ORIENTED_EDGE('',*,*,#677,.T.);
#918=ORIENTED_EDGE('',*,*,#680,.T.);
#919=ORIENTED_EDGE('',*,*,#658,.T.);
#920=ORIENTED_EDGE('',*,*,#662,.T.);
#921=ORIENTED_EDGE('',*,*,#665,.T.);
#922=ORIENTED_EDGE('',*,*,#668,.T.);
#923=ORIENTED_EDGE('',*,*,#650,.F.);
#924=ORIENTED_EDGE('',*,*,#699,.T.);
#925=ORIENTED_EDGE('',*,*,#700,.F.);
#926=ORIENTED_EDGE('',*,*,#632,.F.);
#927=ORIENTED_EDGE('',*,*,#621,.F.);
#928=ORIENTED_EDGE('',*,*,#634,.T.);
#929=ORIENTED_EDGE('',*,*,#701,.F.);
#930=ORIENTED_EDGE('',*,*,#702,.F.);
#931=ORIENTED_EDGE('',*,*,#703,.F.);
#932=ORIENTED_EDGE('',*,*,#704,.F.);
#933=ORIENTED_EDGE('',*,*,#705,.F.);
#934=ORIENTED_EDGE('',*,*,#706,.F.);
#935=ORIENTED_EDGE('',*,*,#707,.F.);
#936=ORIENTED_EDGE('',*,*,#702,.T.);
#937=ORIENTED_EDGE('',*,*,#708,.F.);
#938=ORIENTED_EDGE('',*,*,#694,.F.);
#939=ORIENTED_EDGE('',*,*,#648,.F.);
#940=ORIENTED_EDGE('',*,*,#709,.T.);
#941=ORIENTED_EDGE('',*,*,#710,.F.);
#942=ORIENTED_EDGE('',*,*,#697,.F.);
#943=ORIENTED_EDGE('',*,*,#711,.F.);
#944=ORIENTED_EDGE('',*,*,#696,.T.);
#945=ORIENTED_EDGE('',*,*,#712,.F.);
#946=ORIENTED_EDGE('',*,*,#709,.F.);
#947=ORIENTED_EDGE('',*,*,#647,.F.);
#948=ORIENTED_EDGE('',*,*,#713,.F.);
#949=ORIENTED_EDGE('',*,*,#714,.T.);
#950=ORIENTED_EDGE('',*,*,#715,.T.);
#951=ORIENTED_EDGE('',*,*,#716,.T.);
#952=ORIENTED_EDGE('',*,*,#683,.T.);
#953=ORIENTED_EDGE('',*,*,#717,.T.);
#954=ORIENTED_EDGE('',*,*,#718,.T.);
#955=ORIENTED_EDGE('',*,*,#719,.T.);
#956=ORIENTED_EDGE('',*,*,#720,.T.);
#957=ORIENTED_EDGE('',*,*,#601,.T.);
#958=ORIENTED_EDGE('',*,*,#604,.T.);
#959=ORIENTED_EDGE('',*,*,#607,.T.);
#960=ORIENTED_EDGE('',*,*,#708,.T.);
#961=ORIENTED_EDGE('',*,*,#701,.T.);
#962=ORIENTED_EDGE('',*,*,#633,.T.);
#963=ORIENTED_EDGE('',*,*,#700,.T.);
#964=ORIENTED_EDGE('',*,*,#698,.T.);
#965=ORIENTED_EDGE('',*,*,#710,.T.);
#966=ORIENTED_EDGE('',*,*,#712,.T.);
#967=ORIENTED_EDGE('',*,*,#695,.T.);
#968=ORIENTED_EDGE('',*,*,#687,.T.);
#969=ORIENTED_EDGE('',*,*,#721,.F.);
#970=ORIENTED_EDGE('',*,*,#722,.F.);
#971=ORIENTED_EDGE('',*,*,#723,.F.);
#972=ORIENTED_EDGE('',*,*,#686,.T.);
#973=ORIENTED_EDGE('',*,*,#711,.T.);
#974=ORIENTED_EDGE('',*,*,#724,.F.);
#975=ORIENTED_EDGE('',*,*,#721,.T.);
#976=ORIENTED_EDGE('',*,*,#713,.T.);
#977=ORIENTED_EDGE('',*,*,#646,.T.);
#978=ORIENTED_EDGE('',*,*,#725,.F.);
#979=ORIENTED_EDGE('',*,*,#726,.T.);
#980=ORIENTED_EDGE('',*,*,#724,.T.);
#981=ORIENTED_EDGE('',*,*,#693,.T.);
#982=ORIENTED_EDGE('',*,*,#727,.F.);
#983=ORIENTED_EDGE('',*,*,#703,.T.);
#984=ORIENTED_EDGE('',*,*,#707,.T.);
#985=ORIENTED_EDGE('',*,*,#706,.T.);
#986=ORIENTED_EDGE('',*,*,#728,.T.);
#987=ORIENTED_EDGE('',*,*,#729,.T.);
#988=ORIENTED_EDGE('',*,*,#622,.T.);
#989=ORIENTED_EDGE('',*,*,#705,.T.);
#990=ORIENTED_EDGE('',*,*,#730,.F.);
#991=ORIENTED_EDGE('',*,*,#731,.F.);
#992=ORIENTED_EDGE('',*,*,#728,.F.);
#993=ORIENTED_EDGE('',*,*,#682,.T.);
#994=ORIENTED_EDGE('',*,*,#732,.F.);
#995=ORIENTED_EDGE('',*,*,#733,.F.);
#996=ORIENTED_EDGE('',*,*,#717,.F.);
#997=ORIENTED_EDGE('',*,*,#734,.F.);
#998=ORIENTED_EDGE('',*,*,#735,.T.);
#999=ORIENTED_EDGE('',*,*,#635,.F.);
#1000=ORIENTED_EDGE('',*,*,#735,.F.);
#1001=ORIENTED_EDGE('',*,*,#734,.T.);
#1002=ORIENTED_EDGE('',*,*,#736,.T.);
#1003=ORIENTED_EDGE('',*,*,#737,.T.);
#1004=ORIENTED_EDGE('',*,*,#738,.T.);
#1005=ORIENTED_EDGE('',*,*,#739,.T.);
#1006=ORIENTED_EDGE('',*,*,#737,.F.);
#1007=ORIENTED_EDGE('',*,*,#740,.T.);
#1008=ORIENTED_EDGE('',*,*,#741,.F.);
#1009=ORIENTED_EDGE('',*,*,#742,.T.);
#1010=ORIENTED_EDGE('',*,*,#743,.T.);
#1011=ORIENTED_EDGE('',*,*,#741,.T.);
#1012=ORIENTED_EDGE('',*,*,#744,.T.);
#1013=ORIENTED_EDGE('',*,*,#745,.T.);
#1014=ORIENTED_EDGE('',*,*,#657,.T.);
#1015=ORIENTED_EDGE('',*,*,#746,.T.);
#1016=ORIENTED_EDGE('',*,*,#747,.F.);
#1017=ORIENTED_EDGE('',*,*,#643,.T.);
#1018=ORIENTED_EDGE('',*,*,#725,.T.);
#1019=ORIENTED_EDGE('',*,*,#645,.T.);
#1020=ORIENTED_EDGE('',*,*,#748,.T.);
#1021=ORIENTED_EDGE('',*,*,#749,.T.);
#1022=ORIENTED_EDGE('',*,*,#691,.T.);
#1023=ORIENTED_EDGE('',*,*,#750,.T.);
#1024=ORIENTED_EDGE('',*,*,#751,.T.);
#1025=ORIENTED_EDGE('',*,*,#692,.T.);
#1026=ORIENTED_EDGE('',*,*,#751,.F.);
#1027=ORIENTED_EDGE('',*,*,#730,.T.);
#1028=ORIENTED_EDGE('',*,*,#704,.T.);
#1029=ORIENTED_EDGE('',*,*,#727,.T.);
#1030=ORIENTED_EDGE('',*,*,#690,.T.);
#1031=ORIENTED_EDGE('',*,*,#752,.T.);
#1032=ORIENTED_EDGE('',*,*,#731,.T.);
#1033=ORIENTED_EDGE('',*,*,#750,.F.);
#1034=ORIENTED_EDGE('',*,*,#726,.F.);
#1035=ORIENTED_EDGE('',*,*,#753,.T.);
#1036=ORIENTED_EDGE('',*,*,#754,.T.);
#1037=ORIENTED_EDGE('',*,*,#722,.T.);
#1038=ORIENTED_EDGE('',*,*,#749,.F.);
#1039=ORIENTED_EDGE('',*,*,#755,.T.);
#1040=ORIENTED_EDGE('',*,*,#624,.F.);
#1041=ORIENTED_EDGE('',*,*,#753,.F.);
#1042=ORIENTED_EDGE('',*,*,#689,.T.);
#1043=ORIENTED_EDGE('',*,*,#756,.F.);
#1044=ORIENTED_EDGE('',*,*,#729,.F.);
#1045=ORIENTED_EDGE('',*,*,#752,.F.);
#1046=ORIENTED_EDGE('',*,*,#688,.T.);
#1047=ORIENTED_EDGE('',*,*,#723,.T.);
#1048=ORIENTED_EDGE('',*,*,#754,.F.);
#1049=ORIENTED_EDGE('',*,*,#623,.T.);
#1050=ORIENTED_EDGE('',*,*,#756,.T.);
#1051=ORIENTED_EDGE('',*,*,#656,.T.);
#1052=ORIENTED_EDGE('',*,*,#628,.F.);
#1053=ORIENTED_EDGE('',*,*,#757,.F.);
#1054=ORIENTED_EDGE('',*,*,#744,.F.);
#1055=ORIENTED_EDGE('',*,*,#740,.F.);
#1056=ORIENTED_EDGE('',*,*,#736,.F.);
#1057=ORIENTED_EDGE('',*,*,#758,.F.);
#1058=ORIENTED_EDGE('',*,*,#746,.F.);
#1059=ORIENTED_EDGE('',*,*,#759,.F.);
#1060=ORIENTED_EDGE('',*,*,#760,.F.);
#1061=ORIENTED_EDGE('',*,*,#738,.F.);
#1062=ORIENTED_EDGE('',*,*,#742,.F.);
#1063=ORIENTED_EDGE('',*,*,#743,.F.);
#1064=ORIENTED_EDGE('',*,*,#761,.F.);
#1065=ORIENTED_EDGE('',*,*,#759,.T.);
#1066=ORIENTED_EDGE('',*,*,#762,.T.);
#1067=ORIENTED_EDGE('',*,*,#763,.T.);
#1068=ORIENTED_EDGE('',*,*,#764,.T.);
#1069=ORIENTED_EDGE('',*,*,#745,.F.);
#1070=ORIENTED_EDGE('',*,*,#757,.T.);
#1071=ORIENTED_EDGE('',*,*,#627,.F.);
#1072=ORIENTED_EDGE('',*,*,#765,.F.);
#1073=ORIENTED_EDGE('',*,*,#762,.F.);
#1074=ORIENTED_EDGE('',*,*,#761,.T.);
#1075=ORIENTED_EDGE('',*,*,#760,.T.);
#1076=ORIENTED_EDGE('',*,*,#764,.F.);
#1077=ORIENTED_EDGE('',*,*,#766,.T.);
#1078=ORIENTED_EDGE('',*,*,#625,.F.);
#1079=ORIENTED_EDGE('',*,*,#755,.F.);
#1080=ORIENTED_EDGE('',*,*,#748,.F.);
#1081=ORIENTED_EDGE('',*,*,#644,.F.);
#1082=ORIENTED_EDGE('',*,*,#747,.T.);
#1083=ORIENTED_EDGE('',*,*,#758,.T.);
#1084=ORIENTED_EDGE('',*,*,#739,.F.);
#1085=ORIENTED_EDGE('',*,*,#763,.F.);
#1086=ORIENTED_EDGE('',*,*,#765,.T.);
#1087=ORIENTED_EDGE('',*,*,#626,.F.);
#1088=ORIENTED_EDGE('',*,*,#766,.F.);
#1089=ORIENTED_EDGE('',*,*,#767,.F.);
#1090=ORIENTED_EDGE('',*,*,#715,.F.);
#1091=ORIENTED_EDGE('',*,*,#768,.F.);
#1092=ORIENTED_EDGE('',*,*,#769,.F.);
#1093=ORIENTED_EDGE('',*,*,#672,.T.);
#1094=ORIENTED_EDGE('',*,*,#669,.T.);
#1095=ORIENTED_EDGE('',*,*,#666,.T.);
#1096=ORIENTED_EDGE('',*,*,#663,.T.);
#1097=ORIENTED_EDGE('',*,*,#660,.T.);
#1098=ORIENTED_EDGE('',*,*,#681,.T.);
#1099=ORIENTED_EDGE('',*,*,#678,.T.);
#1100=ORIENTED_EDGE('',*,*,#675,.T.);
#1101=ORIENTED_EDGE('',*,*,#684,.F.);
#1102=ORIENTED_EDGE('',*,*,#716,.F.);
#1103=ORIENTED_EDGE('',*,*,#767,.T.);
#1104=ORIENTED_EDGE('',*,*,#770,.F.);
#1105=ORIENTED_EDGE('',*,*,#733,.T.);
#1106=ORIENTED_EDGE('',*,*,#771,.F.);
#1107=ORIENTED_EDGE('',*,*,#772,.F.);
#1108=ORIENTED_EDGE('',*,*,#718,.F.);
#1109=ORIENTED_EDGE('',*,*,#772,.T.);
#1110=ORIENTED_EDGE('',*,*,#773,.F.);
#1111=ORIENTED_EDGE('',*,*,#774,.F.);
#1112=ORIENTED_EDGE('',*,*,#719,.F.);
#1113=ORIENTED_EDGE('',*,*,#774,.T.);
#1114=ORIENTED_EDGE('',*,*,#775,.F.);
#1115=ORIENTED_EDGE('',*,*,#776,.F.);
#1116=ORIENTED_EDGE('',*,*,#720,.F.);
#1117=ORIENTED_EDGE('',*,*,#768,.T.);
#1118=ORIENTED_EDGE('',*,*,#714,.F.);
#1119=ORIENTED_EDGE('',*,*,#776,.T.);
#1120=ORIENTED_EDGE('',*,*,#777,.F.);
#1121=ORIENTED_EDGE('',*,*,#777,.T.);
#1122=ORIENTED_EDGE('',*,*,#775,.T.);
#1123=ORIENTED_EDGE('',*,*,#773,.T.);
#1124=ORIENTED_EDGE('',*,*,#771,.T.);
#1125=ORIENTED_EDGE('',*,*,#732,.T.);
#1126=ORIENTED_EDGE('',*,*,#685,.T.);
#1127=ORIENTED_EDGE('',*,*,#770,.T.);
#1128=ORIENTED_EDGE('',*,*,#769,.T.);
#1129=ORIENTED_EDGE('',*,*,#603,.T.);
#1130=ORIENTED_EDGE('',*,*,#606,.T.);
#1131=ORIENTED_EDGE('',*,*,#609,.T.);
#1132=CYLINDRICAL_SURFACE('',#1228,0.600000000000005);
#1133=CYLINDRICAL_SURFACE('',#1231,0.600000000000005);
#1134=CYLINDRICAL_SURFACE('',#1234,0.600000000000005);
#1135=CYLINDRICAL_SURFACE('',#1237,0.25);
#1136=CYLINDRICAL_SURFACE('',#1240,0.25);
#1137=CYLINDRICAL_SURFACE('',#1242,0.25);
#1138=CYLINDRICAL_SURFACE('',#1262,0.999999999999994);
#1139=CYLINDRICAL_SURFACE('',#1266,0.999999999999996);
#1140=CYLINDRICAL_SURFACE('',#1270,0.999999999999996);
#1141=CYLINDRICAL_SURFACE('',#1274,0.999999999999996);
#1142=CYLINDRICAL_SURFACE('',#1278,4.00000000000004);
#1143=CYLINDRICAL_SURFACE('',#1282,6.49999999999995);
#1144=CYLINDRICAL_SURFACE('',#1284,4.00000000000002);
#1145=CYLINDRICAL_SURFACE('',#1288,6.49999999999995);
#1146=CYLINDRICAL_SURFACE('',#1297,0.75);
#1147=CYLINDRICAL_SURFACE('',#1303,0.5);
#1148=CYLINDRICAL_SURFACE('',#1306,4.);
#1149=CYLINDRICAL_SURFACE('',#1308,2.68652277279358);
#1150=CYLINDRICAL_SURFACE('',#1311,0.5);
#1151=CYLINDRICAL_SURFACE('',#1315,0.5);
#1152=CYLINDRICAL_SURFACE('',#1318,0.75);
#1153=CYLINDRICAL_SURFACE('',#1320,0.75);
#1154=CYLINDRICAL_SURFACE('',#1325,0.75);
#1155=CYLINDRICAL_SURFACE('',#1326,0.5);
#1156=CYLINDRICAL_SURFACE('',#1328,0.5);
#1157=CYLINDRICAL_SURFACE('',#1333,0.5);
#1158=CYLINDRICAL_SURFACE('',#1341,6.5);
#1159=CYLINDRICAL_SURFACE('',#1344,4.);
#1160=CYLINDRICAL_SURFACE('',#1347,6.49999999999999);
#1161=ADVANCED_FACE('',(#73),#1132,.F.);
#1162=ADVANCED_FACE('',(#74),#1133,.F.);
#1163=ADVANCED_FACE('',(#75),#1134,.F.);
#1164=ADVANCED_FACE('',(#76),#1135,.F.);
#1165=ADVANCED_FACE('',(#77),#1136,.F.);
#1166=ADVANCED_FACE('',(#78),#1137,.F.);
#1167=ADVANCED_FACE('',(#79),#38,.T.);
#1168=ADVANCED_FACE('',(#80),#39,.F.);
#1169=ADVANCED_FACE('',(#81),#35,.F.);
#1170=ADVANCED_FACE('',(#82),#40,.F.);
#1171=ADVANCED_FACE('',(#83),#41,.T.);
#1172=ADVANCED_FACE('',(#84),#42,.T.);
#1173=ADVANCED_FACE('',(#85),#43,.T.);
#1174=ADVANCED_FACE('',(#86),#44,.F.);
#1175=ADVANCED_FACE('',(#87),#45,.F.);
#1176=ADVANCED_FACE('',(#88),#1138,.F.);
#1177=ADVANCED_FACE('',(#89),#46,.F.);
#1178=ADVANCED_FACE('',(#90),#1139,.F.);
#1179=ADVANCED_FACE('',(#91),#47,.F.);
#1180=ADVANCED_FACE('',(#92),#1140,.F.);
#1181=ADVANCED_FACE('',(#93),#48,.F.);
#1182=ADVANCED_FACE('',(#94),#1141,.F.);
#1183=ADVANCED_FACE('',(#95),#49,.T.);
#1184=ADVANCED_FACE('',(#96),#1142,.F.);
#1185=ADVANCED_FACE('',(#97,#16),#50,.F.);
#1186=ADVANCED_FACE('',(#98),#1143,.F.);
#1187=ADVANCED_FACE('',(#99),#1144,.F.);
#1188=ADVANCED_FACE('',(#100),#51,.F.);
#1189=ADVANCED_FACE('',(#101),#1145,.F.);
#1190=ADVANCED_FACE('',(#102),#52,.F.);
#1191=ADVANCED_FACE('',(#103,#17,#18,#19,#20),#53,.F.);
#1192=ADVANCED_FACE('',(#104),#54,.T.);
#1193=ADVANCED_FACE('',(#105),#1146,.F.);
#1194=ADVANCED_FACE('',(#106),#36,.F.);
#1195=ADVANCED_FACE('',(#107),#55,.F.);
#1196=ADVANCED_FACE('',(#108),#1147,.T.);
#1197=ADVANCED_FACE('',(#109),#56,.T.);
#1198=ADVANCED_FACE('',(#110),#1148,.T.);
#1199=ADVANCED_FACE('',(#111),#1149,.T.);
#1200=ADVANCED_FACE('',(#112),#57,.T.);
#1201=ADVANCED_FACE('',(#113),#1150,.F.);
#1202=ADVANCED_FACE('',(#114),#58,.T.);
#1203=ADVANCED_FACE('',(#115),#1151,.F.);
#1204=ADVANCED_FACE('',(#116),#1152,.F.);
#1205=ADVANCED_FACE('',(#117),#1153,.F.);
#1206=ADVANCED_FACE('',(#118),#37,.F.);
#1207=ADVANCED_FACE('',(#119),#1154,.F.);
#1208=ADVANCED_FACE('',(#120),#1155,.T.);
#1209=ADVANCED_FACE('',(#121),#1156,.T.);
#1210=ADVANCED_FACE('',(#122),#59,.T.);
#1211=ADVANCED_FACE('',(#123),#15,.T.);
#1212=ADVANCED_FACE('',(#124),#1157,.T.);
#1213=ADVANCED_FACE('',(#125),#60,.T.);
#1214=ADVANCED_FACE('',(#126),#61,.T.);
#1215=ADVANCED_FACE('',(#127),#62,.F.);
#1216=ADVANCED_FACE('',(#128),#63,.T.);
#1217=ADVANCED_FACE('',(#129),#64,.T.);
#1218=ADVANCED_FACE('',(#130),#65,.T.);
#1219=ADVANCED_FACE('',(#131,#21),#66,.T.);
#1220=ADVANCED_FACE('',(#132),#1158,.T.);
#1221=ADVANCED_FACE('',(#133),#67,.T.);
#1222=ADVANCED_FACE('',(#134),#1159,.T.);
#1223=ADVANCED_FACE('',(#135),#68,.T.);
#1224=ADVANCED_FACE('',(#136),#1160,.T.);
#1225=ADVANCED_FACE('',(#137,#22,#23,#24),#69,.T.);
#1226=CLOSED_SHELL('',(#1161,#1162,#1163,#1164,#1165,#1166,#1167,#1168,
#1169,#1170,#1171,#1172,#1173,#1174,#1175,#1176,#1177,#1178,#1179,#1180,
#1181,#1182,#1183,#1184,#1185,#1186,#1187,#1188,#1189,#1190,#1191,#1192,
#1193,#1194,#1195,#1196,#1197,#1198,#1199,#1200,#1201,#1202,#1203,#1204,
#1205,#1206,#1207,#1208,#1209,#1210,#1211,#1212,#1213,#1214,#1215,#1216,
#1217,#1218,#1219,#1220,#1221,#1222,#1223,#1224,#1225));
#1227=AXIS2_PLACEMENT_3D('',#1706,#1350,#1351);
#1228=AXIS2_PLACEMENT_3D('',#1707,#1352,#1353);
#1229=AXIS2_PLACEMENT_3D('',#1709,#1354,#1355);
#1230=AXIS2_PLACEMENT_3D('',#1712,#1357,#1358);
#1231=AXIS2_PLACEMENT_3D('',#1713,#1359,#1360);
#1232=AXIS2_PLACEMENT_3D('',#1715,#1361,#1362);
#1233=AXIS2_PLACEMENT_3D('',#1718,#1364,#1365);
#1234=AXIS2_PLACEMENT_3D('',#1719,#1366,#1367);
#1235=AXIS2_PLACEMENT_3D('',#1721,#1368,#1369);
#1236=AXIS2_PLACEMENT_3D('',#1724,#1371,#1372);
#1237=AXIS2_PLACEMENT_3D('',#1725,#1373,#1374);
#1238=AXIS2_PLACEMENT_3D('',#1730,#1376,#1377);
#1239=AXIS2_PLACEMENT_3D('',#1733,#1379,#1380);
#1240=AXIS2_PLACEMENT_3D('',#1734,#1381,#1382);
#1241=AXIS2_PLACEMENT_3D('',#1738,#1384,#1385);
#1242=AXIS2_PLACEMENT_3D('',#1740,#1387,#1388);
#1243=AXIS2_PLACEMENT_3D('',#1744,#1390,#1391);
#1244=AXIS2_PLACEMENT_3D('',#1746,#1393,#1394);
#1245=AXIS2_PLACEMENT_3D('',#1750,#1396,#1397);
#1246=AXIS2_PLACEMENT_3D('',#1768,#1407,#1408);
#1247=AXIS2_PLACEMENT_3D('',#1776,#1413,#1414);
#1248=AXIS2_PLACEMENT_3D('',#1778,#1415,#1416);
#1249=AXIS2_PLACEMENT_3D('',#1780,#1417,#1418);
#1250=AXIS2_PLACEMENT_3D('',#1782,#1419,#1420);
#1251=AXIS2_PLACEMENT_3D('',#1797,#1421,#1422);
#1252=AXIS2_PLACEMENT_3D('',#1798,#1423,#1424);
#1253=AXIS2_PLACEMENT_3D('',#1809,#1430,#1431);
#1254=AXIS2_PLACEMENT_3D('',#1813,#1433,#1434);
#1255=AXIS2_PLACEMENT_3D('',#1816,#1436,#1437);
#1256=AXIS2_PLACEMENT_3D('',#1817,#1438,#1439);
#1257=AXIS2_PLACEMENT_3D('',#1821,#1442,#1443);
#1258=AXIS2_PLACEMENT_3D('',#1825,#1446,#1447);
#1259=AXIS2_PLACEMENT_3D('',#1827,#1449,#1450);
#1260=AXIS2_PLACEMENT_3D('',#1830,#1452,#1453);
#1261=AXIS2_PLACEMENT_3D('',#1831,#1454,#1455);
#1262=AXIS2_PLACEMENT_3D('',#1840,#1460,#1461);
#1263=AXIS2_PLACEMENT_3D('',#1842,#1462,#1463);
#1264=AXIS2_PLACEMENT_3D('',#1844,#1464,#1465);
#1265=AXIS2_PLACEMENT_3D('',#1846,#1467,#1468);
#1266=AXIS2_PLACEMENT_3D('',#1852,#1472,#1473);
#1267=AXIS2_PLACEMENT_3D('',#1854,#1474,#1475);
#1268=AXIS2_PLACEMENT_3D('',#1856,#1476,#1477);
#1269=AXIS2_PLACEMENT_3D('',#1858,#1479,#1480);
#1270=AXIS2_PLACEMENT_3D('',#1864,#1484,#1485);
#1271=AXIS2_PLACEMENT_3D('',#1866,#1486,#1487);
#1272=AXIS2_PLACEMENT_3D('',#1868,#1488,#1489);
#1273=AXIS2_PLACEMENT_3D('',#1870,#1491,#1492);
#1274=AXIS2_PLACEMENT_3D('',#1876,#1496,#1497);
#1275=AXIS2_PLACEMENT_3D('',#1877,#1498,#1499);
#1276=AXIS2_PLACEMENT_3D('',#1878,#1500,#1501);
#1277=AXIS2_PLACEMENT_3D('',#1879,#1502,#1503);
#1278=AXIS2_PLACEMENT_3D('',#1888,#1508,#1509);
#1279=AXIS2_PLACEMENT_3D('',#1948,#1512,#1513);
#1280=AXIS2_PLACEMENT_3D('',#1952,#1515,#1516);
#1281=AXIS2_PLACEMENT_3D('',#1954,#1518,#1519);
#1282=AXIS2_PLACEMENT_3D('',#1960,#1523,#1524);
#1283=AXIS2_PLACEMENT_3D('',#1961,#1525,#1526);
#1284=AXIS2_PLACEMENT_3D('',#1962,#1527,#1528);
#1285=AXIS2_PLACEMENT_3D('',#1964,#1529,#1530);
#1286=AXIS2_PLACEMENT_3D('',#1968,#1532,#1533);
#1287=AXIS2_PLACEMENT_3D('',#1992,#1535,#1536);
#1288=AXIS2_PLACEMENT_3D('',#1995,#1539,#1540);
#1289=AXIS2_PLACEMENT_3D('',#1998,#1542,#1543);
#1290=AXIS2_PLACEMENT_3D('',#1999,#1544,#1545);
#1291=AXIS2_PLACEMENT_3D('',#2015,#1548,#1549);
#1292=AXIS2_PLACEMENT_3D('',#2018,#1550,#1551);
#1293=AXIS2_PLACEMENT_3D('',#2021,#1553,#1554);
#1294=AXIS2_PLACEMENT_3D('',#2023,#1555,#1556);
#1295=AXIS2_PLACEMENT_3D('',#2027,#1558,#1559);
#1296=AXIS2_PLACEMENT_3D('',#2029,#1561,#1562);
#1297=AXIS2_PLACEMENT_3D('',#2035,#1566,#1567);
#1298=AXIS2_PLACEMENT_3D('',#2036,#1568,#1569);
#1299=AXIS2_PLACEMENT_3D('',#2037,#1570,#1571);
#1300=AXIS2_PLACEMENT_3D('',#2039,#1572,#1573);
#1301=AXIS2_PLACEMENT_3D('',#2040,#1574,#1575);
#1302=AXIS2_PLACEMENT_3D('',#2041,#1576,#1577);
#1303=AXIS2_PLACEMENT_3D('',#2043,#1579,#1580);
#1304=AXIS2_PLACEMENT_3D('',#2046,#1582,#1583);
#1305=AXIS2_PLACEMENT_3D('',#2047,#1584,#1585);
#1306=AXIS2_PLACEMENT_3D('',#2051,#1588,#1589);
#1307=AXIS2_PLACEMENT_3D('',#2053,#1590,#1591);
#1308=AXIS2_PLACEMENT_3D('',#2055,#1593,#1594);
#1309=AXIS2_PLACEMENT_3D('',#2057,#1595,#1596);
#1310=AXIS2_PLACEMENT_3D('',#2059,#1598,#1599);
#1311=AXIS2_PLACEMENT_3D('',#2060,#1600,#1601);
#1312=AXIS2_PLACEMENT_3D('',#2063,#1602,#1603);
#1313=AXIS2_PLACEMENT_3D('',#2067,#1605,#1606);
#1314=AXIS2_PLACEMENT_3D('',#2069,#1608,#1609);
#1315=AXIS2_PLACEMENT_3D('',#2075,#1613,#1614);
#1316=AXIS2_PLACEMENT_3D('',#2077,#1615,#1616);
#1317=AXIS2_PLACEMENT_3D('',#2079,#1617,#1618);
#1318=AXIS2_PLACEMENT_3D('',#2081,#1620,#1621);
#1319=AXIS2_PLACEMENT_3D('',#2084,#1623,#1624);
#1320=AXIS2_PLACEMENT_3D('',#2085,#1625,#1626);
#1321=AXIS2_PLACEMENT_3D('',#2087,#1627,#1628);
#1322=AXIS2_PLACEMENT_3D('',#2089,#1630,#1631);
#1323=AXIS2_PLACEMENT_3D('',#2090,#1632,#1633);
#1324=AXIS2_PLACEMENT_3D('',#2091,#1634,#1635);
#1325=AXIS2_PLACEMENT_3D('',#2092,#1636,#1637);
#1326=AXIS2_PLACEMENT_3D('',#2093,#1638,#1639);
#1327=AXIS2_PLACEMENT_3D('',#2094,#1640,#1641);
#1328=AXIS2_PLACEMENT_3D('',#2095,#1642,#1643);
#1329=AXIS2_PLACEMENT_3D('',#2097,#1645,#1646);
#1330=AXIS2_PLACEMENT_3D('',#2098,#1647,#1648);
#1331=AXIS2_PLACEMENT_3D('',#2100,#1650,#1651);
#1332=AXIS2_PLACEMENT_3D('',#2101,#1652,#1653);
#1333=AXIS2_PLACEMENT_3D('',#2102,#1654,#1655);
#1334=AXIS2_PLACEMENT_3D('',#2103,#1656,#1657);
#1335=AXIS2_PLACEMENT_3D('',#2106,#1660,#1661);
#1336=AXIS2_PLACEMENT_3D('',#2112,#1665,#1666);
#1337=AXIS2_PLACEMENT_3D('',#2118,#1670,#1671);
#1338=AXIS2_PLACEMENT_3D('',#2120,#1673,#1674);
#1339=AXIS2_PLACEMENT_3D('',#2122,#1676,#1677);
#1340=AXIS2_PLACEMENT_3D('',#2123,#1678,#1679);
#1341=AXIS2_PLACEMENT_3D('',#2129,#1683,#1684);
#1342=AXIS2_PLACEMENT_3D('',#2130,#1685,#1686);
#1343=AXIS2_PLACEMENT_3D('',#2131,#1687,#1688);
#1344=AXIS2_PLACEMENT_3D('',#2135,#1691,#1692);
#1345=AXIS2_PLACEMENT_3D('',#2137,#1693,#1694);
#1346=AXIS2_PLACEMENT_3D('',#2139,#1696,#1697);
#1347=AXIS2_PLACEMENT_3D('',#2143,#1700,#1701);
#1348=AXIS2_PLACEMENT_3D('',#2144,#1702,#1703);
#1349=AXIS2_PLACEMENT_3D('',#2145,#1704,#1705);
#1350=DIRECTION('axis',(0.,0.,1.));
#1351=DIRECTION('refdir',(1.,0.,0.));
#1352=DIRECTION('center_axis',(0.,0.,-1.));
#1353=DIRECTION('ref_axis',(-1.,0.,0.));
#1354=DIRECTION('center_axis',(-6.93889390390723E-17,0.,-1.));
#1355=DIRECTION('ref_axis',(-1.,0.,0.));
#1356=DIRECTION('',(0.,0.,-1.));
#1357=DIRECTION('center_axis',(6.93889390390723E-17,0.,1.));
#1358=DIRECTION('ref_axis',(-1.,0.,0.));
#1359=DIRECTION('center_axis',(0.,0.,-1.));
#1360=DIRECTION('ref_axis',(-1.,0.,0.));
#1361=DIRECTION('center_axis',(-6.93889390390723E-17,0.,-1.));
#1362=DIRECTION('ref_axis',(-1.,0.,0.));
#1363=DIRECTION('',(0.,0.,-1.));
#1364=DIRECTION('center_axis',(6.93889390390723E-17,0.,1.));
#1365=DIRECTION('ref_axis',(-1.,0.,0.));
#1366=DIRECTION('center_axis',(0.,0.,-1.));
#1367=DIRECTION('ref_axis',(-1.,0.,0.));
#1368=DIRECTION('center_axis',(-6.93889390390723E-17,0.,-1.));
#1369=DIRECTION('ref_axis',(-1.,0.,0.));
#1370=DIRECTION('',(0.,0.,-1.));
#1371=DIRECTION('center_axis',(6.93889390390723E-17,0.,1.));
#1372=DIRECTION('ref_axis',(-1.,0.,0.));
#1373=DIRECTION('center_axis',(0.,0.,-1.));
#1374=DIRECTION('ref_axis',(-0.707106781186548,0.707106781186548,0.));
#1375=DIRECTION('',(0.,0.,-1.));
#1376=DIRECTION('center_axis',(6.93889390390723E-17,0.,1.));
#1377=DIRECTION('ref_axis',(-0.707106781186548,0.707106781186548,0.));
#1378=DIRECTION('',(0.,0.,1.));
#1379=DIRECTION('center_axis',(-0.707106781186568,1.57009245868376E-15,
0.707106781186527));
#1380=DIRECTION('ref_axis',(0.707106781186527,-1.57009245868367E-15,0.707106781186568));
#1381=DIRECTION('center_axis',(1.,-2.04178943280599E-16,0.));
#1382=DIRECTION('ref_axis',(0.,0.707106781186528,-0.707106781186567));
#1383=DIRECTION('',(-1.,2.04178943280599E-16,0.));
#1384=DIRECTION('center_axis',(-0.707106781186542,-1.57009245868376E-15,
-0.707106781186553));
#1385=DIRECTION('ref_axis',(-0.707106781186553,1.85884508942217E-15,0.707106781186542));
#1386=DIRECTION('',(1.,-2.04178943280599E-16,0.));
#1387=DIRECTION('center_axis',(0.,0.,1.));
#1388=DIRECTION('ref_axis',(0.707106781186573,0.707106781186523,0.));
#1389=DIRECTION('',(0.,0.,-1.));
#1390=DIRECTION('center_axis',(0.,0.,1.));
#1391=DIRECTION('ref_axis',(0.707106781186573,0.707106781186523,0.));
#1392=DIRECTION('',(0.,0.,1.));
#1393=DIRECTION('center_axis',(0.,0.,1.));
#1394=DIRECTION('ref_axis',(1.,0.,0.));
#1395=DIRECTION('',(-1.,2.04178943280599E-16,0.));
#1396=DIRECTION('center_axis',(0.,0.,1.));
#1397=DIRECTION('ref_axis',(-1.,6.6613381477509E-15,0.));
#1398=DIRECTION('',(0.,1.,0.));
#1399=DIRECTION('',(-1.,0.,0.));
#1400=DIRECTION('',(0.,1.,0.));
#1401=DIRECTION('',(-1.,0.,0.));
#1402=DIRECTION('',(0.,1.,0.));
#1403=DIRECTION('',(1.,0.,0.));
#1404=DIRECTION('',(0.,1.,0.));
#1405=DIRECTION('',(-1.,0.,0.));
#1406=DIRECTION('',(0.,1.,0.));
#1407=DIRECTION('center_axis',(2.04178943280599E-16,1.,0.));
#1408=DIRECTION('ref_axis',(-1.,2.04178943280599E-16,0.));
#1409=DIRECTION('',(-1.,2.04178943280599E-16,6.93889390390723E-17));
#1410=DIRECTION('',(0.,0.,1.));
#1411=DIRECTION('',(1.,-2.04178943280599E-16,-6.93889390390723E-17));
#1412=DIRECTION('',(0.,0.,1.));
#1413=DIRECTION('center_axis',(-6.93889390390723E-17,0.,-1.));
#1414=DIRECTION('ref_axis',(-1.,0.,0.));
#1415=DIRECTION('center_axis',(-6.93889390390723E-17,0.,-1.));
#1416=DIRECTION('ref_axis',(-1.,0.,5.16570637269664E-17));
#1417=DIRECTION('center_axis',(0.,-1.,0.));
#1418=DIRECTION('ref_axis',(1.,0.,0.));
#1419=DIRECTION('center_axis',(6.93889390390723E-17,0.,1.));
#1420=DIRECTION('ref_axis',(-1.,0.,6.93889390390723E-17));
#1421=DIRECTION('center_axis',(6.93889390390723E-17,0.,1.));
#1422=DIRECTION('ref_axis',(-1.,0.,6.93889390390723E-17));
#1423=DIRECTION('center_axis',(-6.93889390390723E-17,0.,-1.));
#1424=DIRECTION('ref_axis',(1.,0.,-6.93889390390723E-17));
#1425=DIRECTION('',(0.,-1.,0.));
#1426=DIRECTION('',(-1.,0.,6.93889390390723E-17));
#1427=DIRECTION('',(0.,1.,0.));
#1428=DIRECTION('',(1.,0.,-6.93889390390723E-17));
#1429=DIRECTION('',(0.,1.,0.));
#1430=DIRECTION('center_axis',(6.93889390390723E-17,0.,1.));
#1431=DIRECTION('ref_axis',(0.707106781186565,-0.70710678118653,-4.90653893338692E-17));
#1432=DIRECTION('',(1.,0.,-6.93889390390723E-17));
#1433=DIRECTION('center_axis',(6.93889390390723E-17,0.,1.));
#1434=DIRECTION('ref_axis',(1.,5.46571335200081E-15,0.));
#1435=DIRECTION('',(0.,1.,0.));
#1436=DIRECTION('center_axis',(6.93889390390723E-17,0.,1.));
#1437=DIRECTION('ref_axis',(-5.46571335200081E-15,1.,0.));
#1438=DIRECTION('center_axis',(-1.,0.,0.));
#1439=DIRECTION('ref_axis',(0.,0.,1.));
#1440=DIRECTION('',(0.,0.,1.));
#1441=DIRECTION('',(0.,1.,0.));
#1442=DIRECTION('center_axis',(1.,0.,0.));
#1443=DIRECTION('ref_axis',(0.,0.,-1.));
#1444=DIRECTION('',(0.,1.,0.));
#1445=DIRECTION('',(0.,0.,1.));
#1446=DIRECTION('center_axis',(0.,0.,1.));
#1447=DIRECTION('ref_axis',(1.,0.,0.));
#1448=DIRECTION('',(1.,0.,0.));
#1449=DIRECTION('center_axis',(0.,1.,0.));
#1450=DIRECTION('ref_axis',(1.,0.,0.));
#1451=DIRECTION('',(0.,0.,1.));
#1452=DIRECTION('center_axis',(0.,1.,0.));
#1453=DIRECTION('ref_axis',(-0.707106781186528,0.,-0.707106781186567));
#1454=DIRECTION('center_axis',(0.,0.,-1.));
#1455=DIRECTION('ref_axis',(0.,-1.,0.));
#1456=DIRECTION('',(0.,1.,0.));
#1457=DIRECTION('',(-1.,0.,0.));
#1458=DIRECTION('',(0.,-1.,0.));
#1459=DIRECTION('',(-1.,0.,0.));
#1460=DIRECTION('center_axis',(-1.,0.,0.));
#1461=DIRECTION('ref_axis',(0.,0.,-1.));
#1462=DIRECTION('center_axis',(1.,0.,0.));
#1463=DIRECTION('ref_axis',(0.,0.,-1.));
#1464=DIRECTION('center_axis',(-1.,0.,0.));
#1465=DIRECTION('ref_axis',(0.,0.,-1.));
#1466=DIRECTION('',(-1.,0.,0.));
#1467=DIRECTION('center_axis',(0.,1.,0.));
#1468=DIRECTION('ref_axis',(0.,0.,-1.));
#1469=DIRECTION('',(0.,0.,1.));
#1470=DIRECTION('',(0.,0.,-1.));
#1471=DIRECTION('',(-1.,0.,0.));
#1472=DIRECTION('center_axis',(-1.,0.,0.));
#1473=DIRECTION('ref_axis',(0.,1.,-5.5511151231258E-15));
#1474=DIRECTION('center_axis',(1.,0.,0.));
#1475=DIRECTION('ref_axis',(0.,1.,-5.5511151231258E-15));
#1476=DIRECTION('center_axis',(-1.,0.,0.));
#1477=DIRECTION('ref_axis',(0.,1.,-5.5511151231258E-15));
#1478=DIRECTION('',(-1.,0.,0.));
#1479=DIRECTION('center_axis',(0.,0.,1.));
#1480=DIRECTION('ref_axis',(0.,1.,0.));
#1481=DIRECTION('',(0.,-1.,0.));
#1482=DIRECTION('',(0.,1.,0.));
#1483=DIRECTION('',(-1.,0.,0.));
#1484=DIRECTION('center_axis',(-1.,0.,0.));
#1485=DIRECTION('ref_axis',(0.,0.,1.));
#1486=DIRECTION('center_axis',(1.,0.,0.));
#1487=DIRECTION('ref_axis',(0.,0.,1.));
#1488=DIRECTION('center_axis',(-1.,0.,0.));
#1489=DIRECTION('ref_axis',(0.,0.,1.));
#1490=DIRECTION('',(-1.,0.,0.));
#1491=DIRECTION('center_axis',(0.,-1.,0.));
#1492=DIRECTION('ref_axis',(0.,0.,1.));
#1493=DIRECTION('',(0.,0.,-1.));
#1494=DIRECTION('',(0.,0.,1.));
#1495=DIRECTION('',(-1.,0.,0.));
#1496=DIRECTION('center_axis',(-1.,0.,0.));
#1497=DIRECTION('ref_axis',(0.,-1.,2.22044604925032E-15));
#1498=DIRECTION('center_axis',(1.,0.,0.));
#1499=DIRECTION('ref_axis',(0.,-1.,2.22044604925032E-15));
#1500=DIRECTION('center_axis',(-1.,0.,0.));
#1501=DIRECTION('ref_axis',(0.,-1.,2.22044604925032E-15));
#1502=DIRECTION('center_axis',(1.90710643987634E-16,1.,0.));
#1503=DIRECTION('ref_axis',(1.,-1.90710643987634E-16,-1.22174006304578E-16));
#1504=DIRECTION('',(0.,0.,-1.));
#1505=DIRECTION('',(-1.,1.90710643987634E-16,1.22174006304578E-16));
#1506=DIRECTION('',(0.,0.,-1.));
#1507=DIRECTION('',(1.,-1.90710643987634E-16,-1.22174006304578E-16));
#1508=DIRECTION('center_axis',(0.,0.,1.));
#1509=DIRECTION('ref_axis',(-8.88178419700117E-15,-1.,0.));
#1510=DIRECTION('',(0.,0.,-1.));
#1511=DIRECTION('',(0.,0.,1.));
#1512=DIRECTION('center_axis',(6.93889390390723E-17,0.,1.));
#1513=DIRECTION('ref_axis',(-8.88178419700117E-15,-1.,0.));
#1514=DIRECTION('',(0.,0.,1.));
#1515=DIRECTION('center_axis',(-6.93889390390723E-17,0.,-1.));
#1516=DIRECTION('ref_axis',(-8.88178419700117E-15,-1.,0.));
#1517=DIRECTION('',(0.,0.,1.));
#1518=DIRECTION('center_axis',(1.,0.,0.));
#1519=DIRECTION('ref_axis',(0.,1.,-2.44902131344974E-16));
#1520=DIRECTION('',(0.,0.,1.));
#1521=DIRECTION('',(0.,-1.,0.));
#1522=DIRECTION('',(0.,0.,1.));
#1523=DIRECTION('center_axis',(0.,0.,1.));
#1524=DIRECTION('ref_axis',(-5.46571335200081E-15,1.,0.));
#1525=DIRECTION('center_axis',(-6.93889390390723E-17,0.,-1.));
#1526=DIRECTION('ref_axis',(-5.46571335200081E-15,1.,0.));
#1527=DIRECTION('center_axis',(0.,0.,1.));
#1528=DIRECTION('ref_axis',(-1.,6.6613381477509E-15,0.));
#1529=DIRECTION('center_axis',(-6.93889390390723E-17,0.,-1.));
#1530=DIRECTION('ref_axis',(-1.,6.6613381477509E-15,0.));
#1531=DIRECTION('',(0.,0.,1.));
#1532=DIRECTION('center_axis',(6.93889390390723E-17,0.,1.));
#1533=DIRECTION('ref_axis',(-1.,6.6613381477509E-15,0.));
#1534=DIRECTION('',(0.,0.,-1.));
#1535=DIRECTION('center_axis',(-1.,0.,0.));
#1536=DIRECTION('ref_axis',(0.,-1.,2.46015324321374E-16));
#1537=DIRECTION('',(0.,-1.,0.));
#1538=DIRECTION('',(0.,1.,0.));
#1539=DIRECTION('center_axis',(0.,0.,1.));
#1540=DIRECTION('ref_axis',(1.,5.46571335200081E-15,0.));
#1541=DIRECTION('',(0.,0.,1.));
#1542=DIRECTION('center_axis',(-6.93889390390723E-17,0.,-1.));
#1543=DIRECTION('ref_axis',(1.,5.46571335200081E-15,0.));
#1544=DIRECTION('center_axis',(0.,-1.,0.));
#1545=DIRECTION('ref_axis',(1.,0.,0.));
#1546=DIRECTION('',(1.,0.,-6.93889390390723E-17));
#1547=DIRECTION('',(-1.,0.,6.93889390390723E-17));
#1548=DIRECTION('center_axis',(-6.93889390390723E-17,0.,-1.));
#1549=DIRECTION('ref_axis',(1.,0.,-6.93889390390723E-17));
#1550=DIRECTION('center_axis',(0.,0.,1.));
#1551=DIRECTION('ref_axis',(1.,0.,0.));
#1552=DIRECTION('',(0.,1.,1.13106545406073E-16));
#1553=DIRECTION('center_axis',(0.,0.,1.));
#1554=DIRECTION('ref_axis',(0.,1.,0.));
#1555=DIRECTION('center_axis',(6.93889390390722E-17,0.,1.));
#1556=DIRECTION('ref_axis',(-1.,0.,6.93889390390722E-17));
#1557=DIRECTION('',(0.,-1.,6.52249514449339E-17));
#1558=DIRECTION('center_axis',(0.,0.,1.));
#1559=DIRECTION('ref_axis',(0.,-1.,0.));
#1560=DIRECTION('',(1.,-3.81421287975268E-16,6.25769300584425E-17));
#1561=DIRECTION('center_axis',(0.,-1.,0.));
#1562=DIRECTION('ref_axis',(1.,0.,0.));
#1563=DIRECTION('',(-1.,0.,6.93889390390723E-17));
#1564=DIRECTION('',(0.,0.,-1.));
#1565=DIRECTION('',(1.,0.,0.));
#1566=DIRECTION('center_axis',(-1.,0.,6.93889390390723E-17));
#1567=DIRECTION('ref_axis',(0.,0.707106781186544,-0.707106781186551));
#1568=DIRECTION('center_axis',(-1.,0.,0.));
#1569=DIRECTION('ref_axis',(0.,1.,0.));
#1570=DIRECTION('center_axis',(6.93889390390723E-17,0.,1.));
#1571=DIRECTION('ref_axis',(1.,0.,0.));
#1572=DIRECTION('center_axis',(0.,-1.,0.));
#1573=DIRECTION('ref_axis',(-1.,0.,0.));
#1574=DIRECTION('center_axis',(-6.93889390390723E-17,0.,-1.));
#1575=DIRECTION('ref_axis',(0.707106781186565,-0.70710678118653,0.));
#1576=DIRECTION('center_axis',(-6.93889390390723E-17,0.,-1.));
#1577=DIRECTION('ref_axis',(1.,0.,-6.93889390390723E-17));
#1578=DIRECTION('',(0.,-1.,0.));
#1579=DIRECTION('center_axis',(0.,-1.,0.));
#1580=DIRECTION('ref_axis',(-0.707106781186552,0.,0.707106781186543));
#1581=DIRECTION('',(0.,-1.,0.));
#1582=DIRECTION('center_axis',(0.,-1.,0.));
#1583=DIRECTION('ref_axis',(-1.,0.,0.));
#1584=DIRECTION('center_axis',(-1.,0.,0.));
#1585=DIRECTION('ref_axis',(0.,-1.,0.));
#1586=DIRECTION('',(0.,1.,0.));
#1587=DIRECTION('',(0.,0.,-1.));
#1588=DIRECTION('center_axis',(0.,0.,-1.));
#1589=DIRECTION('ref_axis',(-1.,0.,0.));
#1590=DIRECTION('center_axis',(-6.93889390390722E-17,0.,-1.));
#1591=DIRECTION('ref_axis',(-1.,0.,6.93889390390722E-17));
#1592=DIRECTION('',(0.,0.,-1.));
#1593=DIRECTION('center_axis',(0.,0.,1.));
#1594=DIRECTION('ref_axis',(-1.,0.,0.));
#1595=DIRECTION('center_axis',(0.,0.,1.));
#1596=DIRECTION('ref_axis',(-1.,0.,0.));
#1597=DIRECTION('',(0.,0.,-1.));
#1598=DIRECTION('center_axis',(0.,0.,1.));
#1599=DIRECTION('ref_axis',(-1.,0.,0.));
#1600=DIRECTION('center_axis',(-1.,0.,0.));
#1601=DIRECTION('ref_axis',(0.,-0.707106781186552,-0.707106781186543));
#1602=DIRECTION('center_axis',(1.,0.,0.));
#1603=DIRECTION('ref_axis',(0.,-0.707106781186552,-0.707106781186543));
#1604=DIRECTION('',(-1.,0.,0.));
#1605=DIRECTION('center_axis',(-1.,0.,0.));
#1606=DIRECTION('ref_axis',(0.,-0.707106781186552,-0.707106781186543));
#1607=DIRECTION('',(1.,0.,0.));
#1608=DIRECTION('center_axis',(0.,0.,1.));
#1609=DIRECTION('ref_axis',(1.,0.,0.));
#1610=DIRECTION('',(0.,1.,0.));
#1611=DIRECTION('',(1.,0.,0.));
#1612=DIRECTION('',(0.,-1.,0.));
#1613=DIRECTION('center_axis',(1.,0.,0.));
#1614=DIRECTION('ref_axis',(0.,0.70710678118654,-0.707106781186555));
#1615=DIRECTION('center_axis',(-1.,0.,0.));
#1616=DIRECTION('ref_axis',(0.,0.70710678118654,-0.707106781186555));
#1617=DIRECTION('center_axis',(1.,0.,0.));
#1618=DIRECTION('ref_axis',(0.,0.70710678118654,-0.707106781186555));
#1619=DIRECTION('',(-1.,0.,0.));
#1620=DIRECTION('center_axis',(0.,-1.,0.));
#1621=DIRECTION('ref_axis',(-0.707106781186528,0.,-0.707106781186567));
#1622=DIRECTION('',(0.,-1.,0.));
#1623=DIRECTION('center_axis',(0.,1.,0.));
#1624=DIRECTION('ref_axis',(-0.707106781186528,0.,-0.707106781186567));
#1625=DIRECTION('center_axis',(0.,-1.,0.));
#1626=DIRECTION('ref_axis',(-0.707106781186528,0.,-0.707106781186567));
#1627=DIRECTION('center_axis',(0.,1.,0.));
#1628=DIRECTION('ref_axis',(-0.707106781186528,0.,-0.707106781186567));
#1629=DIRECTION('',(0.,-1.,0.));
#1630=DIRECTION('center_axis',(6.93889390390723E-17,0.,1.));
#1631=DIRECTION('ref_axis',(1.,0.,0.));
#1632=DIRECTION('center_axis',(-6.93889390390723E-17,0.,-1.));
#1633=DIRECTION('ref_axis',(-0.707106781186547,-0.707106781186548,0.));
#1634=DIRECTION('center_axis',(0.,1.,0.));
#1635=DIRECTION('ref_axis',(1.,0.,0.));
#1636=DIRECTION('center_axis',(0.,1.,0.));
#1637=DIRECTION('ref_axis',(0.707106781186544,0.,-0.707106781186551));
#1638=DIRECTION('center_axis',(0.,0.,1.));
#1639=DIRECTION('ref_axis',(-0.707106781186548,-0.707106781186548,0.));
#1640=DIRECTION('center_axis',(0.,0.,1.));
#1641=DIRECTION('ref_axis',(0.,-1.,0.));
#1642=DIRECTION('center_axis',(0.,0.,1.));
#1643=DIRECTION('ref_axis',(0.707106781186573,-0.707106781186523,0.));
#1644=DIRECTION('',(0.,0.,1.));
#1645=DIRECTION('center_axis',(0.707106781186543,0.,-0.707106781186552));
#1646=DIRECTION('ref_axis',(-0.707106781186552,0.,-0.707106781186543));
#1647=DIRECTION('center_axis',(1.,0.,0.));
#1648=DIRECTION('ref_axis',(0.,1.,0.));
#1649=DIRECTION('',(0.,0.,1.));
#1650=DIRECTION('center_axis',(-0.816496580927723,0.408248290463862,-0.40824829046387));
#1651=DIRECTION('ref_axis',(-0.577350269189642,-0.577350269189614,0.577350269189621));
#1652=DIRECTION('center_axis',(-1.,0.,0.));
#1653=DIRECTION('ref_axis',(0.,0.,1.));
#1654=DIRECTION('center_axis',(1.,0.,0.));
#1655=DIRECTION('ref_axis',(0.,-0.707106781186552,0.707106781186543));
#1656=DIRECTION('center_axis',(1.,0.,0.));
#1657=DIRECTION('ref_axis',(0.,1.,0.));
#1658=DIRECTION('',(0.,0.,1.));
#1659=DIRECTION('',(0.,0.,1.));
#1660=DIRECTION('center_axis',(-1.,0.,0.));
#1661=DIRECTION('ref_axis',(0.,-1.,0.));
#1662=DIRECTION('',(0.,1.,0.));
#1663=DIRECTION('',(0.,0.,-1.));
#1664=DIRECTION('',(0.,0.,1.));
#1665=DIRECTION('center_axis',(-6.93889390390723E-17,0.,-1.));
#1666=DIRECTION('ref_axis',(1.,0.,-6.93889390390723E-17));
#1667=DIRECTION('',(-1.,0.,6.93889390390723E-17));
#1668=DIRECTION('',(0.,-1.,0.));
#1669=DIRECTION('',(1.,0.,-6.93889390390723E-17));
#1670=DIRECTION('center_axis',(0.,-1.,0.));
#1671=DIRECTION('ref_axis',(1.,0.,0.));
#1672=DIRECTION('',(0.,0.,1.));
#1673=DIRECTION('center_axis',(0.,1.,0.));
#1674=DIRECTION('ref_axis',(-1.,0.,0.));
#1675=DIRECTION('',(0.,0.,1.));
#1676=DIRECTION('center_axis',(1.,0.,0.));
#1677=DIRECTION('ref_axis',(0.,1.,0.));
#1678=DIRECTION('center_axis',(1.,0.,0.));
#1679=DIRECTION('ref_axis',(0.,-1.,-1.13106545406073E-16));
#1680=DIRECTION('',(0.,0.,-1.));
#1681=DIRECTION('',(0.,0.,1.));
#1682=DIRECTION('',(0.,-1.,-1.13106545406073E-16));
#1683=DIRECTION('center_axis',(0.,0.,-1.));
#1684=DIRECTION('ref_axis',(0.,1.,0.));
#1685=DIRECTION('center_axis',(0.,0.,-1.));
#1686=DIRECTION('ref_axis',(0.,1.,0.));
#1687=DIRECTION('center_axis',(-1.,0.,0.));
#1688=DIRECTION('ref_axis',(0.,1.,-6.52249514449339E-17));
#1689=DIRECTION('',(0.,1.,-6.52249514449339E-17));
#1690=DIRECTION('',(0.,0.,-1.));
#1691=DIRECTION('center_axis',(0.,0.,-1.));
#1692=DIRECTION('ref_axis',(0.,-1.,0.));
#1693=DIRECTION('center_axis',(0.,0.,-1.));
#1694=DIRECTION('ref_axis',(0.,-1.,0.));
#1695=DIRECTION('',(0.,0.,-1.));
#1696=DIRECTION('center_axis',(-3.81421287975268E-16,-1.,0.));
#1697=DIRECTION('ref_axis',(-1.,3.81421287975268E-16,-6.25769300584425E-17));
#1698=DIRECTION('',(-1.,3.81421287975268E-16,-6.25769300584425E-17));
#1699=DIRECTION('',(0.,0.,-1.));
#1700=DIRECTION('center_axis',(0.,0.,-1.));
#1701=DIRECTION('ref_axis',(1.,0.,0.));
#1702=DIRECTION('center_axis',(0.,0.,-1.));
#1703=DIRECTION('ref_axis',(1.,0.,0.));
#1704=DIRECTION('center_axis',(-6.93889390390723E-17,0.,-1.));
#1705=DIRECTION('ref_axis',(1.,0.,-6.93889390390723E-17));
#1706=CARTESIAN_POINT('',(0.,0.,0.));
#1707=CARTESIAN_POINT('Origin',(151.204611821527,-77.2905055450097,9.89475454850132));
#1708=CARTESIAN_POINT('',(151.804611821527,-77.2905055450097,7.89475454850132));
#1709=CARTESIAN_POINT('Origin',(151.204611821527,-77.2905055450097,7.89475454850132));
#1710=CARTESIAN_POINT('',(151.804611821527,-77.2905055450097,-12.1052454514987));
#1711=CARTESIAN_POINT('',(151.804611821527,-77.2905055450097,9.89475454850132));
#1712=CARTESIAN_POINT('Origin',(151.204611821527,-77.2905055450097,-12.1052454514987));
#1713=CARTESIAN_POINT('Origin',(151.226846457454,-68.3782288565331,9.89475454850132));
#1714=CARTESIAN_POINT('',(151.826846457454,-68.3782288565331,7.89475454850132));
#1715=CARTESIAN_POINT('Origin',(151.226846457454,-68.3782288565331,7.89475454850132));
#1716=CARTESIAN_POINT('',(151.826846457454,-68.3782288565331,-12.1052454514987));
#1717=CARTESIAN_POINT('',(151.826846457454,-68.3782288565331,9.89475454850132));
#1718=CARTESIAN_POINT('Origin',(151.226846457454,-68.3782288565331,-12.1052454514987));
#1719=CARTESIAN_POINT('Origin',(151.158169456301,-61.3229314999458,9.89475454850132));
#1720=CARTESIAN_POINT('',(151.758169456301,-61.3229314999458,7.89475454850132));
#1721=CARTESIAN_POINT('Origin',(151.158169456301,-61.3229314999458,7.89475454850132));
#1722=CARTESIAN_POINT('',(151.758169456301,-61.3229314999458,-12.1052454514987));
#1723=CARTESIAN_POINT('',(151.758169456301,-61.3229314999458,9.89475454850132));
#1724=CARTESIAN_POINT('Origin',(151.158169456301,-61.3229314999458,-12.1052454514987));
#1725=CARTESIAN_POINT('Origin',(199.38,-56.250000834465,-4.34500000745053));
#1726=CARTESIAN_POINT('',(199.13,-56.250000834465,1.51));
#1727=CARTESIAN_POINT('',(199.13,-56.250000834465,-10.1052454514987));
#1728=CARTESIAN_POINT('',(199.13,-56.250000834465,-4.34500000745053));
#1729=CARTESIAN_POINT('',(199.38,-56.000000834465,-10.1052454514987));
#1730=CARTESIAN_POINT('Origin',(199.38,-56.250000834465,-10.1052454514987));
#1731=CARTESIAN_POINT('',(199.38,-56.000000834465,1.76));
#1732=CARTESIAN_POINT('',(199.38,-56.000000834465,-4.34500000745053));
#1733=CARTESIAN_POINT('Origin',(199.38,-56.250000834465,1.76));
#1734=CARTESIAN_POINT('Origin',(178.61500153482,-56.250000834465,1.76));
#1735=CARTESIAN_POINT('',(157.48,-56.000000834465,1.76));
#1736=CARTESIAN_POINT('',(178.61500153482,-56.000000834465,1.76));
#1737=CARTESIAN_POINT('',(157.73,-56.250000834465,1.51));
#1738=CARTESIAN_POINT('Origin',(157.48,-56.250000834465,1.76));
#1739=CARTESIAN_POINT('',(178.61500153482,-56.250000834465,1.51));
#1740=CARTESIAN_POINT('Origin',(157.48,-56.250000834465,-5.10000000745053));
#1741=CARTESIAN_POINT('',(157.48,-56.000000834465,-4.60524545149868));
#1742=CARTESIAN_POINT('',(157.48,-56.000000834465,-5.10000000745053));
#1743=CARTESIAN_POINT('',(157.73,-56.250000834465,-4.60524545149868));
#1744=CARTESIAN_POINT('Origin',(157.48,-56.250000834465,-4.60524545149868));
#1745=CARTESIAN_POINT('',(157.73,-56.250000834465,-5.10000000745053));
#1746=CARTESIAN_POINT('Origin',(168.850238689162,-70.6746156527994,-4.60524545149868));
#1747=CARTESIAN_POINT('',(156.000002264977,-56.000000834465,-4.60524545149868));
#1748=CARTESIAN_POINT('',(184.175120879401,-56.000000834465,-4.60524545149868));
#1749=CARTESIAN_POINT('',(154.747497345772,-56.2011547692278,-4.60524545149868));
#1750=CARTESIAN_POINT('Origin',(156.000002264977,-60.0000008344651,-4.60524545149868));
#1751=CARTESIAN_POINT('',(154.747497345772,-85.3632667957978,-4.60524545149868));
#1752=CARTESIAN_POINT('',(154.747497345772,-63.0802900813002,-4.60524545149868));
#1753=CARTESIAN_POINT('',(183.452980032552,-85.3632667957978,-4.60524545149868));
#1754=CARTESIAN_POINT('',(161.548868017467,-85.3632667957978,-4.60524545149868));
#1755=CARTESIAN_POINT('',(183.452980032552,-85.0943276895738,-4.60524545149868));
#1756=CARTESIAN_POINT('',(183.452980032552,-85.0943276895738,-4.60524545149868));
#1757=CARTESIAN_POINT('',(155.643897872237,-85.0943276895738,-4.60524545149868));
#1758=CARTESIAN_POINT('',(155.643897872237,-85.0943276895738,-4.60524545149868));
#1759=CARTESIAN_POINT('',(155.643897872237,-56.7245217178379,-4.60524545149868));
#1760=CARTESIAN_POINT('',(155.643897872237,-85.8632667957978,-4.60524545149868));
#1761=CARTESIAN_POINT('',(183.447117134124,-56.7245217178379,-4.60524545149868));
#1762=CARTESIAN_POINT('',(154.247497345772,-56.7245217178379,-4.60524545149868));
#1763=CARTESIAN_POINT('',(183.447117134124,-56.5,-4.60524545149868));
#1764=CARTESIAN_POINT('',(183.447117134124,-56.7245217178379,-4.60524545149868));
#1765=CARTESIAN_POINT('',(157.73,-56.5,-4.60524545149868));
#1766=CARTESIAN_POINT('',(183.990119344581,-56.5,-4.60524545149868));
#1767=CARTESIAN_POINT('',(157.73,-63.5873078263997,-4.60524545149868));
#1768=CARTESIAN_POINT('Origin',(199.500003069639,-56.000000834465,-10.2000000149011));
#1769=CARTESIAN_POINT('',(199.500003069639,-56.000000834465,-10.1052454514987));
#1770=CARTESIAN_POINT('',(189.141760806497,-56.000000834465,-10.1052454514987));
#1771=CARTESIAN_POINT('',(199.500003069639,-56.000000834465,7.89475454850132));
#1772=CARTESIAN_POINT('',(199.500003069639,-56.000000834465,-10.2000000149011));
#1773=CARTESIAN_POINT('',(156.000002264977,-56.000000834465,7.89475454850132));
#1774=CARTESIAN_POINT('',(189.141760806497,-56.000000834465,7.89475454850132));
#1775=CARTESIAN_POINT('',(156.000002264977,-56.000000834465,-10.2000000149011));
#1776=CARTESIAN_POINT('Origin',(199.000002965331,-60.0000008940697,-9.10524545149868));
#1777=CARTESIAN_POINT('',(201.686525738125,-60.0000008940697,-9.10524545149868));
#1778=CARTESIAN_POINT('Origin',(199.000002965331,-60.0000008940697,-9.10524545149868));
#1779=CARTESIAN_POINT('',(202.686525738125,-60.0000008940697,-10.1052454514987));
#1780=CARTESIAN_POINT('Origin',(202.686525738125,-60.0000008940697,-9.10524545149868));
#1781=CARTESIAN_POINT('',(199.13,-56.3157708625294,-10.1052454514987));
#1782=CARTESIAN_POINT('Origin',(199.000002965331,-60.0000008940697,-10.1052454514987));
#1783=CARTESIAN_POINT('',(199.13,-56.5,-10.0881513712318));
#1784=CARTESIAN_POINT('Ctrl Pts',(199.13,-56.3157708625294,-10.1052454514987));
#1785=CARTESIAN_POINT('Ctrl Pts',(199.13,-56.3740991015483,-10.1052454514987));
#1786=CARTESIAN_POINT('Ctrl Pts',(199.13,-56.4375005563076,-10.0998501026592));
#1787=CARTESIAN_POINT('Ctrl Pts',(199.13,-56.5,-10.0881513712318));
#1788=CARTESIAN_POINT('',(197.842227557129,-56.5,-10.1052454514987));
#1789=CARTESIAN_POINT('Ctrl Pts',(199.13,-56.5,-10.0881513712318));
#1790=CARTESIAN_POINT('Ctrl Pts',(199.085581892521,-56.5,-10.0878425636459));
#1791=CARTESIAN_POINT('Ctrl Pts',(199.042094973061,-56.5,-10.0876962587951));
#1792=CARTESIAN_POINT('Ctrl Pts',(198.746354160326,-56.5,-10.0876962587951));
#1793=CARTESIAN_POINT('Ctrl Pts',(198.442074607211,-56.5,-10.0954593123446));
#1794=CARTESIAN_POINT('Ctrl Pts',(198.080289714679,-56.5,-10.103147746256));
#1795=CARTESIAN_POINT('Ctrl Pts',(197.95044533041,-56.5,-10.1052454514987));
#1796=CARTESIAN_POINT('Ctrl Pts',(197.842227557129,-56.5,-10.1052454514987));
#1797=CARTESIAN_POINT('Origin',(199.000002965331,-60.0000008940697,-10.1052454514987));
#1798=CARTESIAN_POINT('Origin',(178.783518543354,-71.1882090116492,-10.1052454514987));
#1799=CARTESIAN_POINT('',(199.13,-63.5941049230571,-10.1052454514987));
#1800=CARTESIAN_POINT('',(184.197117134124,-56.5,-10.1052454514987));
#1801=CARTESIAN_POINT('',(188.956759271677,-56.5,-10.1052454514987));
#1802=CARTESIAN_POINT('',(184.197117134124,-85.0943276895738,-10.1052454514987));
#1803=CARTESIAN_POINT('',(184.197117134124,-63.9563653647436,-10.1052454514987));
#1804=CARTESIAN_POINT('',(184.202980032552,-85.0943276895738,-10.1052454514987));
#1805=CARTESIAN_POINT('',(181.118249287953,-85.0943276895738,-10.1052454514987));
#1806=CARTESIAN_POINT('',(184.202980032552,-85.3632667957978,-10.1052454514987));
#1807=CARTESIAN_POINT('',(184.202980032552,-78.5257379037235,-10.1052454514987));
#1808=CARTESIAN_POINT('',(184.028651541293,-86.0000012814999,-10.1052454514987));
#1809=CARTESIAN_POINT('Origin',(182.952980032552,-85.3632667957978,-10.1052454514987));
#1810=CARTESIAN_POINT('',(199.500003069639,-86.0000012814999,-10.1052454514987));
#1811=CARTESIAN_POINT('',(167.391760404165,-86.0000012814999,-10.1052454514987));
#1812=CARTESIAN_POINT('',(206.000003069639,-79.5000012814999,-10.1052454514987));
#1813=CARTESIAN_POINT('Origin',(199.500003069639,-79.5000012814999,-10.1052454514987));
#1814=CARTESIAN_POINT('',(206.000003069639,-62.500000834465,-10.1052454514987));
#1815=CARTESIAN_POINT('',(206.000003069639,-75.3441051465745,-10.1052454514987));
#1816=CARTESIAN_POINT('Origin',(199.500003069639,-62.500000834465,-10.1052454514987));
#1817=CARTESIAN_POINT('Origin',(157.73,-56.5,0.));
#1818=CARTESIAN_POINT('',(157.73,-56.5,1.51));
#1819=CARTESIAN_POINT('',(157.73,-56.5,0.));
#1820=CARTESIAN_POINT('',(157.73,-56.5,1.51));
#1821=CARTESIAN_POINT('Origin',(199.13,-56.5,1.51));
#1822=CARTESIAN_POINT('',(199.13,-56.5,1.51));
#1823=CARTESIAN_POINT('',(199.13,-56.5,1.51));
#1824=CARTESIAN_POINT('',(199.13,-56.5,0.));
#1825=CARTESIAN_POINT('Origin',(157.73,-56.5,1.51));
#1826=CARTESIAN_POINT('',(157.73,-56.5,1.51));
#1827=CARTESIAN_POINT('Origin',(157.73,-56.5,0.));
#1828=CARTESIAN_POINT('',(183.447117134124,-56.5,-9.35524545149868));
#1829=CARTESIAN_POINT('',(183.447117134124,-56.5,-4.29762272574934));
#1830=CARTESIAN_POINT('Origin',(184.197117134124,-56.5,-9.35524545149868));
#1831=CARTESIAN_POINT('Origin',(207.319539740937,-70.0000010281801,-7.50000011175871));
#1832=CARTESIAN_POINT('',(206.000003069639,-77.5000011697412,-7.50000011175871));
#1833=CARTESIAN_POINT('',(206.000003069639,-70.0000010281801,-7.50000011175871));
#1834=CARTESIAN_POINT('',(206.000003069639,-74.75000115484,-7.50000011175871));
#1835=CARTESIAN_POINT('',(207.319539740937,-77.5000011697412,-7.50000011175871));
#1836=CARTESIAN_POINT('',(207.319539740937,-77.5000011697412,-7.50000011175871));
#1837=CARTESIAN_POINT('',(207.319539740937,-70.0000010281801,-7.50000011175871));
#1838=CARTESIAN_POINT('',(207.319539740937,-65.9929827689906,-7.50000011175871));
#1839=CARTESIAN_POINT('',(207.319539740937,-70.0000010281801,-7.50000011175871));
#1840=CARTESIAN_POINT('Origin',(207.319539740937,-70.0000010281801,-6.50000011175871));
#1841=CARTESIAN_POINT('',(206.000003069639,-69.0000010281801,-6.50000011175871));
#1842=CARTESIAN_POINT('Origin',(206.000003069639,-70.0000010281801,-6.50000011175871));
#1843=CARTESIAN_POINT('',(207.319539740937,-69.0000010281801,-6.50000011175871));
#1844=CARTESIAN_POINT('Origin',(207.319539740937,-70.0000010281801,-6.50000011175871));
#1845=CARTESIAN_POINT('',(207.319539740937,-69.0000010281801,-6.50000011175871));
#1846=CARTESIAN_POINT('Origin',(207.319539740937,-69.0000010281801,-5.00000005960464));
#1847=CARTESIAN_POINT('',(206.000003069639,-69.0000010281801,-5.00000005960464));
#1848=CARTESIAN_POINT('',(206.000003069639,-69.0000010281801,-7.60000003725285));
#1849=CARTESIAN_POINT('',(207.319539740937,-69.0000010281801,-5.00000005960464));
#1850=CARTESIAN_POINT('',(207.319539740937,-69.0000010281801,-7.55262275555166));
#1851=CARTESIAN_POINT('',(207.319539740937,-69.0000010281801,-5.00000005960464));
#1852=CARTESIAN_POINT('Origin',(207.319539740937,-70.0000010281801,-5.00000005960464));
#1853=CARTESIAN_POINT('',(206.000003069639,-70.0000010281801,-4.00000005960464));
#1854=CARTESIAN_POINT('Origin',(206.000003069639,-70.0000010281801,-5.00000005960464));
#1855=CARTESIAN_POINT('',(207.319539740937,-70.0000010281801,-4.00000005960464));
#1856=CARTESIAN_POINT('Origin',(207.319539740937,-70.0000010281801,-5.00000005960464));
#1857=CARTESIAN_POINT('',(207.319539740937,-70.0000010281801,-4.00000005960464));
#1858=CARTESIAN_POINT('Origin',(207.319539740937,-77.5000011697412,-4.00000005960464));
#1859=CARTESIAN_POINT('',(206.000003069639,-77.5000011697412,-4.00000005960464));
#1860=CARTESIAN_POINT('',(206.000003069639,-78.5000012256205,-4.00000005960464));
#1861=CARTESIAN_POINT('',(207.319539740937,-77.5000011697412,-4.00000005960464));
#1862=CARTESIAN_POINT('',(207.319539740937,-69.7429828397711,-4.00000005960464));
#1863=CARTESIAN_POINT('',(207.319539740937,-77.5000011697412,-4.00000005960464));
#1864=CARTESIAN_POINT('Origin',(207.319539740937,-77.5000011697412,-5.00000005960464));
#1865=CARTESIAN_POINT('',(206.000003069639,-78.5000011697412,-5.00000005960464));
#1866=CARTESIAN_POINT('Origin',(206.000003069639,-77.5000011697412,-5.00000005960464));
#1867=CARTESIAN_POINT('',(207.319539740937,-78.5000011697412,-5.00000005960464));
#1868=CARTESIAN_POINT('Origin',(207.319539740937,-77.5000011697412,-5.00000005960464));
#1869=CARTESIAN_POINT('',(207.319539740937,-78.5000011697412,-5.00000005960464));
#1870=CARTESIAN_POINT('Origin',(207.319539740937,-78.5000011697412,-6.50000011175871));
#1871=CARTESIAN_POINT('',(206.000003069639,-78.5000011697412,-6.50000011175871));
#1872=CARTESIAN_POINT('',(206.000003069639,-78.5000011697412,-8.35000006332988));
#1873=CARTESIAN_POINT('',(207.319539740937,-78.5000011697412,-6.50000011175871));
#1874=CARTESIAN_POINT('',(207.319539740937,-78.5000011697412,-8.3026227816287));
#1875=CARTESIAN_POINT('',(207.319539740937,-78.5000011697412,-6.50000011175871));
#1876=CARTESIAN_POINT('Origin',(207.319539740937,-77.5000011697412,-6.50000011175871));
#1877=CARTESIAN_POINT('Origin',(206.000003069639,-77.5000011697412,-6.50000011175871));
#1878=CARTESIAN_POINT('Origin',(207.319539740937,-77.5000011697412,-6.50000011175871));
#1879=CARTESIAN_POINT('Origin',(154.247497345772,-55.485964509801,-10.1052454514987));
#1880=CARTESIAN_POINT('',(154.247497345772,-55.485964509801,7.89475454850132));
#1881=CARTESIAN_POINT('',(154.247497345772,-55.485964509801,-12.1052454514987));
#1882=CARTESIAN_POINT('',(154.247497345772,-55.485964509801,-10.1052454514987));
#1883=CARTESIAN_POINT('',(200.819539740937,-55.485964509801,7.89475454850132));
#1884=CARTESIAN_POINT('',(200.819539740937,-55.485964509801,7.89475454850132));
#1885=CARTESIAN_POINT('',(200.819539740937,-55.485964509801,-12.1052454514987));
#1886=CARTESIAN_POINT('',(200.819539740937,-55.485964509801,-10.1052454514987));
#1887=CARTESIAN_POINT('',(200.819539740937,-55.485964509801,-12.1052454514987));
#1888=CARTESIAN_POINT('Origin',(156.000002264977,-82.0000012814998,-10.2000000149011));
#1889=CARTESIAN_POINT('',(154.963093606494,-85.8632667957978,-9.35524545149868));
#1890=CARTESIAN_POINT('',(156.000002264977,-86.0000012814999,-9.78699237849751));
#1891=CARTESIAN_POINT('Ctrl Pts',(154.963093606494,-85.8632667957978,-9.35524545149868));
#1892=CARTESIAN_POINT('Ctrl Pts',(154.963093606494,-85.8632667957978,-9.38120725783528));
#1893=CARTESIAN_POINT('Ctrl Pts',(154.968133807927,-85.8646276742242,-9.40639085978876));
#1894=CARTESIAN_POINT('Ctrl Pts',(154.986314971688,-85.8694360269995,-9.45421209625961));
#1895=CARTESIAN_POINT('Ctrl Pts',(154.999469136191,-85.8728820412562,-9.47684485720392));
#1896=CARTESIAN_POINT('Ctrl Pts',(155.047419546871,-85.885059067973,-9.53973761126438));
#1897=CARTESIAN_POINT('Ctrl Pts',(155.090927303695,-85.895579450974,-9.57493982302123));
#1898=CARTESIAN_POINT('Ctrl Pts',(155.202531368502,-85.9203287649769,-9.64587423620842));
#1899=CARTESIAN_POINT('Ctrl Pts',(155.293038872499,-85.9378272616239,-9.68233923343348));
#1900=CARTESIAN_POINT('Ctrl Pts',(155.561000371236,-85.9804783620782,-9.76298640598461));
#1901=CARTESIAN_POINT('Ctrl Pts',(155.799547574634,-86.0000012814999,-9.78699237849751));
#1902=CARTESIAN_POINT('Ctrl Pts',(156.000002264977,-86.0000012814999,-9.78699237849751));
#1903=CARTESIAN_POINT('',(154.963093606494,-85.8632667957978,-5.10524545149868));
#1904=CARTESIAN_POINT('',(154.963093606494,-85.8632667957978,-10.2000000149011));
#1905=CARTESIAN_POINT('',(154.747497345772,-85.7988473467371,-4.85974680864417));
#1906=CARTESIAN_POINT('Ctrl Pts',(154.747497345772,-85.7988473467371,-4.85974680864417));
#1907=CARTESIAN_POINT('Ctrl Pts',(154.806406636212,-85.8182701332348,-4.89420805024239));
#1908=CARTESIAN_POINT('Ctrl Pts',(154.865137938661,-85.8358931423809,-4.93468521798559));
#1909=CARTESIAN_POINT('Ctrl Pts',(154.922436185545,-85.8521535507469,-4.99908291180949));
#1910=CARTESIAN_POINT('Ctrl Pts',(154.936781195735,-85.8561210803359,-5.01832388686169));
#1911=CARTESIAN_POINT('Ctrl Pts',(154.957150239118,-85.861682828104,-5.0603205987627));
#1912=CARTESIAN_POINT('Ctrl Pts',(154.963093606494,-85.8632667957978,-5.08311676816772));
#1913=CARTESIAN_POINT('Ctrl Pts',(154.963093606494,-85.8632667957978,-5.10524545149868));
#1914=CARTESIAN_POINT('',(154.326580100373,-85.6331346755571,-5.10524545149868));
#1915=CARTESIAN_POINT('Ctrl Pts',(154.326580100373,-85.6331346755571,-5.10524545149868));
#1916=CARTESIAN_POINT('Ctrl Pts',(154.326580100373,-85.6331346755571,-5.07257043987752));
#1917=CARTESIAN_POINT('Ctrl Pts',(154.33231945554,-85.6357953796673,-5.03765206403971));
#1918=CARTESIAN_POINT('Ctrl Pts',(154.35568423031,-85.6464218470638,-4.97288580853416));
#1919=CARTESIAN_POINT('Ctrl Pts',(154.373306809249,-85.6543614435921,-4.94303261357693));
#1920=CARTESIAN_POINT('Ctrl Pts',(154.412072780387,-85.671362219869,-4.89675007844248));
#1921=CARTESIAN_POINT('Ctrl Pts',(154.438132800626,-85.6825619298643,-4.87449245465841));
#1922=CARTESIAN_POINT('Ctrl Pts',(154.502820477441,-85.7094981332701,-4.83548177778592));
#1923=CARTESIAN_POINT('Ctrl Pts',(154.557032498139,-85.7310002898879,-4.82062189706325));
#1924=CARTESIAN_POINT('Ctrl Pts',(154.650948322773,-85.7659752366607,-4.82062189706324));
#1925=CARTESIAN_POINT('Ctrl Pts',(154.705911168962,-85.7851361064996,-4.83541938464187));
#1926=CARTESIAN_POINT('Ctrl Pts',(154.747497345772,-85.7988473467371,-4.85974680864417));
#1927=CARTESIAN_POINT('',(154.326580100373,-85.6331346755571,-9.35524545149868));
#1928=CARTESIAN_POINT('',(154.326580100373,-85.6331346755571,-10.2000000149011));
#1929=CARTESIAN_POINT('',(153.834720509561,-85.3632667957978,-10.0251562946741));
#1930=CARTESIAN_POINT('Ctrl Pts',(153.834720509561,-85.3632667957978,-10.0251562946741));
#1931=CARTESIAN_POINT('Ctrl Pts',(153.879644745221,-85.39218917122,-10.0025421020032));
#1932=CARTESIAN_POINT('Ctrl Pts',(153.923519851469,-85.4191570225823,-9.97548568503364));
#1933=CARTESIAN_POINT('Ctrl Pts',(154.063119706984,-85.5016116532661,-9.87278874581201));
#1934=CARTESIAN_POINT('Ctrl Pts',(154.144289806705,-85.5441179771393,-9.78523010856082));
#1935=CARTESIAN_POINT('Ctrl Pts',(154.242648583479,-85.5935512178507,-9.64174877561445));
#1936=CARTESIAN_POINT('Ctrl Pts',(154.277597654878,-85.6102558435139,-9.57768015450367));
#1937=CARTESIAN_POINT('Ctrl Pts',(154.31960651486,-85.6299787634759,-9.45217130652445));
#1938=CARTESIAN_POINT('Ctrl Pts',(154.326580100373,-85.6331346755571,-9.40076810867347));
#1939=CARTESIAN_POINT('Ctrl Pts',(154.326580100373,-85.6331346755571,-9.35524545149868));
#1940=CARTESIAN_POINT('',(153.497497345772,-85.120493090391,-10.1052454514987));
#1941=CARTESIAN_POINT('Ctrl Pts',(153.497497345772,-85.1204930903911,-10.1052454514987));
#1942=CARTESIAN_POINT('Ctrl Pts',(153.587027305788,-85.1922924025116,-10.1052454514987));
#1943=CARTESIAN_POINT('Ctrl Pts',(153.687248262858,-85.2656537578312,-10.0882458176458));
#1944=CARTESIAN_POINT('Ctrl Pts',(153.800607851461,-85.3411232758096,-10.0415210463114));
#1945=CARTESIAN_POINT('Ctrl Pts',(153.817775247898,-85.3523573788148,-10.033686287594));
#1946=CARTESIAN_POINT('Ctrl Pts',(153.834720509561,-85.3632667957978,-10.0251562946741));
#1947=CARTESIAN_POINT('',(152.000002264977,-82.0000012814999,-10.1052454514987));
#1948=CARTESIAN_POINT('Origin',(156.000002264977,-82.0000012814998,-10.1052454514987));
#1949=CARTESIAN_POINT('',(152.000002264977,-82.0000012814999,7.89475454850132));
#1950=CARTESIAN_POINT('',(152.000002264977,-82.0000012814999,-10.2000000149011));
#1951=CARTESIAN_POINT('',(156.000002264977,-86.0000012814999,7.89475454850132));
#1952=CARTESIAN_POINT('Origin',(156.000002264977,-82.0000012814998,7.89475454850132));
#1953=CARTESIAN_POINT('',(156.000002264977,-86.0000012814999,-10.2000000149011));
#1954=CARTESIAN_POINT('Origin',(206.000003069639,-79.5000012814999,-10.2000000149011));
#1955=CARTESIAN_POINT('',(206.000003069639,-79.5000012814999,7.89475454850132));
#1956=CARTESIAN_POINT('',(206.000003069639,-79.5000012814999,-10.2000000149011));
#1957=CARTESIAN_POINT('',(206.000003069639,-62.500000834465,7.89475454850132));
#1958=CARTESIAN_POINT('',(206.000003069639,-75.3441051465745,7.89475454850132));
#1959=CARTESIAN_POINT('',(206.000003069639,-62.500000834465,-10.2000000149011));
#1960=CARTESIAN_POINT('Origin',(199.500003069639,-62.500000834465,-10.2000000149011));
#1961=CARTESIAN_POINT('Origin',(199.500003069639,-62.500000834465,7.89475454850132));
#1962=CARTESIAN_POINT('Origin',(156.000002264977,-60.0000008344651,-10.2000000149011));
#1963=CARTESIAN_POINT('',(152.000002264977,-60.000000834465,7.89475454850132));
#1964=CARTESIAN_POINT('Origin',(156.000002264977,-60.0000008344651,7.89475454850132));
#1965=CARTESIAN_POINT('',(152.000002264977,-60.000000834465,-10.1052454514987));
#1966=CARTESIAN_POINT('',(152.000002264977,-60.000000834465,-10.2000000149011));
#1967=CARTESIAN_POINT('',(153.497497345772,-56.8795090255739,-10.1052454514987));
#1968=CARTESIAN_POINT('Origin',(156.000002264977,-60.0000008344651,-10.1052454514987));
#1969=CARTESIAN_POINT('',(154.247497345772,-56.4043469984897,-9.35524545149868));
#1970=CARTESIAN_POINT('Ctrl Pts',(154.247497345772,-56.4043469984897,-9.35524545149868));
#1971=CARTESIAN_POINT('Ctrl Pts',(154.247497345772,-56.4043469984897,-9.44791239050185));
#1972=CARTESIAN_POINT('Ctrl Pts',(154.229184359419,-56.4131035825154,-9.54607941506157));
#1973=CARTESIAN_POINT('Ctrl Pts',(154.157189221552,-56.4495546475322,-9.72482632183788));
#1974=CARTESIAN_POINT('Ctrl Pts',(154.103592058722,-56.4774683450431,-9.80539565421576));
#1975=CARTESIAN_POINT('Ctrl Pts',(153.971056306932,-56.5517485092479,-9.94661990384018));
#1976=CARTESIAN_POINT('Ctrl Pts',(153.879366097029,-56.6064452798093,-10.0090583225119));
#1977=CARTESIAN_POINT('Ctrl Pts',(153.687248262858,-56.7343483581337,-10.0882458176458));
#1978=CARTESIAN_POINT('Ctrl Pts',(153.587027305788,-56.8077097134533,-10.1052454514987));
#1979=CARTESIAN_POINT('Ctrl Pts',(153.497497345772,-56.8795090255739,-10.1052454514987));
#1980=CARTESIAN_POINT('',(154.247497345772,-56.4043469984897,-5.10524545149868));
#1981=CARTESIAN_POINT('',(154.247497345772,-56.4043469984897,-10.2000000149011));
#1982=CARTESIAN_POINT('Ctrl Pts',(154.747497345772,-56.2011547692278,-4.60524545149868));
#1983=CARTESIAN_POINT('Ctrl Pts',(154.683342658553,-56.2223069980761,-4.60524545149868));
#1984=CARTESIAN_POINT('Ctrl Pts',(154.615405043936,-56.2466868779553,-4.61828107077743));
#1985=CARTESIAN_POINT('Ctrl Pts',(154.490672968616,-56.2950851544,-4.67093689936998));
#1986=CARTESIAN_POINT('Ctrl Pts',(154.433842404232,-56.3190280863634,-4.71054091398466));
#1987=CARTESIAN_POINT('Ctrl Pts',(154.34697110144,-56.3572572566243,-4.79997471893896));
#1988=CARTESIAN_POINT('Ctrl Pts',(154.309849130101,-56.3745159322913,-4.85473710598429));
#1989=CARTESIAN_POINT('Ctrl Pts',(154.260090330436,-56.3981311985263,-4.97592117652426));
#1990=CARTESIAN_POINT('Ctrl Pts',(154.247497345772,-56.4043469984897,-5.04238824935517));
#1991=CARTESIAN_POINT('Ctrl Pts',(154.247497345772,-56.4043469984897,-5.10524545149868));
#1992=CARTESIAN_POINT('Origin',(152.000002264977,-60.000000834465,-10.2000000149011));
#1993=CARTESIAN_POINT('',(152.000002264976,-65.5941049230571,-10.1052454514987));
#1994=CARTESIAN_POINT('',(152.000002264976,-65.5941049230571,7.89475454850132));
#1995=CARTESIAN_POINT('Origin',(199.500003069639,-79.5000012814999,-10.2000000149011));
#1996=CARTESIAN_POINT('',(199.500003069639,-86.0000012814999,7.89475454850132));
#1997=CARTESIAN_POINT('',(199.500003069639,-86.0000012814999,-10.2000000149011));
#1998=CARTESIAN_POINT('Origin',(199.500003069639,-79.5000012814999,7.89475454850132));
#1999=CARTESIAN_POINT('Origin',(156.000002264977,-86.0000012814999,-10.2000000149011));
#2000=CARTESIAN_POINT('',(182.952980032552,-86.0000012814999,-9.7869923784975));
#2001=CARTESIAN_POINT('',(166.515507944563,-86.0000012814999,-9.78699237849751));
#2002=CARTESIAN_POINT('',(167.391760404165,-86.0000012814999,7.89475454850132));
#2003=CARTESIAN_POINT('Ctrl Pts',(182.952980032552,-86.0000012814999,-9.78699237849751));
#2004=CARTESIAN_POINT('Ctrl Pts',(183.043491764071,-86.0000012814999,-9.78699237849751));
#2005=CARTESIAN_POINT('Ctrl Pts',(183.146235805924,-86.0000012814999,-9.82221566290944));
#2006=CARTESIAN_POINT('Ctrl Pts',(183.261526962556,-86.0000012814999,-9.87287667991907));
#2007=CARTESIAN_POINT('Ctrl Pts',(183.299993019127,-86.0000012814999,-9.89095613848791));
#2008=CARTESIAN_POINT('Ctrl Pts',(183.360722430457,-86.0000012814999,-9.91965939906856));
#2009=CARTESIAN_POINT('Ctrl Pts',(183.395165745578,-86.0000012814999,-9.93595151729385));
#2010=CARTESIAN_POINT('Ctrl Pts',(183.47683830403,-86.0000012814999,-9.97340462909508));
#2011=CARTESIAN_POINT('Ctrl Pts',(183.540927112003,-86.0000012814999,-10.0008511710668));
#2012=CARTESIAN_POINT('Ctrl Pts',(183.726143872224,-86.0000012814999,-10.0691203621963));
#2013=CARTESIAN_POINT('Ctrl Pts',(183.889352503746,-86.0000012814999,-10.1052454514987));
#2014=CARTESIAN_POINT('Ctrl Pts',(184.028651541293,-86.0000012814999,-10.1052454514987));
#2015=CARTESIAN_POINT('Origin',(178.783518543354,-71.1882090116492,7.89475454850132));
#2016=CARTESIAN_POINT('',(200.819539740937,-86.8904535134975,7.89475454850131));
#2017=CARTESIAN_POINT('',(207.319539740937,-80.3904535134975,7.89475454850131));
#2018=CARTESIAN_POINT('Origin',(200.819539740937,-80.3904535134975,7.89475454850131));
#2019=CARTESIAN_POINT('',(207.319539740937,-61.985964509801,7.89475454850132));
#2020=CARTESIAN_POINT('',(207.319539740937,-80.3904535134975,7.89475454850131));
#2021=CARTESIAN_POINT('Origin',(200.819539740937,-61.985964509801,7.89475454850132));
#2022=CARTESIAN_POINT('',(150.247497345772,-59.485964509801,7.89475454850132));
#2023=CARTESIAN_POINT('Origin',(154.247497345772,-59.485964509801,7.89475454850132));
#2024=CARTESIAN_POINT('',(150.247497345772,-82.8904535134974,7.89475454850132));
#2025=CARTESIAN_POINT('',(150.247497345772,-59.485964509801,7.89475454850132));
#2026=CARTESIAN_POINT('',(154.247497345772,-86.8904535134975,7.89475454850132));
#2027=CARTESIAN_POINT('Origin',(154.247497345772,-82.8904535134974,7.89475454850132));
#2028=CARTESIAN_POINT('',(154.247497345772,-86.8904535134975,7.89475454850132));
#2029=CARTESIAN_POINT('Origin',(154.247497345772,-85.8632667957978,-10.1052454514987));
#2030=CARTESIAN_POINT('',(182.952980032552,-85.8632667957978,-9.35524545149868));
#2031=CARTESIAN_POINT('',(166.515507944563,-85.8632667957978,-9.35524545149868));
#2032=CARTESIAN_POINT('',(182.952980032552,-85.8632667957978,-5.10524545149868));
#2033=CARTESIAN_POINT('',(182.952980032552,-85.8632667957978,-10.1052454514987));
#2034=CARTESIAN_POINT('',(161.548868017467,-85.8632667957978,-5.10524545149868));
#2035=CARTESIAN_POINT('Origin',(166.515507944563,-86.6132667957978,-9.35524545149868));
#2036=CARTESIAN_POINT('Origin',(182.952980032552,-86.6132667957978,-9.35524545149868));
#2037=CARTESIAN_POINT('Origin',(182.952980032552,-85.3632667957978,-9.35524545149868));
#2038=CARTESIAN_POINT('',(183.452980032552,-85.3632667957978,-9.35524545149868));
#2039=CARTESIAN_POINT('Origin',(184.202980032552,-85.3632667957978,-9.35524545149868));
#2040=CARTESIAN_POINT('Origin',(182.952980032552,-85.3632667957978,-9.35524545149868));
#2041=CARTESIAN_POINT('Origin',(178.783518543354,-71.1882090116492,-10.1052454514987));
#2042=CARTESIAN_POINT('',(153.497497345772,-63.3370867607251,-10.1052454514987));
#2043=CARTESIAN_POINT('Origin',(154.747497345772,-63.0802900813002,-5.10524545149868));
#2044=CARTESIAN_POINT('',(154.247497345772,-85.3632667957978,-5.10524545149868));
#2045=CARTESIAN_POINT('',(154.247497345772,-63.0802900813002,-5.10524545149868));
#2046=CARTESIAN_POINT('Origin',(154.747497345772,-85.3632667957978,-5.10524545149868));
#2047=CARTESIAN_POINT('Origin',(154.247497345772,-55.485964509801,-10.1052454514987));
#2048=CARTESIAN_POINT('',(154.247497345772,-85.3632667957978,-9.35524545149868));
#2049=CARTESIAN_POINT('',(154.247497345772,-63.3370867607251,-9.35524545149868));
#2050=CARTESIAN_POINT('',(154.247497345772,-85.3632667957978,-10.1052454514987));
#2051=CARTESIAN_POINT('Origin',(154.247497345772,-59.485964509801,-10.1052454514987));
#2052=CARTESIAN_POINT('',(150.247497345772,-59.485964509801,-12.1052454514987));
#2053=CARTESIAN_POINT('Origin',(154.247497345772,-59.485964509801,-12.1052454514987));
#2054=CARTESIAN_POINT('',(150.247497345772,-59.485964509801,-10.1052454514987));
#2055=CARTESIAN_POINT('Origin',(199.000002965331,-60.0000008940697,-10.1052454514987));
#2056=CARTESIAN_POINT('',(201.686525738125,-60.0000008940697,-0.00524545149867883));
#2057=CARTESIAN_POINT('Origin',(199.000002965331,-60.0000008940697,-0.00524545149867883));
#2058=CARTESIAN_POINT('',(201.686525738125,-60.0000008940697,-10.1052454514987));
#2059=CARTESIAN_POINT('Origin',(199.000002965331,-60.0000008940697,-0.00524545149867883));
#2060=CARTESIAN_POINT('Origin',(183.112259902841,-84.5943276895738,-6.60524545149868));
#2061=CARTESIAN_POINT('',(183.447117134124,-85.0943276895738,-6.60524545149868));
#2062=CARTESIAN_POINT('',(183.447117134124,-84.5943276895738,-7.10524545149868));
#2063=CARTESIAN_POINT('Origin',(183.447117134124,-84.5943276895738,-6.60524545149868));
#2064=CARTESIAN_POINT('',(182.095962412136,-84.5943276895738,-7.10524545149868));
#2065=CARTESIAN_POINT('',(183.112259902841,-84.5943276895738,-7.10524545149868));
#2066=CARTESIAN_POINT('',(182.095962412136,-85.0943276895738,-6.60524545149868));
#2067=CARTESIAN_POINT('Origin',(182.095962412136,-84.5943276895738,-6.60524545149868));
#2068=CARTESIAN_POINT('',(183.112259902841,-85.0943276895738,-6.60524545149868));
#2069=CARTESIAN_POINT('Origin',(182.77153977313,-70.9094247037059,-7.10524545149868));
#2070=CARTESIAN_POINT('',(183.447117134124,-57.2245217178379,-7.10524545149868));
#2071=CARTESIAN_POINT('',(183.447117134124,-85.0943276895738,-7.10524545149868));
#2072=CARTESIAN_POINT('',(182.095962412136,-57.2245217178379,-7.10524545149868));
#2073=CARTESIAN_POINT('',(169.207718822684,-57.2245217178379,-7.10524545149868));
#2074=CARTESIAN_POINT('',(182.095962412136,-56.7245217178379,-7.10524545149868));
#2075=CARTESIAN_POINT('Origin',(169.207718822684,-57.2245217178379,-6.60524545149868));
#2076=CARTESIAN_POINT('',(182.095962412136,-56.7245217178379,-6.60524545149868));
#2077=CARTESIAN_POINT('Origin',(182.095962412136,-57.2245217178379,-6.60524545149868));
#2078=CARTESIAN_POINT('',(183.447117134124,-56.7245217178379,-6.60524545149868));
#2079=CARTESIAN_POINT('Origin',(183.447117134124,-57.2245217178379,-6.60524545149868));
#2080=CARTESIAN_POINT('',(169.207718822684,-56.7245217178379,-6.60524545149868));
#2081=CARTESIAN_POINT('Origin',(184.197117134124,-63.9563653647436,-9.35524545149868));
#2082=CARTESIAN_POINT('',(183.447117134124,-85.0943276895738,-9.35524545149868));
#2083=CARTESIAN_POINT('',(183.447117134124,-63.9563653647436,-9.35524545149868));
#2084=CARTESIAN_POINT('Origin',(184.197117134124,-85.0943276895738,-9.35524545149868));
#2085=CARTESIAN_POINT('Origin',(184.202980032552,-78.5257379037235,-9.35524545149868));
#2086=CARTESIAN_POINT('',(183.452980032552,-85.0943276895738,-9.35524545149868));
#2087=CARTESIAN_POINT('Origin',(184.202980032552,-85.0943276895738,-9.35524545149868));
#2088=CARTESIAN_POINT('',(183.452980032552,-78.5257379037235,-9.35524545149868));
#2089=CARTESIAN_POINT('Origin',(154.747497345772,-85.3632667957978,-9.35524545149868));
#2090=CARTESIAN_POINT('Origin',(154.747497345772,-85.3632667957978,-9.35524545149868));
#2091=CARTESIAN_POINT('Origin',(153.497497345772,-85.3632667957978,-9.35524545149868));
#2092=CARTESIAN_POINT('Origin',(153.497497345772,-63.3370867607251,-9.35524545149868));
#2093=CARTESIAN_POINT('Origin',(154.747497345772,-85.3632667957978,-10.1052454514987));
#2094=CARTESIAN_POINT('Origin',(154.747497345772,-85.3632667957978,-5.10524545149868));
#2095=CARTESIAN_POINT('Origin',(182.952980032552,-85.3632667957978,-10.1052454514987));
#2096=CARTESIAN_POINT('',(183.452980032552,-85.3632667957978,-10.1052454514987));
#2097=CARTESIAN_POINT('Origin',(182.952980032552,-85.3632667957978,-5.10524545149868));
#2098=CARTESIAN_POINT('Origin',(183.452980032552,-85.8632667957978,-10.1052454514987));
#2099=CARTESIAN_POINT('',(183.452980032552,-85.0943276895738,-10.1052454514987));
#2100=CARTESIAN_POINT('Origin',(154.747497345772,-85.3632667957978,-5.10524545149868));
#2101=CARTESIAN_POINT('Origin',(154.747497345772,-85.3632667957978,-5.10524545149868));
#2102=CARTESIAN_POINT('Origin',(161.548868017467,-85.3632667957978,-5.10524545149868));
#2103=CARTESIAN_POINT('Origin',(183.447117134124,-56.7245217178379,-10.1052454514987));
#2104=CARTESIAN_POINT('',(183.447117134124,-56.7245217178379,-10.1052454514987));
#2105=CARTESIAN_POINT('',(183.447117134124,-85.0943276895738,-10.1052454514987));
#2106=CARTESIAN_POINT('Origin',(182.095962412136,-56.7245217178379,-10.1052454514987));
#2107=CARTESIAN_POINT('',(182.095962412136,-85.0943276895738,-10.1052454514987));
#2108=CARTESIAN_POINT('',(182.095962412136,-56.7245217178379,-10.1052454514987));
#2109=CARTESIAN_POINT('',(182.095962412136,-63.9563653647436,-10.1052454514987));
#2110=CARTESIAN_POINT('',(182.095962412136,-85.0943276895738,-10.1052454514987));
#2111=CARTESIAN_POINT('',(182.095962412136,-56.7245217178379,-10.1052454514987));
#2112=CARTESIAN_POINT('Origin',(178.783518543354,-71.1882090116492,-10.1052454514987));
#2113=CARTESIAN_POINT('',(155.643897872237,-56.7245217178379,-10.1052454514987));
#2114=CARTESIAN_POINT('',(167.213708207796,-56.7245217178379,-10.1052454514987));
#2115=CARTESIAN_POINT('',(155.643897872237,-85.0943276895738,-10.1052454514987));
#2116=CARTESIAN_POINT('',(155.643897872237,-78.1412683506115,-10.1052454514987));
#2117=CARTESIAN_POINT('',(181.118249287953,-85.0943276895738,-10.1052454514987));
#2118=CARTESIAN_POINT('Origin',(155.643897872237,-56.7245217178379,-10.1052454514987));
#2119=CARTESIAN_POINT('',(155.643897872237,-56.7245217178379,-10.1052454514987));
#2120=CARTESIAN_POINT('Origin',(183.452980032552,-85.0943276895738,-10.1052454514987));
#2121=CARTESIAN_POINT('',(155.643897872237,-85.0943276895738,-10.1052454514987));
#2122=CARTESIAN_POINT('Origin',(155.643897872237,-85.0943276895738,-10.1052454514987));
#2123=CARTESIAN_POINT('Origin',(207.319539740937,-61.985964509801,-10.1052454514987));
#2124=CARTESIAN_POINT('',(207.319539740937,-61.985964509801,-12.1052454514987));
#2125=CARTESIAN_POINT('',(207.319539740937,-61.985964509801,-10.1052454514987));
#2126=CARTESIAN_POINT('',(207.319539740937,-80.3904535134975,-12.1052454514987));
#2127=CARTESIAN_POINT('',(207.319539740937,-80.3904535134975,-10.1052454514987));
#2128=CARTESIAN_POINT('',(207.319539740937,-80.3904535134975,-12.1052454514987));
#2129=CARTESIAN_POINT('Origin',(200.819539740937,-61.985964509801,-10.1052454514987));
#2130=CARTESIAN_POINT('Origin',(200.819539740937,-61.985964509801,-12.1052454514987));
#2131=CARTESIAN_POINT('Origin',(150.247497345772,-82.8904535134974,-10.1052454514987));
#2132=CARTESIAN_POINT('',(150.247497345772,-82.8904535134974,-12.1052454514987));
#2133=CARTESIAN_POINT('',(150.247497345772,-59.485964509801,-12.1052454514987));
#2134=CARTESIAN_POINT('',(150.247497345772,-82.8904535134974,-10.1052454514987));
#2135=CARTESIAN_POINT('Origin',(154.247497345772,-82.8904535134974,-10.1052454514987));
#2136=CARTESIAN_POINT('',(154.247497345772,-86.8904535134975,-12.1052454514987));
#2137=CARTESIAN_POINT('Origin',(154.247497345772,-82.8904535134974,-12.1052454514987));
#2138=CARTESIAN_POINT('',(154.247497345772,-86.8904535134975,-10.1052454514987));
#2139=CARTESIAN_POINT('Origin',(200.819539740937,-86.8904535134975,-10.1052454514987));
#2140=CARTESIAN_POINT('',(200.819539740937,-86.8904535134975,-12.1052454514987));
#2141=CARTESIAN_POINT('',(154.247497345772,-86.8904535134975,-12.1052454514987));
#2142=CARTESIAN_POINT('',(200.819539740937,-86.8904535134975,-10.1052454514987));
#2143=CARTESIAN_POINT('Origin',(200.819539740937,-80.3904535134975,-10.1052454514987));
#2144=CARTESIAN_POINT('Origin',(200.819539740937,-80.3904535134975,-12.1052454514987));
#2145=CARTESIAN_POINT('Origin',(178.783518543354,-71.1882090116492,-12.1052454514987));
#2146=UNCERTAINTY_MEASURE_WITH_UNIT(LENGTH_MEASURE(0.01),#2150,
'DISTANCE_ACCURACY_VALUE',
'Maximum model space distance between geometric entities at asserted c
onnectivities');
#2147=UNCERTAINTY_MEASURE_WITH_UNIT(LENGTH_MEASURE(0.01),#2150,
'DISTANCE_ACCURACY_VALUE',
'Maximum model space distance between geometric entities at asserted c
onnectivities');
#2148=(
GEOMETRIC_REPRESENTATION_CONTEXT(3)
GLOBAL_UNCERTAINTY_ASSIGNED_CONTEXT((#2146))
GLOBAL_UNIT_ASSIGNED_CONTEXT((#2150,#2151,#2152))
REPRESENTATION_CONTEXT('','3D')
);
#2149=(
GEOMETRIC_REPRESENTATION_CONTEXT(3)
GLOBAL_UNCERTAINTY_ASSIGNED_CONTEXT((#2147))
GLOBAL_UNIT_ASSIGNED_CONTEXT((#2150,#2151,#2152))
REPRESENTATION_CONTEXT('','3D')
);
#2150=(
LENGTH_UNIT()
NAMED_UNIT(*)
SI_UNIT(.MILLI.,.METRE.)
);
#2151=(
NAMED_UNIT(*)
PLANE_ANGLE_UNIT()
SI_UNIT($,.RADIAN.)
);
#2152=(
NAMED_UNIT(*)
SI_UNIT($,.STERADIAN.)
SOLID_ANGLE_UNIT()
);
#2153=SHAPE_DEFINITION_REPRESENTATION(#2154,#2155);
#2154=PRODUCT_DEFINITION_SHAPE('',$,#2157);
#2155=SHAPE_REPRESENTATION('',(#1227),#2148);
#2156=PRODUCT_DEFINITION_CONTEXT('part definition',#2161,'design');
#2157=PRODUCT_DEFINITION('Mini pocket thing pcb',
'Mini pocket thing pcb',#2158,#2156);
#2158=PRODUCT_DEFINITION_FORMATION('',$,#2163);
#2159=PRODUCT_RELATED_PRODUCT_CATEGORY('Mini pocket thing pcb',
'Mini pocket thing pcb',(#2163));
#2160=APPLICATION_PROTOCOL_DEFINITION('international standard',
'automotive_design',2009,#2161);
#2161=APPLICATION_CONTEXT(
'Core Data for Automotive Mechanical Design Process');
#2162=PRODUCT_CONTEXT('part definition',#2161,'mechanical');
#2163=PRODUCT('Mini pocket thing pcb','Mini pocket thing pcb',$,(#2162));
#2164=PRESENTATION_STYLE_ASSIGNMENT((#2166));
#2165=PRESENTATION_STYLE_ASSIGNMENT((#2167));
#2166=SURFACE_STYLE_USAGE(.BOTH.,#2168);
#2167=SURFACE_STYLE_USAGE(.BOTH.,#2169);
#2168=SURFACE_SIDE_STYLE('',(#2170));
#2169=SURFACE_SIDE_STYLE('',(#2171));
#2170=SURFACE_STYLE_FILL_AREA(#2172);
#2171=SURFACE_STYLE_FILL_AREA(#2173);
#2172=FILL_AREA_STYLE('Steel - Satin',(#2174));
#2173=FILL_AREA_STYLE('Brass - Polished',(#2175));
#2174=FILL_AREA_STYLE_COLOUR('Steel - Satin',#2176);
#2175=FILL_AREA_STYLE_COLOUR('Brass - Polished',#2177);
#2176=COLOUR_RGB('Steel - Satin',0.627450980392157,0.627450980392157,0.627450980392157);
#2177=COLOUR_RGB('Brass - Polished',0.952941176470588,0.796078431372549,
0.486274509803922);
ENDSEC;
END-ISO-10303-21;
